rank,Category,final_score,skill_match_pct,similarity_pct,matched_count,missing_count,matched_skills,missing_skills
1,AUTOMOBILE,11.03,4.17,21.33,1,23,['r'],"['agile', 'aws', 'azure', 'communication', 'computer vision', 'data analysis', 'data mining', 'data visualization', 'deep learning', 'git', 'machine learning', 'matplotlib', 'neural network', 'nlp', 'numpy', 'pandas', 'python', 'pytorch', 'scikit', 'sql', 'statistics', 'tableau', 'tensorflow']"
2,AUTOMOBILE,10.85,4.17,20.87,1,23,['r'],"['agile', 'aws', 'azure', 'communication', 'computer vision', 'data analysis', 'data mining', 'data visualization', 'deep learning', 'git', 'machine learning', 'matplotlib', 'neural network', 'nlp', 'numpy', 'pandas', 'python', 'pytorch', 'scikit', 'sql', 'statistics', 'tableau', 'tensorflow']"
3,DESIGNER,10.74,4.17,20.6,1,23,['r'],"['agile', 'aws', 'azure', 'communication', 'computer vision', 'data analysis', 'data mining', 'data visualization', 'deep learning', 'git', 'machine learning', 'matplotlib', 'neural network', 'nlp', 'numpy', 'pandas', 'python', 'pytorch', 'scikit', 'sql', 'statistics', 'tableau', 'tensorflow']"
4,APPAREL,10.73,4.17,20.57,1,23,['r'],"['agile', 'aws', 'azure', 'communication', 'computer vision', 'data analysis', 'data mining', 'data visualization', 'deep learning', 'git', 'machine learning', 'matplotlib', 'neural network', 'nlp', 'numpy', 'pandas', 'python', 'pytorch', 'scikit', 'sql', 'statistics', 'tableau', 'tensorflow']"
5,DIGITAL-MEDIA,9.78,4.17,18.19,1,23,['r'],"['agile', 'aws', 'azure', 'communication', 'computer vision', 'data analysis', 'data mining', 'data visualization', 'deep learning', 'git', 'machine learning', 'matplotlib', 'neural network', 'nlp', 'numpy', 'pandas', 'python', 'pytorch', 'scikit', 'sql', 'statistics', 'tableau', 'tensorflow']"
6,HEALTHCARE,9.71,4.17,18.03,1,23,['r'],"['agile', 'aws', 'azure', 'communication', 'computer vision', 'data analysis', 'data mining', 'data visualization', 'deep learning', 'git', 'machine learning', 'matplotlib', 'neural network', 'nlp', 'numpy', 'pandas', 'python', 'pytorch', 'scikit', 'sql', 'statistics', 'tableau', 'tensorflow']"
7,BANKING,9.19,8.33,10.49,2,22,"['communication', 'r']","['agile', 'aws', 'azure', 'computer vision', 'data analysis', 'data mining', 'data visualization', 'deep learning', 'git', 'machine learning', 'matplotlib', 'neural network', 'nlp', 'numpy', 'pandas', 'python', 'pytorch', 'scikit', 'sql', 'statistics', 'tableau', 'tensorflow']"
8,AVIATION,9.01,4.17,16.28,1,23,['r'],"['agile', 'aws', 'azure', 'communication', 'computer vision', 'data analysis', 'data mining', 'data visualization', 'deep learning', 'git', 'machine learning', 'matplotlib', 'neural network', 'nlp', 'numpy', 'pandas', 'python', 'pytorch', 'scikit', 'sql', 'statistics', 'tableau', 'tensorflow']"
9,HEALTHCARE,8.51,4.17,15.02,1,23,['r'],"['agile', 'aws', 'azure', 'communication', 'computer vision', 'data analysis', 'data mining', 'data visualization', 'deep learning', 'git', 'machine learning', 'matplotlib', 'neural network', 'nlp', 'numpy', 'pandas', 'python', 'pytorch', 'scikit', 'sql', 'statistics', 'tableau', 'tensorflow']"
10,INFORMATION-TECHNOLOGY,8.15,8.33,7.88,2,22,"['aws', 'r']","['agile', 'azure', 'communication', 'computer vision', 'data analysis', 'data mining', 'data visualization', 'deep learning', 'git', 'machine learning', 'matplotlib', 'neural network', 'nlp', 'numpy', 'pandas', 'python', 'pytorch', 'scikit', 'sql', 'statistics', 'tableau', 'tensorflow']"
11,ARTS,8.04,4.17,13.85,1,23,['r'],"['agile', 'aws', 'azure', 'communication', 'computer vision', 'data analysis', 'data mining', 'data visualization', 'deep learning', 'git', 'machine learning', 'matplotlib', 'neural network', 'nlp', 'numpy', 'pandas', 'python', 'pytorch', 'scikit', 'sql', 'statistics', 'tableau', 'tensorflow']"
12,INFORMATION-TECHNOLOGY,7.86,4.17,13.39,1,23,['r'],"['agile', 'aws', 'azure', 'communication', 'computer vision', 'data analysis', 'data mining', 'data visualization', 'deep learning', 'git', 'machine learning', 'matplotlib', 'neural network', 'nlp', 'numpy', 'pandas', 'python', 'pytorch', 'scikit', 'sql', 'statistics', 'tableau', 'tensorflow']"
13,AUTOMOBILE,7.83,4.17,13.32,1,23,['r'],"['agile', 'aws', 'azure', 'communication', 'computer vision', 'data analysis', 'data mining', 'data visualization', 'deep learning', 'git', 'machine learning', 'matplotlib', 'neural network', 'nlp', 'numpy', 'pandas', 'python', 'pytorch', 'scikit', 'sql', 'statistics', 'tableau', 'tensorflow']"
14,DIGITAL-MEDIA,7.5,12.5,0.0,3,21,"['communication', 'git', 'r']","['agile', 'aws', 'azure', 'computer vision', 'data analysis', 'data mining', 'data visualization', 'deep learning', 'machine learning', 'matplotlib', 'neural network', 'nlp', 'numpy', 'pandas', 'python', 'pytorch', 'scikit', 'sql', 'statistics', 'tableau', 'tensorflow']"
15,APPAREL,7.07,4.17,11.42,1,23,['r'],"['agile', 'aws', 'azure', 'communication', 'computer vision', 'data analysis', 'data mining', 'data visualization', 'deep learning', 'git', 'machine learning', 'matplotlib', 'neural network', 'nlp', 'numpy', 'pandas', 'python', 'pytorch', 'scikit', 'sql', 'statistics', 'tableau', 'tensorflow']"
16,INFORMATION-TECHNOLOGY,6.87,4.17,10.92,1,23,['r'],"['agile', 'aws', 'azure', 'communication', 'computer vision', 'data analysis', 'data mining', 'data visualization', 'deep learning', 'git', 'machine learning', 'matplotlib', 'neural network', 'nlp', 'numpy', 'pandas', 'python', 'pytorch', 'scikit', 'sql', 'statistics', 'tableau', 'tensorflow']"
17,DIGITAL-MEDIA,6.71,4.17,10.53,1,23,['r'],"['agile', 'aws', 'azure', 'communication', 'computer vision', 'data analysis', 'data mining', 'data visualization', 'deep learning', 'git', 'machine learning', 'matplotlib', 'neural network', 'nlp', 'numpy', 'pandas', 'python', 'pytorch', 'scikit', 'sql', 'statistics', 'tableau', 'tensorflow']"
18,AGRICULTURE,6.69,4.17,10.47,1,23,['r'],"['agile', 'aws', 'azure', 'communication', 'computer vision', 'data analysis', 'data mining', 'data visualization', 'deep learning', 'git', 'machine learning', 'matplotlib', 'neural network', 'nlp', 'numpy', 'pandas', 'python', 'pytorch', 'scikit', 'sql', 'statistics', 'tableau', 'tensorflow']"
19,DIGITAL-MEDIA,6.59,8.33,3.97,2,22,"['git', 'r']","['agile', 'aws', 'azure', 'communication', 'computer vision', 'data analysis', 'data mining', 'data visualization', 'deep learning', 'machine learning', 'matplotlib', 'neural network', 'nlp', 'numpy', 'pandas', 'python', 'pytorch', 'scikit', 'sql', 'statistics', 'tableau', 'tensorflow']"
20,BANKING,6.52,4.17,10.04,1,23,['r'],"['agile', 'aws', 'azure', 'communication', 'computer vision', 'data analysis', 'data mining', 'data visualization', 'deep learning', 'git', 'machine learning', 'matplotlib', 'neural network', 'nlp', 'numpy', 'pandas', 'python', 'pytorch', 'scikit', 'sql', 'statistics', 'tableau', 'tensorflow']"
21,DIGITAL-MEDIA,6.5,8.33,3.75,2,22,"['git', 'r']","['agile', 'aws', 'azure', 'communication', 'computer vision', 'data analysis', 'data mining', 'data visualization', 'deep learning', 'machine learning', 'matplotlib', 'neural network', 'nlp', 'numpy', 'pandas', 'python', 'pytorch', 'scikit', 'sql', 'statistics', 'tableau', 'tensorflow']"
22,SALES,6.24,4.17,9.34,1,23,['r'],"['agile', 'aws', 'azure', 'communication', 'computer vision', 'data analysis', 'data mining', 'data visualization', 'deep learning', 'git', 'machine learning', 'matplotlib', 'neural network', 'nlp', 'numpy', 'pandas', 'python', 'pytorch', 'scikit', 'sql', 'statistics', 'tableau', 'tensorflow']"
23,AVIATION,5.85,4.17,8.38,1,23,['r'],"['agile', 'aws', 'azure', 'communication', 'computer vision', 'data analysis', 'data mining', 'data visualization', 'deep learning', 'git', 'machine learning', 'matplotlib', 'neural network', 'nlp', 'numpy', 'pandas', 'python', 'pytorch', 'scikit', 'sql', 'statistics', 'tableau', 'tensorflow']"
24,APPAREL,5.85,4.17,8.38,1,23,['r'],"['agile', 'aws', 'azure', 'communication', 'computer vision', 'data analysis', 'data mining', 'data visualization', 'deep learning', 'git', 'machine learning', 'matplotlib', 'neural network', 'nlp', 'numpy', 'pandas', 'python', 'pytorch', 'scikit', 'sql', 'statistics', 'tableau', 'tensorflow']"
25,CONSULTANT,5.77,4.17,8.17,1,23,['r'],"['agile', 'aws', 'azure', 'communication', 'computer vision', 'data analysis', 'data mining', 'data visualization', 'deep learning', 'git', 'machine learning', 'matplotlib', 'neural network', 'nlp', 'numpy', 'pandas', 'python', 'pytorch', 'scikit', 'sql', 'statistics', 'tableau', 'tensorflow']"
26,HEALTHCARE,5.73,4.17,8.07,1,23,['r'],"['agile', 'aws', 'azure', 'communication', 'computer vision', 'data analysis', 'data mining', 'data visualization', 'deep learning', 'git', 'machine learning', 'matplotlib', 'neural network', 'nlp', 'numpy', 'pandas', 'python', 'pytorch', 'scikit', 'sql', 'statistics', 'tableau', 'tensorflow']"
27,AVIATION,5.66,4.17,7.89,1,23,['r'],"['agile', 'aws', 'azure', 'communication', 'computer vision', 'data analysis', 'data mining', 'data visualization', 'deep learning', 'git', 'machine learning', 'matplotlib', 'neural network', 'nlp', 'numpy', 'pandas', 'python', 'pytorch', 'scikit', 'sql', 'statistics', 'tableau', 'tensorflow']"
28,BPO,5.63,4.17,7.82,1,23,['r'],"['agile', 'aws', 'azure', 'communication', 'computer vision', 'data analysis', 'data mining', 'data visualization', 'deep learning', 'git', 'machine learning', 'matplotlib', 'neural network', 'nlp', 'numpy', 'pandas', 'python', 'pytorch', 'scikit', 'sql', 'statistics', 'tableau', 'tensorflow']"
29,CONSULTANT,5.59,4.17,7.73,1,23,['r'],"['agile', 'aws', 'azure', 'communication', 'computer vision', 'data analysis', 'data mining', 'data visualization', 'deep learning', 'git', 'machine learning', 'matplotlib', 'neural network', 'nlp', 'numpy', 'pandas', 'python', 'pytorch', 'scikit', 'sql', 'statistics', 'tableau', 'tensorflow']"
30,ARTS,5.57,4.17,7.66,1,23,['r'],"['agile', 'aws', 'azure', 'communication', 'computer vision', 'data analysis', 'data mining', 'data visualization', 'deep learning', 'git', 'machine learning', 'matplotlib', 'neural network', 'nlp', 'numpy', 'pandas', 'python', 'pytorch', 'scikit', 'sql', 'statistics', 'tableau', 'tensorflow']"
31,INFORMATION-TECHNOLOGY,5.54,4.17,7.6,1,23,['r'],"['agile', 'aws', 'azure', 'communication', 'computer vision', 'data analysis', 'data mining', 'data visualization', 'deep learning', 'git', 'machine learning', 'matplotlib', 'neural network', 'nlp', 'numpy', 'pandas', 'python', 'pytorch', 'scikit', 'sql', 'statistics', 'tableau', 'tensorflow']"
32,FINANCE,5.45,4.17,7.37,1,23,['r'],"['agile', 'aws', 'azure', 'communication', 'computer vision', 'data analysis', 'data mining', 'data visualization', 'deep learning', 'git', 'machine learning', 'matplotlib', 'neural network', 'nlp', 'numpy', 'pandas', 'python', 'pytorch', 'scikit', 'sql', 'statistics', 'tableau', 'tensorflow']"
33,CONSULTANT,5.41,4.17,7.28,1,23,['r'],"['agile', 'aws', 'azure', 'communication', 'computer vision', 'data analysis', 'data mining', 'data visualization', 'deep learning', 'git', 'machine learning', 'matplotlib', 'neural network', 'nlp', 'numpy', 'pandas', 'python', 'pytorch', 'scikit', 'sql', 'statistics', 'tableau', 'tensorflow']"
34,CONSULTANT,5.38,4.17,7.2,1,23,['r'],"['agile', 'aws', 'azure', 'communication', 'computer vision', 'data analysis', 'data mining', 'data visualization', 'deep learning', 'git', 'machine learning', 'matplotlib', 'neural network', 'nlp', 'numpy', 'pandas', 'python', 'pytorch', 'scikit', 'sql', 'statistics', 'tableau', 'tensorflow']"
35,CONSULTANT,5.38,4.17,7.2,1,23,['r'],"['agile', 'aws', 'azure', 'communication', 'computer vision', 'data analysis', 'data mining', 'data visualization', 'deep learning', 'git', 'machine learning', 'matplotlib', 'neural network', 'nlp', 'numpy', 'pandas', 'python', 'pytorch', 'scikit', 'sql', 'statistics', 'tableau', 'tensorflow']"
36,ENGINEERING,5.37,4.17,7.16,1,23,['r'],"['agile', 'aws', 'azure', 'communication', 'computer vision', 'data analysis', 'data mining', 'data visualization', 'deep learning', 'git', 'machine learning', 'matplotlib', 'neural network', 'nlp', 'numpy', 'pandas', 'python', 'pytorch', 'scikit', 'sql', 'statistics', 'tableau', 'tensorflow']"
37,HEALTHCARE,5.37,4.17,7.16,1,23,['r'],"['agile', 'aws', 'azure', 'communication', 'computer vision', 'data analysis', 'data mining', 'data visualization', 'deep learning', 'git', 'machine learning', 'matplotlib', 'neural network', 'nlp', 'numpy', 'pandas', 'python', 'pytorch', 'scikit', 'sql', 'statistics', 'tableau', 'tensorflow']"
38,FINANCE,5.31,4.17,7.03,1,23,['r'],"['agile', 'aws', 'azure', 'communication', 'computer vision', 'data analysis', 'data mining', 'data visualization', 'deep learning', 'git', 'machine learning', 'matplotlib', 'neural network', 'nlp', 'numpy', 'pandas', 'python', 'pytorch', 'scikit', 'sql', 'statistics', 'tableau', 'tensorflow']"
39,CHEF,5.25,4.17,6.86,1,23,['r'],"['agile', 'aws', 'azure', 'communication', 'computer vision', 'data analysis', 'data mining', 'data visualization', 'deep learning', 'git', 'machine learning', 'matplotlib', 'neural network', 'nlp', 'numpy', 'pandas', 'python', 'pytorch', 'scikit', 'sql', 'statistics', 'tableau', 'tensorflow']"
40,ENGINEERING,5.24,4.17,6.85,1,23,['r'],"['agile', 'aws', 'azure', 'communication', 'computer vision', 'data analysis', 'data mining', 'data visualization', 'deep learning', 'git', 'machine learning', 'matplotlib', 'neural network', 'nlp', 'numpy', 'pandas', 'python', 'pytorch', 'scikit', 'sql', 'statistics', 'tableau', 'tensorflow']"
41,ADVOCATE,5.17,4.17,6.66,1,23,['r'],"['agile', 'aws', 'azure', 'communication', 'computer vision', 'data analysis', 'data mining', 'data visualization', 'deep learning', 'git', 'machine learning', 'matplotlib', 'neural network', 'nlp', 'numpy', 'pandas', 'python', 'pytorch', 'scikit', 'sql', 'statistics', 'tableau', 'tensorflow']"
42,SALES,5.11,4.17,6.53,1,23,['r'],"['agile', 'aws', 'azure', 'communication', 'computer vision', 'data analysis', 'data mining', 'data visualization', 'deep learning', 'git', 'machine learning', 'matplotlib', 'neural network', 'nlp', 'numpy', 'pandas', 'python', 'pytorch', 'scikit', 'sql', 'statistics', 'tableau', 'tensorflow']"
43,SALES,5.09,4.17,6.48,1,23,['r'],"['agile', 'aws', 'azure', 'communication', 'computer vision', 'data analysis', 'data mining', 'data visualization', 'deep learning', 'git', 'machine learning', 'matplotlib', 'neural network', 'nlp', 'numpy', 'pandas', 'python', 'pytorch', 'scikit', 'sql', 'statistics', 'tableau', 'tensorflow']"
44,CONSTRUCTION,5.09,4.17,6.46,1,23,['r'],"['agile', 'aws', 'azure', 'communication', 'computer vision', 'data analysis', 'data mining', 'data visualization', 'deep learning', 'git', 'machine learning', 'matplotlib', 'neural network', 'nlp', 'numpy', 'pandas', 'python', 'pytorch', 'scikit', 'sql', 'statistics', 'tableau', 'tensorflow']"
45,DIGITAL-MEDIA,5.08,4.17,6.44,1,23,['r'],"['agile', 'aws', 'azure', 'communication', 'computer vision', 'data analysis', 'data mining', 'data visualization', 'deep learning', 'git', 'machine learning', 'matplotlib', 'neural network', 'nlp', 'numpy', 'pandas', 'python', 'pytorch', 'scikit', 'sql', 'statistics', 'tableau', 'tensorflow']"
46,BANKING,5.05,4.17,6.36,1,23,['r'],"['agile', 'aws', 'azure', 'communication', 'computer vision', 'data analysis', 'data mining', 'data visualization', 'deep learning', 'git', 'machine learning', 'matplotlib', 'neural network', 'nlp', 'numpy', 'pandas', 'python', 'pytorch', 'scikit', 'sql', 'statistics', 'tableau', 'tensorflow']"
47,SALES,5.03,4.17,6.33,1,23,['r'],"['agile', 'aws', 'azure', 'communication', 'computer vision', 'data analysis', 'data mining', 'data visualization', 'deep learning', 'git', 'machine learning', 'matplotlib', 'neural network', 'nlp', 'numpy', 'pandas', 'python', 'pytorch', 'scikit', 'sql', 'statistics', 'tableau', 'tensorflow']"
48,SALES,5.03,4.17,6.33,1,23,['r'],"['agile', 'aws', 'azure', 'communication', 'computer vision', 'data analysis', 'data mining', 'data visualization', 'deep learning', 'git', 'machine learning', 'matplotlib', 'neural network', 'nlp', 'numpy', 'pandas', 'python', 'pytorch', 'scikit', 'sql', 'statistics', 'tableau', 'tensorflow']"
49,DIGITAL-MEDIA,5.0,8.33,0.0,2,22,"['git', 'r']","['agile', 'aws', 'azure', 'communication', 'computer vision', 'data analysis', 'data mining', 'data visualization', 'deep learning', 'machine learning', 'matplotlib', 'neural network', 'nlp', 'numpy', 'pandas', 'python', 'pytorch', 'scikit', 'sql', 'statistics', 'tableau', 'tensorflow']"
50,DIGITAL-MEDIA,5.0,8.33,0.0,2,22,"['git', 'r']","['agile', 'aws', 'azure', 'communication', 'computer vision', 'data analysis', 'data mining', 'data visualization', 'deep learning', 'machine learning', 'matplotlib', 'neural network', 'nlp', 'numpy', 'pandas', 'python', 'pytorch', 'scikit', 'sql', 'statistics', 'tableau', 'tensorflow']"
51,DIGITAL-MEDIA,5.0,8.33,0.0,2,22,"['git', 'r']","['agile', 'aws', 'azure', 'communication', 'computer vision', 'data analysis', 'data mining', 'data visualization', 'deep learning', 'machine learning', 'matplotlib', 'neural network', 'nlp', 'numpy', 'pandas', 'python', 'pytorch', 'scikit', 'sql', 'statistics', 'tableau', 'tensorflow']"
52,DIGITAL-MEDIA,5.0,8.33,0.0,2,22,"['git', 'r']","['agile', 'aws', 'azure', 'communication', 'computer vision', 'data analysis', 'data mining', 'data visualization', 'deep learning', 'machine learning', 'matplotlib', 'neural network', 'nlp', 'numpy', 'pandas', 'python', 'pytorch', 'scikit', 'sql', 'statistics', 'tableau', 'tensorflow']"
53,DIGITAL-MEDIA,5.0,8.33,0.0,2,22,"['git', 'r']","['agile', 'aws', 'azure', 'communication', 'computer vision', 'data analysis', 'data mining', 'data visualization', 'deep learning', 'machine learning', 'matplotlib', 'neural network', 'nlp', 'numpy', 'pandas', 'python', 'pytorch', 'scikit', 'sql', 'statistics', 'tableau', 'tensorflow']"
54,DIGITAL-MEDIA,5.0,8.33,0.0,2,22,"['git', 'r']","['agile', 'aws', 'azure', 'communication', 'computer vision', 'data analysis', 'data mining', 'data visualization', 'deep learning', 'machine learning', 'matplotlib', 'neural network', 'nlp', 'numpy', 'pandas', 'python', 'pytorch', 'scikit', 'sql', 'statistics', 'tableau', 'tensorflow']"
55,AGRICULTURE,5.0,8.33,0.0,2,22,"['communication', 'r']","['agile', 'aws', 'azure', 'computer vision', 'data analysis', 'data mining', 'data visualization', 'deep learning', 'git', 'machine learning', 'matplotlib', 'neural network', 'nlp', 'numpy', 'pandas', 'python', 'pytorch', 'scikit', 'sql', 'statistics', 'tableau', 'tensorflow']"
56,ADVOCATE,5.0,8.33,0.0,2,22,"['git', 'r']","['agile', 'aws', 'azure', 'communication', 'computer vision', 'data analysis', 'data mining', 'data visualization', 'deep learning', 'machine learning', 'matplotlib', 'neural network', 'nlp', 'numpy', 'pandas', 'python', 'pytorch', 'scikit', 'sql', 'statistics', 'tableau', 'tensorflow']"
57,DESIGNER,5.0,8.33,0.0,2,22,"['git', 'r']","['agile', 'aws', 'azure', 'communication', 'computer vision', 'data analysis', 'data mining', 'data visualization', 'deep learning', 'machine learning', 'matplotlib', 'neural network', 'nlp', 'numpy', 'pandas', 'python', 'pytorch', 'scikit', 'sql', 'statistics', 'tableau', 'tensorflow']"
58,HEALTHCARE,5.0,4.17,6.25,1,23,['r'],"['agile', 'aws', 'azure', 'communication', 'computer vision', 'data analysis', 'data mining', 'data visualization', 'deep learning', 'git', 'machine learning', 'matplotlib', 'neural network', 'nlp', 'numpy', 'pandas', 'python', 'pytorch', 'scikit', 'sql', 'statistics', 'tableau', 'tensorflow']"
59,DESIGNER,5.0,8.33,0.0,2,22,"['git', 'r']","['agile', 'aws', 'azure', 'communication', 'computer vision', 'data analysis', 'data mining', 'data visualization', 'deep learning', 'machine learning', 'matplotlib', 'neural network', 'nlp', 'numpy', 'pandas', 'python', 'pytorch', 'scikit', 'sql', 'statistics', 'tableau', 'tensorflow']"
60,FITNESS,5.0,8.33,0.0,2,22,"['git', 'r']","['agile', 'aws', 'azure', 'communication', 'computer vision', 'data analysis', 'data mining', 'data visualization', 'deep learning', 'machine learning', 'matplotlib', 'neural network', 'nlp', 'numpy', 'pandas', 'python', 'pytorch', 'scikit', 'sql', 'statistics', 'tableau', 'tensorflow']"
61,HEALTHCARE,5.0,8.33,0.0,2,22,"['git', 'r']","['agile', 'aws', 'azure', 'communication', 'computer vision', 'data analysis', 'data mining', 'data visualization', 'deep learning', 'machine learning', 'matplotlib', 'neural network', 'nlp', 'numpy', 'pandas', 'python', 'pytorch', 'scikit', 'sql', 'statistics', 'tableau', 'tensorflow']"
62,CONSULTANT,5.0,8.33,0.0,2,22,"['communication', 'r']","['agile', 'aws', 'azure', 'computer vision', 'data analysis', 'data mining', 'data visualization', 'deep learning', 'git', 'machine learning', 'matplotlib', 'neural network', 'nlp', 'numpy', 'pandas', 'python', 'pytorch', 'scikit', 'sql', 'statistics', 'tableau', 'tensorflow']"
63,PUBLIC-RELATIONS,5.0,8.33,0.0,2,22,"['communication', 'r']","['agile', 'aws', 'azure', 'computer vision', 'data analysis', 'data mining', 'data visualization', 'deep learning', 'git', 'machine learning', 'matplotlib', 'neural network', 'nlp', 'numpy', 'pandas', 'python', 'pytorch', 'scikit', 'sql', 'statistics', 'tableau', 'tensorflow']"
64,PUBLIC-RELATIONS,5.0,8.33,0.0,2,22,"['communication', 'r']","['agile', 'aws', 'azure', 'computer vision', 'data analysis', 'data mining', 'data visualization', 'deep learning', 'git', 'machine learning', 'matplotlib', 'neural network', 'nlp', 'numpy', 'pandas', 'python', 'pytorch', 'scikit', 'sql', 'statistics', 'tableau', 'tensorflow']"
65,PUBLIC-RELATIONS,5.0,8.33,0.0,2,22,"['communication', 'r']","['agile', 'aws', 'azure', 'computer vision', 'data analysis', 'data mining', 'data visualization', 'deep learning', 'git', 'machine learning', 'matplotlib', 'neural network', 'nlp', 'numpy', 'pandas', 'python', 'pytorch', 'scikit', 'sql', 'statistics', 'tableau', 'tensorflow']"
66,PUBLIC-RELATIONS,5.0,8.33,0.0,2,22,"['communication', 'r']","['agile', 'aws', 'azure', 'computer vision', 'data analysis', 'data mining', 'data visualization', 'deep learning', 'git', 'machine learning', 'matplotlib', 'neural network', 'nlp', 'numpy', 'pandas', 'python', 'pytorch', 'scikit', 'sql', 'statistics', 'tableau', 'tensorflow']"
67,DIGITAL-MEDIA,5.0,8.33,0.0,2,22,"['git', 'r']","['agile', 'aws', 'azure', 'communication', 'computer vision', 'data analysis', 'data mining', 'data visualization', 'deep learning', 'machine learning', 'matplotlib', 'neural network', 'nlp', 'numpy', 'pandas', 'python', 'pytorch', 'scikit', 'sql', 'statistics', 'tableau', 'tensorflow']"
68,DIGITAL-MEDIA,5.0,8.33,0.0,2,22,"['git', 'r']","['agile', 'aws', 'azure', 'communication', 'computer vision', 'data analysis', 'data mining', 'data visualization', 'deep learning', 'machine learning', 'matplotlib', 'neural network', 'nlp', 'numpy', 'pandas', 'python', 'pytorch', 'scikit', 'sql', 'statistics', 'tableau', 'tensorflow']"
69,DIGITAL-MEDIA,5.0,8.33,0.0,2,22,"['git', 'r']","['agile', 'aws', 'azure', 'communication', 'computer vision', 'data analysis', 'data mining', 'data visualization', 'deep learning', 'machine learning', 'matplotlib', 'neural network', 'nlp', 'numpy', 'pandas', 'python', 'pytorch', 'scikit', 'sql', 'statistics', 'tableau', 'tensorflow']"
70,DIGITAL-MEDIA,5.0,8.33,0.0,2,22,"['git', 'r']","['agile', 'aws', 'azure', 'communication', 'computer vision', 'data analysis', 'data mining', 'data visualization', 'deep learning', 'machine learning', 'matplotlib', 'neural network', 'nlp', 'numpy', 'pandas', 'python', 'pytorch', 'scikit', 'sql', 'statistics', 'tableau', 'tensorflow']"
71,DIGITAL-MEDIA,5.0,8.33,0.0,2,22,"['git', 'r']","['agile', 'aws', 'azure', 'communication', 'computer vision', 'data analysis', 'data mining', 'data visualization', 'deep learning', 'machine learning', 'matplotlib', 'neural network', 'nlp', 'numpy', 'pandas', 'python', 'pytorch', 'scikit', 'sql', 'statistics', 'tableau', 'tensorflow']"
72,DIGITAL-MEDIA,5.0,8.33,0.0,2,22,"['git', 'r']","['agile', 'aws', 'azure', 'communication', 'computer vision', 'data analysis', 'data mining', 'data visualization', 'deep learning', 'machine learning', 'matplotlib', 'neural network', 'nlp', 'numpy', 'pandas', 'python', 'pytorch', 'scikit', 'sql', 'statistics', 'tableau', 'tensorflow']"
73,DIGITAL-MEDIA,5.0,8.33,0.0,2,22,"['git', 'r']","['agile', 'aws', 'azure', 'communication', 'computer vision', 'data analysis', 'data mining', 'data visualization', 'deep learning', 'machine learning', 'matplotlib', 'neural network', 'nlp', 'numpy', 'pandas', 'python', 'pytorch', 'scikit', 'sql', 'statistics', 'tableau', 'tensorflow']"
74,DIGITAL-MEDIA,5.0,8.33,0.0,2,22,"['git', 'r']","['agile', 'aws', 'azure', 'communication', 'computer vision', 'data analysis', 'data mining', 'data visualization', 'deep learning', 'machine learning', 'matplotlib', 'neural network', 'nlp', 'numpy', 'pandas', 'python', 'pytorch', 'scikit', 'sql', 'statistics', 'tableau', 'tensorflow']"
75,AVIATION,5.0,8.33,0.0,2,22,"['communication', 'r']","['agile', 'aws', 'azure', 'computer vision', 'data analysis', 'data mining', 'data visualization', 'deep learning', 'git', 'machine learning', 'matplotlib', 'neural network', 'nlp', 'numpy', 'pandas', 'python', 'pytorch', 'scikit', 'sql', 'statistics', 'tableau', 'tensorflow']"
76,DIGITAL-MEDIA,5.0,8.33,0.0,2,22,"['git', 'r']","['agile', 'aws', 'azure', 'communication', 'computer vision', 'data analysis', 'data mining', 'data visualization', 'deep learning', 'machine learning', 'matplotlib', 'neural network', 'nlp', 'numpy', 'pandas', 'python', 'pytorch', 'scikit', 'sql', 'statistics', 'tableau', 'tensorflow']"
77,DIGITAL-MEDIA,5.0,8.33,0.0,2,22,"['git', 'r']","['agile', 'aws', 'azure', 'communication', 'computer vision', 'data analysis', 'data mining', 'data visualization', 'deep learning', 'machine learning', 'matplotlib', 'neural network', 'nlp', 'numpy', 'pandas', 'python', 'pytorch', 'scikit', 'sql', 'statistics', 'tableau', 'tensorflow']"
78,DIGITAL-MEDIA,5.0,8.33,0.0,2,22,"['git', 'r']","['agile', 'aws', 'azure', 'communication', 'computer vision', 'data analysis', 'data mining', 'data visualization', 'deep learning', 'machine learning', 'matplotlib', 'neural network', 'nlp', 'numpy', 'pandas', 'python', 'pytorch', 'scikit', 'sql', 'statistics', 'tableau', 'tensorflow']"
79,DIGITAL-MEDIA,5.0,8.33,0.0,2,22,"['git', 'r']","['agile', 'aws', 'azure', 'communication', 'computer vision', 'data analysis', 'data mining', 'data visualization', 'deep learning', 'machine learning', 'matplotlib', 'neural network', 'nlp', 'numpy', 'pandas', 'python', 'pytorch', 'scikit', 'sql', 'statistics', 'tableau', 'tensorflow']"
80,DIGITAL-MEDIA,5.0,8.33,0.0,2,22,"['git', 'r']","['agile', 'aws', 'azure', 'communication', 'computer vision', 'data analysis', 'data mining', 'data visualization', 'deep learning', 'machine learning', 'matplotlib', 'neural network', 'nlp', 'numpy', 'pandas', 'python', 'pytorch', 'scikit', 'sql', 'statistics', 'tableau', 'tensorflow']"
81,DIGITAL-MEDIA,5.0,8.33,0.0,2,22,"['git', 'r']","['agile', 'aws', 'azure', 'communication', 'computer vision', 'data analysis', 'data mining', 'data visualization', 'deep learning', 'machine learning', 'matplotlib', 'neural network', 'nlp', 'numpy', 'pandas', 'python', 'pytorch', 'scikit', 'sql', 'statistics', 'tableau', 'tensorflow']"
82,DIGITAL-MEDIA,5.0,8.33,0.0,2,22,"['git', 'r']","['agile', 'aws', 'azure', 'communication', 'computer vision', 'data analysis', 'data mining', 'data visualization', 'deep learning', 'machine learning', 'matplotlib', 'neural network', 'nlp', 'numpy', 'pandas', 'python', 'pytorch', 'scikit', 'sql', 'statistics', 'tableau', 'tensorflow']"
83,PUBLIC-RELATIONS,5.0,8.33,0.0,2,22,"['communication', 'r']","['agile', 'aws', 'azure', 'computer vision', 'data analysis', 'data mining', 'data visualization', 'deep learning', 'git', 'machine learning', 'matplotlib', 'neural network', 'nlp', 'numpy', 'pandas', 'python', 'pytorch', 'scikit', 'sql', 'statistics', 'tableau', 'tensorflow']"
84,DIGITAL-MEDIA,5.0,8.33,0.0,2,22,"['git', 'r']","['agile', 'aws', 'azure', 'communication', 'computer vision', 'data analysis', 'data mining', 'data visualization', 'deep learning', 'machine learning', 'matplotlib', 'neural network', 'nlp', 'numpy', 'pandas', 'python', 'pytorch', 'scikit', 'sql', 'statistics', 'tableau', 'tensorflow']"
85,DIGITAL-MEDIA,5.0,8.33,0.0,2,22,"['git', 'r']","['agile', 'aws', 'azure', 'communication', 'computer vision', 'data analysis', 'data mining', 'data visualization', 'deep learning', 'machine learning', 'matplotlib', 'neural network', 'nlp', 'numpy', 'pandas', 'python', 'pytorch', 'scikit', 'sql', 'statistics', 'tableau', 'tensorflow']"
86,DIGITAL-MEDIA,5.0,8.33,0.0,2,22,"['git', 'r']","['agile', 'aws', 'azure', 'communication', 'computer vision', 'data analysis', 'data mining', 'data visualization', 'deep learning', 'machine learning', 'matplotlib', 'neural network', 'nlp', 'numpy', 'pandas', 'python', 'pytorch', 'scikit', 'sql', 'statistics', 'tableau', 'tensorflow']"
87,DIGITAL-MEDIA,5.0,8.33,0.0,2,22,"['git', 'r']","['agile', 'aws', 'azure', 'communication', 'computer vision', 'data analysis', 'data mining', 'data visualization', 'deep learning', 'machine learning', 'matplotlib', 'neural network', 'nlp', 'numpy', 'pandas', 'python', 'pytorch', 'scikit', 'sql', 'statistics', 'tableau', 'tensorflow']"
88,DIGITAL-MEDIA,5.0,8.33,0.0,2,22,"['git', 'r']","['agile', 'aws', 'azure', 'communication', 'computer vision', 'data analysis', 'data mining', 'data visualization', 'deep learning', 'machine learning', 'matplotlib', 'neural network', 'nlp', 'numpy', 'pandas', 'python', 'pytorch', 'scikit', 'sql', 'statistics', 'tableau', 'tensorflow']"
89,DIGITAL-MEDIA,5.0,8.33,0.0,2,22,"['git', 'r']","['agile', 'aws', 'azure', 'communication', 'computer vision', 'data analysis', 'data mining', 'data visualization', 'deep learning', 'machine learning', 'matplotlib', 'neural network', 'nlp', 'numpy', 'pandas', 'python', 'pytorch', 'scikit', 'sql', 'statistics', 'tableau', 'tensorflow']"
90,DIGITAL-MEDIA,5.0,8.33,0.0,2,22,"['git', 'r']","['agile', 'aws', 'azure', 'communication', 'computer vision', 'data analysis', 'data mining', 'data visualization', 'deep learning', 'machine learning', 'matplotlib', 'neural network', 'nlp', 'numpy', 'pandas', 'python', 'pytorch', 'scikit', 'sql', 'statistics', 'tableau', 'tensorflow']"
91,DIGITAL-MEDIA,5.0,8.33,0.0,2,22,"['communication', 'r']","['agile', 'aws', 'azure', 'computer vision', 'data analysis', 'data mining', 'data visualization', 'deep learning', 'git', 'machine learning', 'matplotlib', 'neural network', 'nlp', 'numpy', 'pandas', 'python', 'pytorch', 'scikit', 'sql', 'statistics', 'tableau', 'tensorflow']"
92,DIGITAL-MEDIA,5.0,8.33,0.0,2,22,"['git', 'r']","['agile', 'aws', 'azure', 'communication', 'computer vision', 'data analysis', 'data mining', 'data visualization', 'deep learning', 'machine learning', 'matplotlib', 'neural network', 'nlp', 'numpy', 'pandas', 'python', 'pytorch', 'scikit', 'sql', 'statistics', 'tableau', 'tensorflow']"
93,DIGITAL-MEDIA,5.0,8.33,0.0,2,22,"['git', 'r']","['agile', 'aws', 'azure', 'communication', 'computer vision', 'data analysis', 'data mining', 'data visualization', 'deep learning', 'machine learning', 'matplotlib', 'neural network', 'nlp', 'numpy', 'pandas', 'python', 'pytorch', 'scikit', 'sql', 'statistics', 'tableau', 'tensorflow']"
94,DIGITAL-MEDIA,5.0,8.33,0.0,2,22,"['git', 'r']","['agile', 'aws', 'azure', 'communication', 'computer vision', 'data analysis', 'data mining', 'data visualization', 'deep learning', 'machine learning', 'matplotlib', 'neural network', 'nlp', 'numpy', 'pandas', 'python', 'pytorch', 'scikit', 'sql', 'statistics', 'tableau', 'tensorflow']"
95,PUBLIC-RELATIONS,5.0,8.33,0.0,2,22,"['communication', 'r']","['agile', 'aws', 'azure', 'computer vision', 'data analysis', 'data mining', 'data visualization', 'deep learning', 'git', 'machine learning', 'matplotlib', 'neural network', 'nlp', 'numpy', 'pandas', 'python', 'pytorch', 'scikit', 'sql', 'statistics', 'tableau', 'tensorflow']"
96,PUBLIC-RELATIONS,5.0,8.33,0.0,2,22,"['communication', 'r']","['agile', 'aws', 'azure', 'computer vision', 'data analysis', 'data mining', 'data visualization', 'deep learning', 'git', 'machine learning', 'matplotlib', 'neural network', 'nlp', 'numpy', 'pandas', 'python', 'pytorch', 'scikit', 'sql', 'statistics', 'tableau', 'tensorflow']"
97,DIGITAL-MEDIA,5.0,8.33,0.0,2,22,"['git', 'r']","['agile', 'aws', 'azure', 'communication', 'computer vision', 'data analysis', 'data mining', 'data visualization', 'deep learning', 'machine learning', 'matplotlib', 'neural network', 'nlp', 'numpy', 'pandas', 'python', 'pytorch', 'scikit', 'sql', 'statistics', 'tableau', 'tensorflow']"
98,AGRICULTURE,5.0,8.33,0.0,2,22,"['communication', 'r']","['agile', 'aws', 'azure', 'computer vision', 'data analysis', 'data mining', 'data visualization', 'deep learning', 'git', 'machine learning', 'matplotlib', 'neural network', 'nlp', 'numpy', 'pandas', 'python', 'pytorch', 'scikit', 'sql', 'statistics', 'tableau', 'tensorflow']"
99,PUBLIC-RELATIONS,5.0,8.33,0.0,2,22,"['communication', 'r']","['agile', 'aws', 'azure', 'computer vision', 'data analysis', 'data mining', 'data visualization', 'deep learning', 'git', 'machine learning', 'matplotlib', 'neural network', 'nlp', 'numpy', 'pandas', 'python', 'pytorch', 'scikit', 'sql', 'statistics', 'tableau', 'tensorflow']"
100,DIGITAL-MEDIA,5.0,8.33,0.0,2,22,"['git', 'r']","['agile', 'aws', 'azure', 'communication', 'computer vision', 'data analysis', 'data mining', 'data visualization', 'deep learning', 'machine learning', 'matplotlib', 'neural network', 'nlp', 'numpy', 'pandas', 'python', 'pytorch', 'scikit', 'sql', 'statistics', 'tableau', 'tensorflow']"
101,DIGITAL-MEDIA,5.0,8.33,0.0,2,22,"['git', 'r']","['agile', 'aws', 'azure', 'communication', 'computer vision', 'data analysis', 'data mining', 'data visualization', 'deep learning', 'machine learning', 'matplotlib', 'neural network', 'nlp', 'numpy', 'pandas', 'python', 'pytorch', 'scikit', 'sql', 'statistics', 'tableau', 'tensorflow']"
102,PUBLIC-RELATIONS,5.0,8.33,0.0,2,22,"['communication', 'r']","['agile', 'aws', 'azure', 'computer vision', 'data analysis', 'data mining', 'data visualization', 'deep learning', 'git', 'machine learning', 'matplotlib', 'neural network', 'nlp', 'numpy', 'pandas', 'python', 'pytorch', 'scikit', 'sql', 'statistics', 'tableau', 'tensorflow']"
103,DIGITAL-MEDIA,5.0,8.33,0.0,2,22,"['git', 'r']","['agile', 'aws', 'azure', 'communication', 'computer vision', 'data analysis', 'data mining', 'data visualization', 'deep learning', 'machine learning', 'matplotlib', 'neural network', 'nlp', 'numpy', 'pandas', 'python', 'pytorch', 'scikit', 'sql', 'statistics', 'tableau', 'tensorflow']"
104,DIGITAL-MEDIA,5.0,8.33,0.0,2,22,"['git', 'r']","['agile', 'aws', 'azure', 'communication', 'computer vision', 'data analysis', 'data mining', 'data visualization', 'deep learning', 'machine learning', 'matplotlib', 'neural network', 'nlp', 'numpy', 'pandas', 'python', 'pytorch', 'scikit', 'sql', 'statistics', 'tableau', 'tensorflow']"
105,DIGITAL-MEDIA,5.0,8.33,0.0,2,22,"['git', 'r']","['agile', 'aws', 'azure', 'communication', 'computer vision', 'data analysis', 'data mining', 'data visualization', 'deep learning', 'machine learning', 'matplotlib', 'neural network', 'nlp', 'numpy', 'pandas', 'python', 'pytorch', 'scikit', 'sql', 'statistics', 'tableau', 'tensorflow']"
106,DIGITAL-MEDIA,5.0,8.33,0.0,2,22,"['git', 'r']","['agile', 'aws', 'azure', 'communication', 'computer vision', 'data analysis', 'data mining', 'data visualization', 'deep learning', 'machine learning', 'matplotlib', 'neural network', 'nlp', 'numpy', 'pandas', 'python', 'pytorch', 'scikit', 'sql', 'statistics', 'tableau', 'tensorflow']"
107,DIGITAL-MEDIA,5.0,8.33,0.0,2,22,"['git', 'r']","['agile', 'aws', 'azure', 'communication', 'computer vision', 'data analysis', 'data mining', 'data visualization', 'deep learning', 'machine learning', 'matplotlib', 'neural network', 'nlp', 'numpy', 'pandas', 'python', 'pytorch', 'scikit', 'sql', 'statistics', 'tableau', 'tensorflow']"
108,PUBLIC-RELATIONS,5.0,8.33,0.0,2,22,"['communication', 'r']","['agile', 'aws', 'azure', 'computer vision', 'data analysis', 'data mining', 'data visualization', 'deep learning', 'git', 'machine learning', 'matplotlib', 'neural network', 'nlp', 'numpy', 'pandas', 'python', 'pytorch', 'scikit', 'sql', 'statistics', 'tableau', 'tensorflow']"
109,DIGITAL-MEDIA,5.0,8.33,0.0,2,22,"['git', 'r']","['agile', 'aws', 'azure', 'communication', 'computer vision', 'data analysis', 'data mining', 'data visualization', 'deep learning', 'machine learning', 'matplotlib', 'neural network', 'nlp', 'numpy', 'pandas', 'python', 'pytorch', 'scikit', 'sql', 'statistics', 'tableau', 'tensorflow']"
110,DIGITAL-MEDIA,5.0,8.33,0.0,2,22,"['git', 'r']","['agile', 'aws', 'azure', 'communication', 'computer vision', 'data analysis', 'data mining', 'data visualization', 'deep learning', 'machine learning', 'matplotlib', 'neural network', 'nlp', 'numpy', 'pandas', 'python', 'pytorch', 'scikit', 'sql', 'statistics', 'tableau', 'tensorflow']"
111,DIGITAL-MEDIA,5.0,8.33,0.0,2,22,"['git', 'r']","['agile', 'aws', 'azure', 'communication', 'computer vision', 'data analysis', 'data mining', 'data visualization', 'deep learning', 'machine learning', 'matplotlib', 'neural network', 'nlp', 'numpy', 'pandas', 'python', 'pytorch', 'scikit', 'sql', 'statistics', 'tableau', 'tensorflow']"
112,ADVOCATE,4.98,4.17,6.19,1,23,['r'],"['agile', 'aws', 'azure', 'communication', 'computer vision', 'data analysis', 'data mining', 'data visualization', 'deep learning', 'git', 'machine learning', 'matplotlib', 'neural network', 'nlp', 'numpy', 'pandas', 'python', 'pytorch', 'scikit', 'sql', 'statistics', 'tableau', 'tensorflow']"
113,AVIATION,4.95,4.17,6.11,1,23,['r'],"['agile', 'aws', 'azure', 'communication', 'computer vision', 'data analysis', 'data mining', 'data visualization', 'deep learning', 'git', 'machine learning', 'matplotlib', 'neural network', 'nlp', 'numpy', 'pandas', 'python', 'pytorch', 'scikit', 'sql', 'statistics', 'tableau', 'tensorflow']"
114,FITNESS,4.85,4.17,5.88,1,23,['r'],"['agile', 'aws', 'azure', 'communication', 'computer vision', 'data analysis', 'data mining', 'data visualization', 'deep learning', 'git', 'machine learning', 'matplotlib', 'neural network', 'nlp', 'numpy', 'pandas', 'python', 'pytorch', 'scikit', 'sql', 'statistics', 'tableau', 'tensorflow']"
115,CHEF,4.83,4.17,5.81,1,23,['r'],"['agile', 'aws', 'azure', 'communication', 'computer vision', 'data analysis', 'data mining', 'data visualization', 'deep learning', 'git', 'machine learning', 'matplotlib', 'neural network', 'nlp', 'numpy', 'pandas', 'python', 'pytorch', 'scikit', 'sql', 'statistics', 'tableau', 'tensorflow']"
116,SALES,4.83,4.17,5.81,1,23,['r'],"['agile', 'aws', 'azure', 'communication', 'computer vision', 'data analysis', 'data mining', 'data visualization', 'deep learning', 'git', 'machine learning', 'matplotlib', 'neural network', 'nlp', 'numpy', 'pandas', 'python', 'pytorch', 'scikit', 'sql', 'statistics', 'tableau', 'tensorflow']"
117,TEACHER,4.81,4.17,5.77,1,23,['r'],"['agile', 'aws', 'azure', 'communication', 'computer vision', 'data analysis', 'data mining', 'data visualization', 'deep learning', 'git', 'machine learning', 'matplotlib', 'neural network', 'nlp', 'numpy', 'pandas', 'python', 'pytorch', 'scikit', 'sql', 'statistics', 'tableau', 'tensorflow']"
118,CONSTRUCTION,4.81,4.17,5.76,1,23,['r'],"['agile', 'aws', 'azure', 'communication', 'computer vision', 'data analysis', 'data mining', 'data visualization', 'deep learning', 'git', 'machine learning', 'matplotlib', 'neural network', 'nlp', 'numpy', 'pandas', 'python', 'pytorch', 'scikit', 'sql', 'statistics', 'tableau', 'tensorflow']"
119,ACCOUNTANT,4.81,4.17,5.76,1,23,['r'],"['agile', 'aws', 'azure', 'communication', 'computer vision', 'data analysis', 'data mining', 'data visualization', 'deep learning', 'git', 'machine learning', 'matplotlib', 'neural network', 'nlp', 'numpy', 'pandas', 'python', 'pytorch', 'scikit', 'sql', 'statistics', 'tableau', 'tensorflow']"
120,CHEF,4.75,4.17,5.63,1,23,['r'],"['agile', 'aws', 'azure', 'communication', 'computer vision', 'data analysis', 'data mining', 'data visualization', 'deep learning', 'git', 'machine learning', 'matplotlib', 'neural network', 'nlp', 'numpy', 'pandas', 'python', 'pytorch', 'scikit', 'sql', 'statistics', 'tableau', 'tensorflow']"
121,BANKING,4.72,4.17,5.55,1,23,['r'],"['agile', 'aws', 'azure', 'communication', 'computer vision', 'data analysis', 'data mining', 'data visualization', 'deep learning', 'git', 'machine learning', 'matplotlib', 'neural network', 'nlp', 'numpy', 'pandas', 'python', 'pytorch', 'scikit', 'sql', 'statistics', 'tableau', 'tensorflow']"
122,TEACHER,4.71,4.17,5.53,1,23,['r'],"['agile', 'aws', 'azure', 'communication', 'computer vision', 'data analysis', 'data mining', 'data visualization', 'deep learning', 'git', 'machine learning', 'matplotlib', 'neural network', 'nlp', 'numpy', 'pandas', 'python', 'pytorch', 'scikit', 'sql', 'statistics', 'tableau', 'tensorflow']"
123,TEACHER,4.7,4.17,5.49,1,23,['r'],"['agile', 'aws', 'azure', 'communication', 'computer vision', 'data analysis', 'data mining', 'data visualization', 'deep learning', 'git', 'machine learning', 'matplotlib', 'neural network', 'nlp', 'numpy', 'pandas', 'python', 'pytorch', 'scikit', 'sql', 'statistics', 'tableau', 'tensorflow']"
124,SALES,4.7,4.17,5.5,1,23,['r'],"['agile', 'aws', 'azure', 'communication', 'computer vision', 'data analysis', 'data mining', 'data visualization', 'deep learning', 'git', 'machine learning', 'matplotlib', 'neural network', 'nlp', 'numpy', 'pandas', 'python', 'pytorch', 'scikit', 'sql', 'statistics', 'tableau', 'tensorflow']"
125,DESIGNER,4.69,4.17,5.47,1,23,['r'],"['agile', 'aws', 'azure', 'communication', 'computer vision', 'data analysis', 'data mining', 'data visualization', 'deep learning', 'git', 'machine learning', 'matplotlib', 'neural network', 'nlp', 'numpy', 'pandas', 'python', 'pytorch', 'scikit', 'sql', 'statistics', 'tableau', 'tensorflow']"
126,INFORMATION-TECHNOLOGY,4.69,4.17,5.47,1,23,['r'],"['agile', 'aws', 'azure', 'communication', 'computer vision', 'data analysis', 'data mining', 'data visualization', 'deep learning', 'git', 'machine learning', 'matplotlib', 'neural network', 'nlp', 'numpy', 'pandas', 'python', 'pytorch', 'scikit', 'sql', 'statistics', 'tableau', 'tensorflow']"
127,DESIGNER,4.68,4.17,5.45,1,23,['r'],"['agile', 'aws', 'azure', 'communication', 'computer vision', 'data analysis', 'data mining', 'data visualization', 'deep learning', 'git', 'machine learning', 'matplotlib', 'neural network', 'nlp', 'numpy', 'pandas', 'python', 'pytorch', 'scikit', 'sql', 'statistics', 'tableau', 'tensorflow']"
128,ACCOUNTANT,4.67,4.17,5.42,1,23,['r'],"['agile', 'aws', 'azure', 'communication', 'computer vision', 'data analysis', 'data mining', 'data visualization', 'deep learning', 'git', 'machine learning', 'matplotlib', 'neural network', 'nlp', 'numpy', 'pandas', 'python', 'pytorch', 'scikit', 'sql', 'statistics', 'tableau', 'tensorflow']"
129,CHEF,4.65,4.17,5.36,1,23,['r'],"['agile', 'aws', 'azure', 'communication', 'computer vision', 'data analysis', 'data mining', 'data visualization', 'deep learning', 'git', 'machine learning', 'matplotlib', 'neural network', 'nlp', 'numpy', 'pandas', 'python', 'pytorch', 'scikit', 'sql', 'statistics', 'tableau', 'tensorflow']"
130,INFORMATION-TECHNOLOGY,4.65,4.17,5.37,1,23,['r'],"['agile', 'aws', 'azure', 'communication', 'computer vision', 'data analysis', 'data mining', 'data visualization', 'deep learning', 'git', 'machine learning', 'matplotlib', 'neural network', 'nlp', 'numpy', 'pandas', 'python', 'pytorch', 'scikit', 'sql', 'statistics', 'tableau', 'tensorflow']"
131,CHEF,4.63,4.17,5.32,1,23,['r'],"['agile', 'aws', 'azure', 'communication', 'computer vision', 'data analysis', 'data mining', 'data visualization', 'deep learning', 'git', 'machine learning', 'matplotlib', 'neural network', 'nlp', 'numpy', 'pandas', 'python', 'pytorch', 'scikit', 'sql', 'statistics', 'tableau', 'tensorflow']"
132,HR,4.62,4.17,5.29,1,23,['r'],"['agile', 'aws', 'azure', 'communication', 'computer vision', 'data analysis', 'data mining', 'data visualization', 'deep learning', 'git', 'machine learning', 'matplotlib', 'neural network', 'nlp', 'numpy', 'pandas', 'python', 'pytorch', 'scikit', 'sql', 'statistics', 'tableau', 'tensorflow']"
133,FITNESS,4.61,4.17,5.27,1,23,['r'],"['agile', 'aws', 'azure', 'communication', 'computer vision', 'data analysis', 'data mining', 'data visualization', 'deep learning', 'git', 'machine learning', 'matplotlib', 'neural network', 'nlp', 'numpy', 'pandas', 'python', 'pytorch', 'scikit', 'sql', 'statistics', 'tableau', 'tensorflow']"
134,FINANCE,4.6,4.17,5.24,1,23,['r'],"['agile', 'aws', 'azure', 'communication', 'computer vision', 'data analysis', 'data mining', 'data visualization', 'deep learning', 'git', 'machine learning', 'matplotlib', 'neural network', 'nlp', 'numpy', 'pandas', 'python', 'pytorch', 'scikit', 'sql', 'statistics', 'tableau', 'tensorflow']"
135,TEACHER,4.59,4.17,5.23,1,23,['r'],"['agile', 'aws', 'azure', 'communication', 'computer vision', 'data analysis', 'data mining', 'data visualization', 'deep learning', 'git', 'machine learning', 'matplotlib', 'neural network', 'nlp', 'numpy', 'pandas', 'python', 'pytorch', 'scikit', 'sql', 'statistics', 'tableau', 'tensorflow']"
136,PUBLIC-RELATIONS,4.57,4.17,5.17,1,23,['r'],"['agile', 'aws', 'azure', 'communication', 'computer vision', 'data analysis', 'data mining', 'data visualization', 'deep learning', 'git', 'machine learning', 'matplotlib', 'neural network', 'nlp', 'numpy', 'pandas', 'python', 'pytorch', 'scikit', 'sql', 'statistics', 'tableau', 'tensorflow']"
137,APPAREL,4.56,4.17,5.14,1,23,['r'],"['agile', 'aws', 'azure', 'communication', 'computer vision', 'data analysis', 'data mining', 'data visualization', 'deep learning', 'git', 'machine learning', 'matplotlib', 'neural network', 'nlp', 'numpy', 'pandas', 'python', 'pytorch', 'scikit', 'sql', 'statistics', 'tableau', 'tensorflow']"
138,PUBLIC-RELATIONS,4.55,4.17,5.11,1,23,['r'],"['agile', 'aws', 'azure', 'communication', 'computer vision', 'data analysis', 'data mining', 'data visualization', 'deep learning', 'git', 'machine learning', 'matplotlib', 'neural network', 'nlp', 'numpy', 'pandas', 'python', 'pytorch', 'scikit', 'sql', 'statistics', 'tableau', 'tensorflow']"
139,ENGINEERING,4.55,4.17,5.13,1,23,['r'],"['agile', 'aws', 'azure', 'communication', 'computer vision', 'data analysis', 'data mining', 'data visualization', 'deep learning', 'git', 'machine learning', 'matplotlib', 'neural network', 'nlp', 'numpy', 'pandas', 'python', 'pytorch', 'scikit', 'sql', 'statistics', 'tableau', 'tensorflow']"
140,BANKING,4.52,4.17,5.04,1,23,['r'],"['agile', 'aws', 'azure', 'communication', 'computer vision', 'data analysis', 'data mining', 'data visualization', 'deep learning', 'git', 'machine learning', 'matplotlib', 'neural network', 'nlp', 'numpy', 'pandas', 'python', 'pytorch', 'scikit', 'sql', 'statistics', 'tableau', 'tensorflow']"
141,CONSTRUCTION,4.48,4.17,4.94,1,23,['r'],"['agile', 'aws', 'azure', 'communication', 'computer vision', 'data analysis', 'data mining', 'data visualization', 'deep learning', 'git', 'machine learning', 'matplotlib', 'neural network', 'nlp', 'numpy', 'pandas', 'python', 'pytorch', 'scikit', 'sql', 'statistics', 'tableau', 'tensorflow']"
142,ADVOCATE,4.47,4.17,4.93,1,23,['r'],"['agile', 'aws', 'azure', 'communication', 'computer vision', 'data analysis', 'data mining', 'data visualization', 'deep learning', 'git', 'machine learning', 'matplotlib', 'neural network', 'nlp', 'numpy', 'pandas', 'python', 'pytorch', 'scikit', 'sql', 'statistics', 'tableau', 'tensorflow']"
143,PUBLIC-RELATIONS,4.47,4.17,4.93,1,23,['r'],"['agile', 'aws', 'azure', 'communication', 'computer vision', 'data analysis', 'data mining', 'data visualization', 'deep learning', 'git', 'machine learning', 'matplotlib', 'neural network', 'nlp', 'numpy', 'pandas', 'python', 'pytorch', 'scikit', 'sql', 'statistics', 'tableau', 'tensorflow']"
144,ACCOUNTANT,4.43,4.17,4.82,1,23,['r'],"['agile', 'aws', 'azure', 'communication', 'computer vision', 'data analysis', 'data mining', 'data visualization', 'deep learning', 'git', 'machine learning', 'matplotlib', 'neural network', 'nlp', 'numpy', 'pandas', 'python', 'pytorch', 'scikit', 'sql', 'statistics', 'tableau', 'tensorflow']"
145,AVIATION,4.43,4.17,4.83,1,23,['r'],"['agile', 'aws', 'azure', 'communication', 'computer vision', 'data analysis', 'data mining', 'data visualization', 'deep learning', 'git', 'machine learning', 'matplotlib', 'neural network', 'nlp', 'numpy', 'pandas', 'python', 'pytorch', 'scikit', 'sql', 'statistics', 'tableau', 'tensorflow']"
146,HR,4.4,4.17,4.74,1,23,['r'],"['agile', 'aws', 'azure', 'communication', 'computer vision', 'data analysis', 'data mining', 'data visualization', 'deep learning', 'git', 'machine learning', 'matplotlib', 'neural network', 'nlp', 'numpy', 'pandas', 'python', 'pytorch', 'scikit', 'sql', 'statistics', 'tableau', 'tensorflow']"
147,TEACHER,4.39,4.17,4.72,1,23,['r'],"['agile', 'aws', 'azure', 'communication', 'computer vision', 'data analysis', 'data mining', 'data visualization', 'deep learning', 'git', 'machine learning', 'matplotlib', 'neural network', 'nlp', 'numpy', 'pandas', 'python', 'pytorch', 'scikit', 'sql', 'statistics', 'tableau', 'tensorflow']"
148,FITNESS,4.39,4.17,4.72,1,23,['r'],"['agile', 'aws', 'azure', 'communication', 'computer vision', 'data analysis', 'data mining', 'data visualization', 'deep learning', 'git', 'machine learning', 'matplotlib', 'neural network', 'nlp', 'numpy', 'pandas', 'python', 'pytorch', 'scikit', 'sql', 'statistics', 'tableau', 'tensorflow']"
149,TEACHER,4.39,4.17,4.72,1,23,['r'],"['agile', 'aws', 'azure', 'communication', 'computer vision', 'data analysis', 'data mining', 'data visualization', 'deep learning', 'git', 'machine learning', 'matplotlib', 'neural network', 'nlp', 'numpy', 'pandas', 'python', 'pytorch', 'scikit', 'sql', 'statistics', 'tableau', 'tensorflow']"
150,CONSULTANT,4.38,4.17,4.7,1,23,['r'],"['agile', 'aws', 'azure', 'communication', 'computer vision', 'data analysis', 'data mining', 'data visualization', 'deep learning', 'git', 'machine learning', 'matplotlib', 'neural network', 'nlp', 'numpy', 'pandas', 'python', 'pytorch', 'scikit', 'sql', 'statistics', 'tableau', 'tensorflow']"
151,TEACHER,4.35,4.17,4.63,1,23,['r'],"['agile', 'aws', 'azure', 'communication', 'computer vision', 'data analysis', 'data mining', 'data visualization', 'deep learning', 'git', 'machine learning', 'matplotlib', 'neural network', 'nlp', 'numpy', 'pandas', 'python', 'pytorch', 'scikit', 'sql', 'statistics', 'tableau', 'tensorflow']"
152,DESIGNER,4.3,4.17,4.5,1,23,['r'],"['agile', 'aws', 'azure', 'communication', 'computer vision', 'data analysis', 'data mining', 'data visualization', 'deep learning', 'git', 'machine learning', 'matplotlib', 'neural network', 'nlp', 'numpy', 'pandas', 'python', 'pytorch', 'scikit', 'sql', 'statistics', 'tableau', 'tensorflow']"
153,TEACHER,4.25,4.17,4.36,1,23,['r'],"['agile', 'aws', 'azure', 'communication', 'computer vision', 'data analysis', 'data mining', 'data visualization', 'deep learning', 'git', 'machine learning', 'matplotlib', 'neural network', 'nlp', 'numpy', 'pandas', 'python', 'pytorch', 'scikit', 'sql', 'statistics', 'tableau', 'tensorflow']"
154,DESIGNER,4.25,4.17,4.36,1,23,['r'],"['agile', 'aws', 'azure', 'communication', 'computer vision', 'data analysis', 'data mining', 'data visualization', 'deep learning', 'git', 'machine learning', 'matplotlib', 'neural network', 'nlp', 'numpy', 'pandas', 'python', 'pytorch', 'scikit', 'sql', 'statistics', 'tableau', 'tensorflow']"
155,ENGINEERING,4.25,4.17,4.36,1,23,['r'],"['agile', 'aws', 'azure', 'communication', 'computer vision', 'data analysis', 'data mining', 'data visualization', 'deep learning', 'git', 'machine learning', 'matplotlib', 'neural network', 'nlp', 'numpy', 'pandas', 'python', 'pytorch', 'scikit', 'sql', 'statistics', 'tableau', 'tensorflow']"
156,CONSTRUCTION,4.24,4.17,4.34,1,23,['r'],"['agile', 'aws', 'azure', 'communication', 'computer vision', 'data analysis', 'data mining', 'data visualization', 'deep learning', 'git', 'machine learning', 'matplotlib', 'neural network', 'nlp', 'numpy', 'pandas', 'python', 'pytorch', 'scikit', 'sql', 'statistics', 'tableau', 'tensorflow']"
157,DIGITAL-MEDIA,4.23,4.17,4.31,1,23,['r'],"['agile', 'aws', 'azure', 'communication', 'computer vision', 'data analysis', 'data mining', 'data visualization', 'deep learning', 'git', 'machine learning', 'matplotlib', 'neural network', 'nlp', 'numpy', 'pandas', 'python', 'pytorch', 'scikit', 'sql', 'statistics', 'tableau', 'tensorflow']"
158,TEACHER,4.23,4.17,4.32,1,23,['r'],"['agile', 'aws', 'azure', 'communication', 'computer vision', 'data analysis', 'data mining', 'data visualization', 'deep learning', 'git', 'machine learning', 'matplotlib', 'neural network', 'nlp', 'numpy', 'pandas', 'python', 'pytorch', 'scikit', 'sql', 'statistics', 'tableau', 'tensorflow']"
159,ENGINEERING,4.21,4.17,4.27,1,23,['r'],"['agile', 'aws', 'azure', 'communication', 'computer vision', 'data analysis', 'data mining', 'data visualization', 'deep learning', 'git', 'machine learning', 'matplotlib', 'neural network', 'nlp', 'numpy', 'pandas', 'python', 'pytorch', 'scikit', 'sql', 'statistics', 'tableau', 'tensorflow']"
160,BANKING,4.16,4.17,4.15,1,23,['r'],"['agile', 'aws', 'azure', 'communication', 'computer vision', 'data analysis', 'data mining', 'data visualization', 'deep learning', 'git', 'machine learning', 'matplotlib', 'neural network', 'nlp', 'numpy', 'pandas', 'python', 'pytorch', 'scikit', 'sql', 'statistics', 'tableau', 'tensorflow']"
161,BANKING,4.15,4.17,4.13,1,23,['r'],"['agile', 'aws', 'azure', 'communication', 'computer vision', 'data analysis', 'data mining', 'data visualization', 'deep learning', 'git', 'machine learning', 'matplotlib', 'neural network', 'nlp', 'numpy', 'pandas', 'python', 'pytorch', 'scikit', 'sql', 'statistics', 'tableau', 'tensorflow']"
162,CONSTRUCTION,4.14,4.17,4.09,1,23,['r'],"['agile', 'aws', 'azure', 'communication', 'computer vision', 'data analysis', 'data mining', 'data visualization', 'deep learning', 'git', 'machine learning', 'matplotlib', 'neural network', 'nlp', 'numpy', 'pandas', 'python', 'pytorch', 'scikit', 'sql', 'statistics', 'tableau', 'tensorflow']"
163,CHEF,4.12,4.17,4.05,1,23,['r'],"['agile', 'aws', 'azure', 'communication', 'computer vision', 'data analysis', 'data mining', 'data visualization', 'deep learning', 'git', 'machine learning', 'matplotlib', 'neural network', 'nlp', 'numpy', 'pandas', 'python', 'pytorch', 'scikit', 'sql', 'statistics', 'tableau', 'tensorflow']"
164,HR,4.12,4.17,4.04,1,23,['r'],"['agile', 'aws', 'azure', 'communication', 'computer vision', 'data analysis', 'data mining', 'data visualization', 'deep learning', 'git', 'machine learning', 'matplotlib', 'neural network', 'nlp', 'numpy', 'pandas', 'python', 'pytorch', 'scikit', 'sql', 'statistics', 'tableau', 'tensorflow']"
165,AGRICULTURE,4.11,4.17,4.02,1,23,['r'],"['agile', 'aws', 'azure', 'communication', 'computer vision', 'data analysis', 'data mining', 'data visualization', 'deep learning', 'git', 'machine learning', 'matplotlib', 'neural network', 'nlp', 'numpy', 'pandas', 'python', 'pytorch', 'scikit', 'sql', 'statistics', 'tableau', 'tensorflow']"
166,CONSTRUCTION,4.1,4.17,3.99,1,23,['r'],"['agile', 'aws', 'azure', 'communication', 'computer vision', 'data analysis', 'data mining', 'data visualization', 'deep learning', 'git', 'machine learning', 'matplotlib', 'neural network', 'nlp', 'numpy', 'pandas', 'python', 'pytorch', 'scikit', 'sql', 'statistics', 'tableau', 'tensorflow']"
167,ACCOUNTANT,4.09,4.17,3.96,1,23,['r'],"['agile', 'aws', 'azure', 'communication', 'computer vision', 'data analysis', 'data mining', 'data visualization', 'deep learning', 'git', 'machine learning', 'matplotlib', 'neural network', 'nlp', 'numpy', 'pandas', 'python', 'pytorch', 'scikit', 'sql', 'statistics', 'tableau', 'tensorflow']"
168,HEALTHCARE,4.08,4.17,3.94,1,23,['r'],"['agile', 'aws', 'azure', 'communication', 'computer vision', 'data analysis', 'data mining', 'data visualization', 'deep learning', 'git', 'machine learning', 'matplotlib', 'neural network', 'nlp', 'numpy', 'pandas', 'python', 'pytorch', 'scikit', 'sql', 'statistics', 'tableau', 'tensorflow']"
169,AGRICULTURE,4.08,4.17,3.94,1,23,['r'],"['agile', 'aws', 'azure', 'communication', 'computer vision', 'data analysis', 'data mining', 'data visualization', 'deep learning', 'git', 'machine learning', 'matplotlib', 'neural network', 'nlp', 'numpy', 'pandas', 'python', 'pytorch', 'scikit', 'sql', 'statistics', 'tableau', 'tensorflow']"
170,CONSTRUCTION,4.07,4.17,3.91,1,23,['r'],"['agile', 'aws', 'azure', 'communication', 'computer vision', 'data analysis', 'data mining', 'data visualization', 'deep learning', 'git', 'machine learning', 'matplotlib', 'neural network', 'nlp', 'numpy', 'pandas', 'python', 'pytorch', 'scikit', 'sql', 'statistics', 'tableau', 'tensorflow']"
171,CONSTRUCTION,4.07,4.17,3.93,1,23,['r'],"['agile', 'aws', 'azure', 'communication', 'computer vision', 'data analysis', 'data mining', 'data visualization', 'deep learning', 'git', 'machine learning', 'matplotlib', 'neural network', 'nlp', 'numpy', 'pandas', 'python', 'pytorch', 'scikit', 'sql', 'statistics', 'tableau', 'tensorflow']"
172,CONSTRUCTION,4.06,4.17,3.89,1,23,['r'],"['agile', 'aws', 'azure', 'communication', 'computer vision', 'data analysis', 'data mining', 'data visualization', 'deep learning', 'git', 'machine learning', 'matplotlib', 'neural network', 'nlp', 'numpy', 'pandas', 'python', 'pytorch', 'scikit', 'sql', 'statistics', 'tableau', 'tensorflow']"
173,CONSTRUCTION,4.06,4.17,3.9,1,23,['r'],"['agile', 'aws', 'azure', 'communication', 'computer vision', 'data analysis', 'data mining', 'data visualization', 'deep learning', 'git', 'machine learning', 'matplotlib', 'neural network', 'nlp', 'numpy', 'pandas', 'python', 'pytorch', 'scikit', 'sql', 'statistics', 'tableau', 'tensorflow']"
174,BANKING,4.05,4.17,3.86,1,23,['r'],"['agile', 'aws', 'azure', 'communication', 'computer vision', 'data analysis', 'data mining', 'data visualization', 'deep learning', 'git', 'machine learning', 'matplotlib', 'neural network', 'nlp', 'numpy', 'pandas', 'python', 'pytorch', 'scikit', 'sql', 'statistics', 'tableau', 'tensorflow']"
175,ARTS,4.04,4.17,3.85,1,23,['r'],"['agile', 'aws', 'azure', 'communication', 'computer vision', 'data analysis', 'data mining', 'data visualization', 'deep learning', 'git', 'machine learning', 'matplotlib', 'neural network', 'nlp', 'numpy', 'pandas', 'python', 'pytorch', 'scikit', 'sql', 'statistics', 'tableau', 'tensorflow']"
176,ACCOUNTANT,4.0,4.17,3.75,1,23,['r'],"['agile', 'aws', 'azure', 'communication', 'computer vision', 'data analysis', 'data mining', 'data visualization', 'deep learning', 'git', 'machine learning', 'matplotlib', 'neural network', 'nlp', 'numpy', 'pandas', 'python', 'pytorch', 'scikit', 'sql', 'statistics', 'tableau', 'tensorflow']"
177,CONSTRUCTION,3.99,4.17,3.73,1,23,['r'],"['agile', 'aws', 'azure', 'communication', 'computer vision', 'data analysis', 'data mining', 'data visualization', 'deep learning', 'git', 'machine learning', 'matplotlib', 'neural network', 'nlp', 'numpy', 'pandas', 'python', 'pytorch', 'scikit', 'sql', 'statistics', 'tableau', 'tensorflow']"
178,CONSTRUCTION,3.97,4.17,3.67,1,23,['r'],"['agile', 'aws', 'azure', 'communication', 'computer vision', 'data analysis', 'data mining', 'data visualization', 'deep learning', 'git', 'machine learning', 'matplotlib', 'neural network', 'nlp', 'numpy', 'pandas', 'python', 'pytorch', 'scikit', 'sql', 'statistics', 'tableau', 'tensorflow']"
179,CONSTRUCTION,3.97,4.17,3.66,1,23,['r'],"['agile', 'aws', 'azure', 'communication', 'computer vision', 'data analysis', 'data mining', 'data visualization', 'deep learning', 'git', 'machine learning', 'matplotlib', 'neural network', 'nlp', 'numpy', 'pandas', 'python', 'pytorch', 'scikit', 'sql', 'statistics', 'tableau', 'tensorflow']"
180,CONSTRUCTION,3.95,4.17,3.62,1,23,['r'],"['agile', 'aws', 'azure', 'communication', 'computer vision', 'data analysis', 'data mining', 'data visualization', 'deep learning', 'git', 'machine learning', 'matplotlib', 'neural network', 'nlp', 'numpy', 'pandas', 'python', 'pytorch', 'scikit', 'sql', 'statistics', 'tableau', 'tensorflow']"
181,CONSTRUCTION,3.94,4.17,3.6,1,23,['r'],"['agile', 'aws', 'azure', 'communication', 'computer vision', 'data analysis', 'data mining', 'data visualization', 'deep learning', 'git', 'machine learning', 'matplotlib', 'neural network', 'nlp', 'numpy', 'pandas', 'python', 'pytorch', 'scikit', 'sql', 'statistics', 'tableau', 'tensorflow']"
182,CONSTRUCTION,3.94,4.17,3.59,1,23,['r'],"['agile', 'aws', 'azure', 'communication', 'computer vision', 'data analysis', 'data mining', 'data visualization', 'deep learning', 'git', 'machine learning', 'matplotlib', 'neural network', 'nlp', 'numpy', 'pandas', 'python', 'pytorch', 'scikit', 'sql', 'statistics', 'tableau', 'tensorflow']"
183,INFORMATION-TECHNOLOGY,3.94,4.17,3.59,1,23,['r'],"['agile', 'aws', 'azure', 'communication', 'computer vision', 'data analysis', 'data mining', 'data visualization', 'deep learning', 'git', 'machine learning', 'matplotlib', 'neural network', 'nlp', 'numpy', 'pandas', 'python', 'pytorch', 'scikit', 'sql', 'statistics', 'tableau', 'tensorflow']"
184,CONSTRUCTION,3.94,4.17,3.59,1,23,['r'],"['agile', 'aws', 'azure', 'communication', 'computer vision', 'data analysis', 'data mining', 'data visualization', 'deep learning', 'git', 'machine learning', 'matplotlib', 'neural network', 'nlp', 'numpy', 'pandas', 'python', 'pytorch', 'scikit', 'sql', 'statistics', 'tableau', 'tensorflow']"
185,CONSTRUCTION,3.93,4.17,3.56,1,23,['r'],"['agile', 'aws', 'azure', 'communication', 'computer vision', 'data analysis', 'data mining', 'data visualization', 'deep learning', 'git', 'machine learning', 'matplotlib', 'neural network', 'nlp', 'numpy', 'pandas', 'python', 'pytorch', 'scikit', 'sql', 'statistics', 'tableau', 'tensorflow']"
186,ENGINEERING,3.93,4.17,3.56,1,23,['r'],"['agile', 'aws', 'azure', 'communication', 'computer vision', 'data analysis', 'data mining', 'data visualization', 'deep learning', 'git', 'machine learning', 'matplotlib', 'neural network', 'nlp', 'numpy', 'pandas', 'python', 'pytorch', 'scikit', 'sql', 'statistics', 'tableau', 'tensorflow']"
187,ACCOUNTANT,3.92,4.17,3.55,1,23,['r'],"['agile', 'aws', 'azure', 'communication', 'computer vision', 'data analysis', 'data mining', 'data visualization', 'deep learning', 'git', 'machine learning', 'matplotlib', 'neural network', 'nlp', 'numpy', 'pandas', 'python', 'pytorch', 'scikit', 'sql', 'statistics', 'tableau', 'tensorflow']"
188,AVIATION,3.91,4.17,3.51,1,23,['r'],"['agile', 'aws', 'azure', 'communication', 'computer vision', 'data analysis', 'data mining', 'data visualization', 'deep learning', 'git', 'machine learning', 'matplotlib', 'neural network', 'nlp', 'numpy', 'pandas', 'python', 'pytorch', 'scikit', 'sql', 'statistics', 'tableau', 'tensorflow']"
189,AVIATION,3.9,4.17,3.5,1,23,['r'],"['agile', 'aws', 'azure', 'communication', 'computer vision', 'data analysis', 'data mining', 'data visualization', 'deep learning', 'git', 'machine learning', 'matplotlib', 'neural network', 'nlp', 'numpy', 'pandas', 'python', 'pytorch', 'scikit', 'sql', 'statistics', 'tableau', 'tensorflow']"
190,INFORMATION-TECHNOLOGY,3.89,4.17,3.46,1,23,['r'],"['agile', 'aws', 'azure', 'communication', 'computer vision', 'data analysis', 'data mining', 'data visualization', 'deep learning', 'git', 'machine learning', 'matplotlib', 'neural network', 'nlp', 'numpy', 'pandas', 'python', 'pytorch', 'scikit', 'sql', 'statistics', 'tableau', 'tensorflow']"
191,DESIGNER,3.89,4.17,3.48,1,23,['r'],"['agile', 'aws', 'azure', 'communication', 'computer vision', 'data analysis', 'data mining', 'data visualization', 'deep learning', 'git', 'machine learning', 'matplotlib', 'neural network', 'nlp', 'numpy', 'pandas', 'python', 'pytorch', 'scikit', 'sql', 'statistics', 'tableau', 'tensorflow']"
192,HEALTHCARE,3.89,4.17,3.46,1,23,['r'],"['agile', 'aws', 'azure', 'communication', 'computer vision', 'data analysis', 'data mining', 'data visualization', 'deep learning', 'git', 'machine learning', 'matplotlib', 'neural network', 'nlp', 'numpy', 'pandas', 'python', 'pytorch', 'scikit', 'sql', 'statistics', 'tableau', 'tensorflow']"
193,HEALTHCARE,3.88,4.17,3.44,1,23,['r'],"['agile', 'aws', 'azure', 'communication', 'computer vision', 'data analysis', 'data mining', 'data visualization', 'deep learning', 'git', 'machine learning', 'matplotlib', 'neural network', 'nlp', 'numpy', 'pandas', 'python', 'pytorch', 'scikit', 'sql', 'statistics', 'tableau', 'tensorflow']"
194,CONSTRUCTION,3.87,4.17,3.43,1,23,['r'],"['agile', 'aws', 'azure', 'communication', 'computer vision', 'data analysis', 'data mining', 'data visualization', 'deep learning', 'git', 'machine learning', 'matplotlib', 'neural network', 'nlp', 'numpy', 'pandas', 'python', 'pytorch', 'scikit', 'sql', 'statistics', 'tableau', 'tensorflow']"
195,BANKING,3.86,4.17,3.4,1,23,['r'],"['agile', 'aws', 'azure', 'communication', 'computer vision', 'data analysis', 'data mining', 'data visualization', 'deep learning', 'git', 'machine learning', 'matplotlib', 'neural network', 'nlp', 'numpy', 'pandas', 'python', 'pytorch', 'scikit', 'sql', 'statistics', 'tableau', 'tensorflow']"
196,HEALTHCARE,3.84,4.17,3.34,1,23,['r'],"['agile', 'aws', 'azure', 'communication', 'computer vision', 'data analysis', 'data mining', 'data visualization', 'deep learning', 'git', 'machine learning', 'matplotlib', 'neural network', 'nlp', 'numpy', 'pandas', 'python', 'pytorch', 'scikit', 'sql', 'statistics', 'tableau', 'tensorflow']"
197,INFORMATION-TECHNOLOGY,3.83,4.17,3.32,1,23,['r'],"['agile', 'aws', 'azure', 'communication', 'computer vision', 'data analysis', 'data mining', 'data visualization', 'deep learning', 'git', 'machine learning', 'matplotlib', 'neural network', 'nlp', 'numpy', 'pandas', 'python', 'pytorch', 'scikit', 'sql', 'statistics', 'tableau', 'tensorflow']"
198,CONSTRUCTION,3.83,4.17,3.32,1,23,['r'],"['agile', 'aws', 'azure', 'communication', 'computer vision', 'data analysis', 'data mining', 'data visualization', 'deep learning', 'git', 'machine learning', 'matplotlib', 'neural network', 'nlp', 'numpy', 'pandas', 'python', 'pytorch', 'scikit', 'sql', 'statistics', 'tableau', 'tensorflow']"
199,AGRICULTURE,3.83,4.17,3.32,1,23,['r'],"['agile', 'aws', 'azure', 'communication', 'computer vision', 'data analysis', 'data mining', 'data visualization', 'deep learning', 'git', 'machine learning', 'matplotlib', 'neural network', 'nlp', 'numpy', 'pandas', 'python', 'pytorch', 'scikit', 'sql', 'statistics', 'tableau', 'tensorflow']"
200,CONSTRUCTION,3.75,4.17,3.13,1,23,['r'],"['agile', 'aws', 'azure', 'communication', 'computer vision', 'data analysis', 'data mining', 'data visualization', 'deep learning', 'git', 'machine learning', 'matplotlib', 'neural network', 'nlp', 'numpy', 'pandas', 'python', 'pytorch', 'scikit', 'sql', 'statistics', 'tableau', 'tensorflow']"
201,CONSTRUCTION,3.72,4.17,3.05,1,23,['r'],"['agile', 'aws', 'azure', 'communication', 'computer vision', 'data analysis', 'data mining', 'data visualization', 'deep learning', 'git', 'machine learning', 'matplotlib', 'neural network', 'nlp', 'numpy', 'pandas', 'python', 'pytorch', 'scikit', 'sql', 'statistics', 'tableau', 'tensorflow']"
202,CONSTRUCTION,3.67,4.17,2.92,1,23,['r'],"['agile', 'aws', 'azure', 'communication', 'computer vision', 'data analysis', 'data mining', 'data visualization', 'deep learning', 'git', 'machine learning', 'matplotlib', 'neural network', 'nlp', 'numpy', 'pandas', 'python', 'pytorch', 'scikit', 'sql', 'statistics', 'tableau', 'tensorflow']"
203,APPAREL,2.5,4.17,0.0,1,23,['r'],"['agile', 'aws', 'azure', 'communication', 'computer vision', 'data analysis', 'data mining', 'data visualization', 'deep learning', 'git', 'machine learning', 'matplotlib', 'neural network', 'nlp', 'numpy', 'pandas', 'python', 'pytorch', 'scikit', 'sql', 'statistics', 'tableau', 'tensorflow']"
204,APPAREL,2.5,4.17,0.0,1,23,['r'],"['agile', 'aws', 'azure', 'communication', 'computer vision', 'data analysis', 'data mining', 'data visualization', 'deep learning', 'git', 'machine learning', 'matplotlib', 'neural network', 'nlp', 'numpy', 'pandas', 'python', 'pytorch', 'scikit', 'sql', 'statistics', 'tableau', 'tensorflow']"
205,APPAREL,2.5,4.17,0.0,1,23,['r'],"['agile', 'aws', 'azure', 'communication', 'computer vision', 'data analysis', 'data mining', 'data visualization', 'deep learning', 'git', 'machine learning', 'matplotlib', 'neural network', 'nlp', 'numpy', 'pandas', 'python', 'pytorch', 'scikit', 'sql', 'statistics', 'tableau', 'tensorflow']"
206,APPAREL,2.5,4.17,0.0,1,23,['r'],"['agile', 'aws', 'azure', 'communication', 'computer vision', 'data analysis', 'data mining', 'data visualization', 'deep learning', 'git', 'machine learning', 'matplotlib', 'neural network', 'nlp', 'numpy', 'pandas', 'python', 'pytorch', 'scikit', 'sql', 'statistics', 'tableau', 'tensorflow']"
207,APPAREL,2.5,4.17,0.0,1,23,['r'],"['agile', 'aws', 'azure', 'communication', 'computer vision', 'data analysis', 'data mining', 'data visualization', 'deep learning', 'git', 'machine learning', 'matplotlib', 'neural network', 'nlp', 'numpy', 'pandas', 'python', 'pytorch', 'scikit', 'sql', 'statistics', 'tableau', 'tensorflow']"
208,APPAREL,2.5,4.17,0.0,1,23,['r'],"['agile', 'aws', 'azure', 'communication', 'computer vision', 'data analysis', 'data mining', 'data visualization', 'deep learning', 'git', 'machine learning', 'matplotlib', 'neural network', 'nlp', 'numpy', 'pandas', 'python', 'pytorch', 'scikit', 'sql', 'statistics', 'tableau', 'tensorflow']"
209,APPAREL,2.5,4.17,0.0,1,23,['r'],"['agile', 'aws', 'azure', 'communication', 'computer vision', 'data analysis', 'data mining', 'data visualization', 'deep learning', 'git', 'machine learning', 'matplotlib', 'neural network', 'nlp', 'numpy', 'pandas', 'python', 'pytorch', 'scikit', 'sql', 'statistics', 'tableau', 'tensorflow']"
210,APPAREL,2.5,4.17,0.0,1,23,['r'],"['agile', 'aws', 'azure', 'communication', 'computer vision', 'data analysis', 'data mining', 'data visualization', 'deep learning', 'git', 'machine learning', 'matplotlib', 'neural network', 'nlp', 'numpy', 'pandas', 'python', 'pytorch', 'scikit', 'sql', 'statistics', 'tableau', 'tensorflow']"
211,APPAREL,2.5,4.17,0.0,1,23,['r'],"['agile', 'aws', 'azure', 'communication', 'computer vision', 'data analysis', 'data mining', 'data visualization', 'deep learning', 'git', 'machine learning', 'matplotlib', 'neural network', 'nlp', 'numpy', 'pandas', 'python', 'pytorch', 'scikit', 'sql', 'statistics', 'tableau', 'tensorflow']"
212,APPAREL,2.5,4.17,0.0,1,23,['r'],"['agile', 'aws', 'azure', 'communication', 'computer vision', 'data analysis', 'data mining', 'data visualization', 'deep learning', 'git', 'machine learning', 'matplotlib', 'neural network', 'nlp', 'numpy', 'pandas', 'python', 'pytorch', 'scikit', 'sql', 'statistics', 'tableau', 'tensorflow']"
213,APPAREL,2.5,4.17,0.0,1,23,['r'],"['agile', 'aws', 'azure', 'communication', 'computer vision', 'data analysis', 'data mining', 'data visualization', 'deep learning', 'git', 'machine learning', 'matplotlib', 'neural network', 'nlp', 'numpy', 'pandas', 'python', 'pytorch', 'scikit', 'sql', 'statistics', 'tableau', 'tensorflow']"
214,APPAREL,2.5,4.17,0.0,1,23,['r'],"['agile', 'aws', 'azure', 'communication', 'computer vision', 'data analysis', 'data mining', 'data visualization', 'deep learning', 'git', 'machine learning', 'matplotlib', 'neural network', 'nlp', 'numpy', 'pandas', 'python', 'pytorch', 'scikit', 'sql', 'statistics', 'tableau', 'tensorflow']"
215,APPAREL,2.5,4.17,0.0,1,23,['r'],"['agile', 'aws', 'azure', 'communication', 'computer vision', 'data analysis', 'data mining', 'data visualization', 'deep learning', 'git', 'machine learning', 'matplotlib', 'neural network', 'nlp', 'numpy', 'pandas', 'python', 'pytorch', 'scikit', 'sql', 'statistics', 'tableau', 'tensorflow']"
216,APPAREL,2.5,4.17,0.0,1,23,['r'],"['agile', 'aws', 'azure', 'communication', 'computer vision', 'data analysis', 'data mining', 'data visualization', 'deep learning', 'git', 'machine learning', 'matplotlib', 'neural network', 'nlp', 'numpy', 'pandas', 'python', 'pytorch', 'scikit', 'sql', 'statistics', 'tableau', 'tensorflow']"
217,APPAREL,2.5,4.17,0.0,1,23,['r'],"['agile', 'aws', 'azure', 'communication', 'computer vision', 'data analysis', 'data mining', 'data visualization', 'deep learning', 'git', 'machine learning', 'matplotlib', 'neural network', 'nlp', 'numpy', 'pandas', 'python', 'pytorch', 'scikit', 'sql', 'statistics', 'tableau', 'tensorflow']"
218,APPAREL,2.5,4.17,0.0,1,23,['r'],"['agile', 'aws', 'azure', 'communication', 'computer vision', 'data analysis', 'data mining', 'data visualization', 'deep learning', 'git', 'machine learning', 'matplotlib', 'neural network', 'nlp', 'numpy', 'pandas', 'python', 'pytorch', 'scikit', 'sql', 'statistics', 'tableau', 'tensorflow']"
219,APPAREL,2.5,4.17,0.0,1,23,['r'],"['agile', 'aws', 'azure', 'communication', 'computer vision', 'data analysis', 'data mining', 'data visualization', 'deep learning', 'git', 'machine learning', 'matplotlib', 'neural network', 'nlp', 'numpy', 'pandas', 'python', 'pytorch', 'scikit', 'sql', 'statistics', 'tableau', 'tensorflow']"
220,APPAREL,2.5,4.17,0.0,1,23,['r'],"['agile', 'aws', 'azure', 'communication', 'computer vision', 'data analysis', 'data mining', 'data visualization', 'deep learning', 'git', 'machine learning', 'matplotlib', 'neural network', 'nlp', 'numpy', 'pandas', 'python', 'pytorch', 'scikit', 'sql', 'statistics', 'tableau', 'tensorflow']"
221,APPAREL,2.5,4.17,0.0,1,23,['r'],"['agile', 'aws', 'azure', 'communication', 'computer vision', 'data analysis', 'data mining', 'data visualization', 'deep learning', 'git', 'machine learning', 'matplotlib', 'neural network', 'nlp', 'numpy', 'pandas', 'python', 'pytorch', 'scikit', 'sql', 'statistics', 'tableau', 'tensorflow']"
222,APPAREL,2.5,4.17,0.0,1,23,['r'],"['agile', 'aws', 'azure', 'communication', 'computer vision', 'data analysis', 'data mining', 'data visualization', 'deep learning', 'git', 'machine learning', 'matplotlib', 'neural network', 'nlp', 'numpy', 'pandas', 'python', 'pytorch', 'scikit', 'sql', 'statistics', 'tableau', 'tensorflow']"
223,APPAREL,2.5,4.17,0.0,1,23,['r'],"['agile', 'aws', 'azure', 'communication', 'computer vision', 'data analysis', 'data mining', 'data visualization', 'deep learning', 'git', 'machine learning', 'matplotlib', 'neural network', 'nlp', 'numpy', 'pandas', 'python', 'pytorch', 'scikit', 'sql', 'statistics', 'tableau', 'tensorflow']"
224,APPAREL,2.5,4.17,0.0,1,23,['r'],"['agile', 'aws', 'azure', 'communication', 'computer vision', 'data analysis', 'data mining', 'data visualization', 'deep learning', 'git', 'machine learning', 'matplotlib', 'neural network', 'nlp', 'numpy', 'pandas', 'python', 'pytorch', 'scikit', 'sql', 'statistics', 'tableau', 'tensorflow']"
225,APPAREL,2.5,4.17,0.0,1,23,['r'],"['agile', 'aws', 'azure', 'communication', 'computer vision', 'data analysis', 'data mining', 'data visualization', 'deep learning', 'git', 'machine learning', 'matplotlib', 'neural network', 'nlp', 'numpy', 'pandas', 'python', 'pytorch', 'scikit', 'sql', 'statistics', 'tableau', 'tensorflow']"
226,APPAREL,2.5,4.17,0.0,1,23,['r'],"['agile', 'aws', 'azure', 'communication', 'computer vision', 'data analysis', 'data mining', 'data visualization', 'deep learning', 'git', 'machine learning', 'matplotlib', 'neural network', 'nlp', 'numpy', 'pandas', 'python', 'pytorch', 'scikit', 'sql', 'statistics', 'tableau', 'tensorflow']"
227,APPAREL,2.5,4.17,0.0,1,23,['r'],"['agile', 'aws', 'azure', 'communication', 'computer vision', 'data analysis', 'data mining', 'data visualization', 'deep learning', 'git', 'machine learning', 'matplotlib', 'neural network', 'nlp', 'numpy', 'pandas', 'python', 'pytorch', 'scikit', 'sql', 'statistics', 'tableau', 'tensorflow']"
228,APPAREL,2.5,4.17,0.0,1,23,['r'],"['agile', 'aws', 'azure', 'communication', 'computer vision', 'data analysis', 'data mining', 'data visualization', 'deep learning', 'git', 'machine learning', 'matplotlib', 'neural network', 'nlp', 'numpy', 'pandas', 'python', 'pytorch', 'scikit', 'sql', 'statistics', 'tableau', 'tensorflow']"
229,APPAREL,2.5,4.17,0.0,1,23,['r'],"['agile', 'aws', 'azure', 'communication', 'computer vision', 'data analysis', 'data mining', 'data visualization', 'deep learning', 'git', 'machine learning', 'matplotlib', 'neural network', 'nlp', 'numpy', 'pandas', 'python', 'pytorch', 'scikit', 'sql', 'statistics', 'tableau', 'tensorflow']"
230,APPAREL,2.5,4.17,0.0,1,23,['r'],"['agile', 'aws', 'azure', 'communication', 'computer vision', 'data analysis', 'data mining', 'data visualization', 'deep learning', 'git', 'machine learning', 'matplotlib', 'neural network', 'nlp', 'numpy', 'pandas', 'python', 'pytorch', 'scikit', 'sql', 'statistics', 'tableau', 'tensorflow']"
231,APPAREL,2.5,4.17,0.0,1,23,['r'],"['agile', 'aws', 'azure', 'communication', 'computer vision', 'data analysis', 'data mining', 'data visualization', 'deep learning', 'git', 'machine learning', 'matplotlib', 'neural network', 'nlp', 'numpy', 'pandas', 'python', 'pytorch', 'scikit', 'sql', 'statistics', 'tableau', 'tensorflow']"
232,APPAREL,2.5,4.17,0.0,1,23,['r'],"['agile', 'aws', 'azure', 'communication', 'computer vision', 'data analysis', 'data mining', 'data visualization', 'deep learning', 'git', 'machine learning', 'matplotlib', 'neural network', 'nlp', 'numpy', 'pandas', 'python', 'pytorch', 'scikit', 'sql', 'statistics', 'tableau', 'tensorflow']"
233,APPAREL,2.5,4.17,0.0,1,23,['r'],"['agile', 'aws', 'azure', 'communication', 'computer vision', 'data analysis', 'data mining', 'data visualization', 'deep learning', 'git', 'machine learning', 'matplotlib', 'neural network', 'nlp', 'numpy', 'pandas', 'python', 'pytorch', 'scikit', 'sql', 'statistics', 'tableau', 'tensorflow']"
234,APPAREL,2.5,4.17,0.0,1,23,['r'],"['agile', 'aws', 'azure', 'communication', 'computer vision', 'data analysis', 'data mining', 'data visualization', 'deep learning', 'git', 'machine learning', 'matplotlib', 'neural network', 'nlp', 'numpy', 'pandas', 'python', 'pytorch', 'scikit', 'sql', 'statistics', 'tableau', 'tensorflow']"
235,APPAREL,2.5,4.17,0.0,1,23,['r'],"['agile', 'aws', 'azure', 'communication', 'computer vision', 'data analysis', 'data mining', 'data visualization', 'deep learning', 'git', 'machine learning', 'matplotlib', 'neural network', 'nlp', 'numpy', 'pandas', 'python', 'pytorch', 'scikit', 'sql', 'statistics', 'tableau', 'tensorflow']"
236,APPAREL,2.5,4.17,0.0,1,23,['r'],"['agile', 'aws', 'azure', 'communication', 'computer vision', 'data analysis', 'data mining', 'data visualization', 'deep learning', 'git', 'machine learning', 'matplotlib', 'neural network', 'nlp', 'numpy', 'pandas', 'python', 'pytorch', 'scikit', 'sql', 'statistics', 'tableau', 'tensorflow']"
237,APPAREL,2.5,4.17,0.0,1,23,['r'],"['agile', 'aws', 'azure', 'communication', 'computer vision', 'data analysis', 'data mining', 'data visualization', 'deep learning', 'git', 'machine learning', 'matplotlib', 'neural network', 'nlp', 'numpy', 'pandas', 'python', 'pytorch', 'scikit', 'sql', 'statistics', 'tableau', 'tensorflow']"
238,APPAREL,2.5,4.17,0.0,1,23,['r'],"['agile', 'aws', 'azure', 'communication', 'computer vision', 'data analysis', 'data mining', 'data visualization', 'deep learning', 'git', 'machine learning', 'matplotlib', 'neural network', 'nlp', 'numpy', 'pandas', 'python', 'pytorch', 'scikit', 'sql', 'statistics', 'tableau', 'tensorflow']"
239,APPAREL,2.5,4.17,0.0,1,23,['r'],"['agile', 'aws', 'azure', 'communication', 'computer vision', 'data analysis', 'data mining', 'data visualization', 'deep learning', 'git', 'machine learning', 'matplotlib', 'neural network', 'nlp', 'numpy', 'pandas', 'python', 'pytorch', 'scikit', 'sql', 'statistics', 'tableau', 'tensorflow']"
240,APPAREL,2.5,4.17,0.0,1,23,['r'],"['agile', 'aws', 'azure', 'communication', 'computer vision', 'data analysis', 'data mining', 'data visualization', 'deep learning', 'git', 'machine learning', 'matplotlib', 'neural network', 'nlp', 'numpy', 'pandas', 'python', 'pytorch', 'scikit', 'sql', 'statistics', 'tableau', 'tensorflow']"
241,APPAREL,2.5,4.17,0.0,1,23,['r'],"['agile', 'aws', 'azure', 'communication', 'computer vision', 'data analysis', 'data mining', 'data visualization', 'deep learning', 'git', 'machine learning', 'matplotlib', 'neural network', 'nlp', 'numpy', 'pandas', 'python', 'pytorch', 'scikit', 'sql', 'statistics', 'tableau', 'tensorflow']"
242,APPAREL,2.5,4.17,0.0,1,23,['r'],"['agile', 'aws', 'azure', 'communication', 'computer vision', 'data analysis', 'data mining', 'data visualization', 'deep learning', 'git', 'machine learning', 'matplotlib', 'neural network', 'nlp', 'numpy', 'pandas', 'python', 'pytorch', 'scikit', 'sql', 'statistics', 'tableau', 'tensorflow']"
243,APPAREL,2.5,4.17,0.0,1,23,['r'],"['agile', 'aws', 'azure', 'communication', 'computer vision', 'data analysis', 'data mining', 'data visualization', 'deep learning', 'git', 'machine learning', 'matplotlib', 'neural network', 'nlp', 'numpy', 'pandas', 'python', 'pytorch', 'scikit', 'sql', 'statistics', 'tableau', 'tensorflow']"
244,APPAREL,2.5,4.17,0.0,1,23,['r'],"['agile', 'aws', 'azure', 'communication', 'computer vision', 'data analysis', 'data mining', 'data visualization', 'deep learning', 'git', 'machine learning', 'matplotlib', 'neural network', 'nlp', 'numpy', 'pandas', 'python', 'pytorch', 'scikit', 'sql', 'statistics', 'tableau', 'tensorflow']"
245,APPAREL,2.5,4.17,0.0,1,23,['r'],"['agile', 'aws', 'azure', 'communication', 'computer vision', 'data analysis', 'data mining', 'data visualization', 'deep learning', 'git', 'machine learning', 'matplotlib', 'neural network', 'nlp', 'numpy', 'pandas', 'python', 'pytorch', 'scikit', 'sql', 'statistics', 'tableau', 'tensorflow']"
246,APPAREL,2.5,4.17,0.0,1,23,['r'],"['agile', 'aws', 'azure', 'communication', 'computer vision', 'data analysis', 'data mining', 'data visualization', 'deep learning', 'git', 'machine learning', 'matplotlib', 'neural network', 'nlp', 'numpy', 'pandas', 'python', 'pytorch', 'scikit', 'sql', 'statistics', 'tableau', 'tensorflow']"
247,APPAREL,2.5,4.17,0.0,1,23,['r'],"['agile', 'aws', 'azure', 'communication', 'computer vision', 'data analysis', 'data mining', 'data visualization', 'deep learning', 'git', 'machine learning', 'matplotlib', 'neural network', 'nlp', 'numpy', 'pandas', 'python', 'pytorch', 'scikit', 'sql', 'statistics', 'tableau', 'tensorflow']"
248,APPAREL,2.5,4.17,0.0,1,23,['r'],"['agile', 'aws', 'azure', 'communication', 'computer vision', 'data analysis', 'data mining', 'data visualization', 'deep learning', 'git', 'machine learning', 'matplotlib', 'neural network', 'nlp', 'numpy', 'pandas', 'python', 'pytorch', 'scikit', 'sql', 'statistics', 'tableau', 'tensorflow']"
249,APPAREL,2.5,4.17,0.0,1,23,['r'],"['agile', 'aws', 'azure', 'communication', 'computer vision', 'data analysis', 'data mining', 'data visualization', 'deep learning', 'git', 'machine learning', 'matplotlib', 'neural network', 'nlp', 'numpy', 'pandas', 'python', 'pytorch', 'scikit', 'sql', 'statistics', 'tableau', 'tensorflow']"
250,APPAREL,2.5,4.17,0.0,1,23,['r'],"['agile', 'aws', 'azure', 'communication', 'computer vision', 'data analysis', 'data mining', 'data visualization', 'deep learning', 'git', 'machine learning', 'matplotlib', 'neural network', 'nlp', 'numpy', 'pandas', 'python', 'pytorch', 'scikit', 'sql', 'statistics', 'tableau', 'tensorflow']"
251,APPAREL,2.5,4.17,0.0,1,23,['r'],"['agile', 'aws', 'azure', 'communication', 'computer vision', 'data analysis', 'data mining', 'data visualization', 'deep learning', 'git', 'machine learning', 'matplotlib', 'neural network', 'nlp', 'numpy', 'pandas', 'python', 'pytorch', 'scikit', 'sql', 'statistics', 'tableau', 'tensorflow']"
252,APPAREL,2.5,4.17,0.0,1,23,['r'],"['agile', 'aws', 'azure', 'communication', 'computer vision', 'data analysis', 'data mining', 'data visualization', 'deep learning', 'git', 'machine learning', 'matplotlib', 'neural network', 'nlp', 'numpy', 'pandas', 'python', 'pytorch', 'scikit', 'sql', 'statistics', 'tableau', 'tensorflow']"
253,APPAREL,2.5,4.17,0.0,1,23,['r'],"['agile', 'aws', 'azure', 'communication', 'computer vision', 'data analysis', 'data mining', 'data visualization', 'deep learning', 'git', 'machine learning', 'matplotlib', 'neural network', 'nlp', 'numpy', 'pandas', 'python', 'pytorch', 'scikit', 'sql', 'statistics', 'tableau', 'tensorflow']"
254,APPAREL,2.5,4.17,0.0,1,23,['r'],"['agile', 'aws', 'azure', 'communication', 'computer vision', 'data analysis', 'data mining', 'data visualization', 'deep learning', 'git', 'machine learning', 'matplotlib', 'neural network', 'nlp', 'numpy', 'pandas', 'python', 'pytorch', 'scikit', 'sql', 'statistics', 'tableau', 'tensorflow']"
255,APPAREL,2.5,4.17,0.0,1,23,['r'],"['agile', 'aws', 'azure', 'communication', 'computer vision', 'data analysis', 'data mining', 'data visualization', 'deep learning', 'git', 'machine learning', 'matplotlib', 'neural network', 'nlp', 'numpy', 'pandas', 'python', 'pytorch', 'scikit', 'sql', 'statistics', 'tableau', 'tensorflow']"
256,APPAREL,2.5,4.17,0.0,1,23,['r'],"['agile', 'aws', 'azure', 'communication', 'computer vision', 'data analysis', 'data mining', 'data visualization', 'deep learning', 'git', 'machine learning', 'matplotlib', 'neural network', 'nlp', 'numpy', 'pandas', 'python', 'pytorch', 'scikit', 'sql', 'statistics', 'tableau', 'tensorflow']"
257,APPAREL,2.5,4.17,0.0,1,23,['r'],"['agile', 'aws', 'azure', 'communication', 'computer vision', 'data analysis', 'data mining', 'data visualization', 'deep learning', 'git', 'machine learning', 'matplotlib', 'neural network', 'nlp', 'numpy', 'pandas', 'python', 'pytorch', 'scikit', 'sql', 'statistics', 'tableau', 'tensorflow']"
258,APPAREL,2.5,4.17,0.0,1,23,['r'],"['agile', 'aws', 'azure', 'communication', 'computer vision', 'data analysis', 'data mining', 'data visualization', 'deep learning', 'git', 'machine learning', 'matplotlib', 'neural network', 'nlp', 'numpy', 'pandas', 'python', 'pytorch', 'scikit', 'sql', 'statistics', 'tableau', 'tensorflow']"
259,APPAREL,2.5,4.17,0.0,1,23,['r'],"['agile', 'aws', 'azure', 'communication', 'computer vision', 'data analysis', 'data mining', 'data visualization', 'deep learning', 'git', 'machine learning', 'matplotlib', 'neural network', 'nlp', 'numpy', 'pandas', 'python', 'pytorch', 'scikit', 'sql', 'statistics', 'tableau', 'tensorflow']"
260,APPAREL,2.5,4.17,0.0,1,23,['r'],"['agile', 'aws', 'azure', 'communication', 'computer vision', 'data analysis', 'data mining', 'data visualization', 'deep learning', 'git', 'machine learning', 'matplotlib', 'neural network', 'nlp', 'numpy', 'pandas', 'python', 'pytorch', 'scikit', 'sql', 'statistics', 'tableau', 'tensorflow']"
261,APPAREL,2.5,4.17,0.0,1,23,['r'],"['agile', 'aws', 'azure', 'communication', 'computer vision', 'data analysis', 'data mining', 'data visualization', 'deep learning', 'git', 'machine learning', 'matplotlib', 'neural network', 'nlp', 'numpy', 'pandas', 'python', 'pytorch', 'scikit', 'sql', 'statistics', 'tableau', 'tensorflow']"
262,APPAREL,2.5,4.17,0.0,1,23,['r'],"['agile', 'aws', 'azure', 'communication', 'computer vision', 'data analysis', 'data mining', 'data visualization', 'deep learning', 'git', 'machine learning', 'matplotlib', 'neural network', 'nlp', 'numpy', 'pandas', 'python', 'pytorch', 'scikit', 'sql', 'statistics', 'tableau', 'tensorflow']"
263,APPAREL,2.5,4.17,0.0,1,23,['r'],"['agile', 'aws', 'azure', 'communication', 'computer vision', 'data analysis', 'data mining', 'data visualization', 'deep learning', 'git', 'machine learning', 'matplotlib', 'neural network', 'nlp', 'numpy', 'pandas', 'python', 'pytorch', 'scikit', 'sql', 'statistics', 'tableau', 'tensorflow']"
264,APPAREL,2.5,4.17,0.0,1,23,['r'],"['agile', 'aws', 'azure', 'communication', 'computer vision', 'data analysis', 'data mining', 'data visualization', 'deep learning', 'git', 'machine learning', 'matplotlib', 'neural network', 'nlp', 'numpy', 'pandas', 'python', 'pytorch', 'scikit', 'sql', 'statistics', 'tableau', 'tensorflow']"
265,APPAREL,2.5,4.17,0.0,1,23,['r'],"['agile', 'aws', 'azure', 'communication', 'computer vision', 'data analysis', 'data mining', 'data visualization', 'deep learning', 'git', 'machine learning', 'matplotlib', 'neural network', 'nlp', 'numpy', 'pandas', 'python', 'pytorch', 'scikit', 'sql', 'statistics', 'tableau', 'tensorflow']"
266,APPAREL,2.5,4.17,0.0,1,23,['r'],"['agile', 'aws', 'azure', 'communication', 'computer vision', 'data analysis', 'data mining', 'data visualization', 'deep learning', 'git', 'machine learning', 'matplotlib', 'neural network', 'nlp', 'numpy', 'pandas', 'python', 'pytorch', 'scikit', 'sql', 'statistics', 'tableau', 'tensorflow']"
267,APPAREL,2.5,4.17,0.0,1,23,['r'],"['agile', 'aws', 'azure', 'communication', 'computer vision', 'data analysis', 'data mining', 'data visualization', 'deep learning', 'git', 'machine learning', 'matplotlib', 'neural network', 'nlp', 'numpy', 'pandas', 'python', 'pytorch', 'scikit', 'sql', 'statistics', 'tableau', 'tensorflow']"
268,APPAREL,2.5,4.17,0.0,1,23,['r'],"['agile', 'aws', 'azure', 'communication', 'computer vision', 'data analysis', 'data mining', 'data visualization', 'deep learning', 'git', 'machine learning', 'matplotlib', 'neural network', 'nlp', 'numpy', 'pandas', 'python', 'pytorch', 'scikit', 'sql', 'statistics', 'tableau', 'tensorflow']"
269,APPAREL,2.5,4.17,0.0,1,23,['r'],"['agile', 'aws', 'azure', 'communication', 'computer vision', 'data analysis', 'data mining', 'data visualization', 'deep learning', 'git', 'machine learning', 'matplotlib', 'neural network', 'nlp', 'numpy', 'pandas', 'python', 'pytorch', 'scikit', 'sql', 'statistics', 'tableau', 'tensorflow']"
270,APPAREL,2.5,4.17,0.0,1,23,['r'],"['agile', 'aws', 'azure', 'communication', 'computer vision', 'data analysis', 'data mining', 'data visualization', 'deep learning', 'git', 'machine learning', 'matplotlib', 'neural network', 'nlp', 'numpy', 'pandas', 'python', 'pytorch', 'scikit', 'sql', 'statistics', 'tableau', 'tensorflow']"
271,APPAREL,2.5,4.17,0.0,1,23,['r'],"['agile', 'aws', 'azure', 'communication', 'computer vision', 'data analysis', 'data mining', 'data visualization', 'deep learning', 'git', 'machine learning', 'matplotlib', 'neural network', 'nlp', 'numpy', 'pandas', 'python', 'pytorch', 'scikit', 'sql', 'statistics', 'tableau', 'tensorflow']"
272,APPAREL,2.5,4.17,0.0,1,23,['r'],"['agile', 'aws', 'azure', 'communication', 'computer vision', 'data analysis', 'data mining', 'data visualization', 'deep learning', 'git', 'machine learning', 'matplotlib', 'neural network', 'nlp', 'numpy', 'pandas', 'python', 'pytorch', 'scikit', 'sql', 'statistics', 'tableau', 'tensorflow']"
273,APPAREL,2.5,4.17,0.0,1,23,['r'],"['agile', 'aws', 'azure', 'communication', 'computer vision', 'data analysis', 'data mining', 'data visualization', 'deep learning', 'git', 'machine learning', 'matplotlib', 'neural network', 'nlp', 'numpy', 'pandas', 'python', 'pytorch', 'scikit', 'sql', 'statistics', 'tableau', 'tensorflow']"
274,APPAREL,2.5,4.17,0.0,1,23,['r'],"['agile', 'aws', 'azure', 'communication', 'computer vision', 'data analysis', 'data mining', 'data visualization', 'deep learning', 'git', 'machine learning', 'matplotlib', 'neural network', 'nlp', 'numpy', 'pandas', 'python', 'pytorch', 'scikit', 'sql', 'statistics', 'tableau', 'tensorflow']"
275,APPAREL,2.5,4.17,0.0,1,23,['r'],"['agile', 'aws', 'azure', 'communication', 'computer vision', 'data analysis', 'data mining', 'data visualization', 'deep learning', 'git', 'machine learning', 'matplotlib', 'neural network', 'nlp', 'numpy', 'pandas', 'python', 'pytorch', 'scikit', 'sql', 'statistics', 'tableau', 'tensorflow']"
276,APPAREL,2.5,4.17,0.0,1,23,['r'],"['agile', 'aws', 'azure', 'communication', 'computer vision', 'data analysis', 'data mining', 'data visualization', 'deep learning', 'git', 'machine learning', 'matplotlib', 'neural network', 'nlp', 'numpy', 'pandas', 'python', 'pytorch', 'scikit', 'sql', 'statistics', 'tableau', 'tensorflow']"
277,APPAREL,2.5,4.17,0.0,1,23,['r'],"['agile', 'aws', 'azure', 'communication', 'computer vision', 'data analysis', 'data mining', 'data visualization', 'deep learning', 'git', 'machine learning', 'matplotlib', 'neural network', 'nlp', 'numpy', 'pandas', 'python', 'pytorch', 'scikit', 'sql', 'statistics', 'tableau', 'tensorflow']"
278,ENGINEERING,2.5,4.17,0.0,1,23,['r'],"['agile', 'aws', 'azure', 'communication', 'computer vision', 'data analysis', 'data mining', 'data visualization', 'deep learning', 'git', 'machine learning', 'matplotlib', 'neural network', 'nlp', 'numpy', 'pandas', 'python', 'pytorch', 'scikit', 'sql', 'statistics', 'tableau', 'tensorflow']"
279,ENGINEERING,2.5,4.17,0.0,1,23,['r'],"['agile', 'aws', 'azure', 'communication', 'computer vision', 'data analysis', 'data mining', 'data visualization', 'deep learning', 'git', 'machine learning', 'matplotlib', 'neural network', 'nlp', 'numpy', 'pandas', 'python', 'pytorch', 'scikit', 'sql', 'statistics', 'tableau', 'tensorflow']"
280,ENGINEERING,2.5,4.17,0.0,1,23,['r'],"['agile', 'aws', 'azure', 'communication', 'computer vision', 'data analysis', 'data mining', 'data visualization', 'deep learning', 'git', 'machine learning', 'matplotlib', 'neural network', 'nlp', 'numpy', 'pandas', 'python', 'pytorch', 'scikit', 'sql', 'statistics', 'tableau', 'tensorflow']"
281,ENGINEERING,2.5,4.17,0.0,1,23,['r'],"['agile', 'aws', 'azure', 'communication', 'computer vision', 'data analysis', 'data mining', 'data visualization', 'deep learning', 'git', 'machine learning', 'matplotlib', 'neural network', 'nlp', 'numpy', 'pandas', 'python', 'pytorch', 'scikit', 'sql', 'statistics', 'tableau', 'tensorflow']"
282,ENGINEERING,2.5,4.17,0.0,1,23,['r'],"['agile', 'aws', 'azure', 'communication', 'computer vision', 'data analysis', 'data mining', 'data visualization', 'deep learning', 'git', 'machine learning', 'matplotlib', 'neural network', 'nlp', 'numpy', 'pandas', 'python', 'pytorch', 'scikit', 'sql', 'statistics', 'tableau', 'tensorflow']"
283,ENGINEERING,2.5,4.17,0.0,1,23,['r'],"['agile', 'aws', 'azure', 'communication', 'computer vision', 'data analysis', 'data mining', 'data visualization', 'deep learning', 'git', 'machine learning', 'matplotlib', 'neural network', 'nlp', 'numpy', 'pandas', 'python', 'pytorch', 'scikit', 'sql', 'statistics', 'tableau', 'tensorflow']"
284,ENGINEERING,2.5,4.17,0.0,1,23,['r'],"['agile', 'aws', 'azure', 'communication', 'computer vision', 'data analysis', 'data mining', 'data visualization', 'deep learning', 'git', 'machine learning', 'matplotlib', 'neural network', 'nlp', 'numpy', 'pandas', 'python', 'pytorch', 'scikit', 'sql', 'statistics', 'tableau', 'tensorflow']"
285,ENGINEERING,2.5,4.17,0.0,1,23,['r'],"['agile', 'aws', 'azure', 'communication', 'computer vision', 'data analysis', 'data mining', 'data visualization', 'deep learning', 'git', 'machine learning', 'matplotlib', 'neural network', 'nlp', 'numpy', 'pandas', 'python', 'pytorch', 'scikit', 'sql', 'statistics', 'tableau', 'tensorflow']"
286,ENGINEERING,2.5,4.17,0.0,1,23,['r'],"['agile', 'aws', 'azure', 'communication', 'computer vision', 'data analysis', 'data mining', 'data visualization', 'deep learning', 'git', 'machine learning', 'matplotlib', 'neural network', 'nlp', 'numpy', 'pandas', 'python', 'pytorch', 'scikit', 'sql', 'statistics', 'tableau', 'tensorflow']"
287,ENGINEERING,2.5,4.17,0.0,1,23,['r'],"['agile', 'aws', 'azure', 'communication', 'computer vision', 'data analysis', 'data mining', 'data visualization', 'deep learning', 'git', 'machine learning', 'matplotlib', 'neural network', 'nlp', 'numpy', 'pandas', 'python', 'pytorch', 'scikit', 'sql', 'statistics', 'tableau', 'tensorflow']"
288,ENGINEERING,2.5,4.17,0.0,1,23,['r'],"['agile', 'aws', 'azure', 'communication', 'computer vision', 'data analysis', 'data mining', 'data visualization', 'deep learning', 'git', 'machine learning', 'matplotlib', 'neural network', 'nlp', 'numpy', 'pandas', 'python', 'pytorch', 'scikit', 'sql', 'statistics', 'tableau', 'tensorflow']"
289,ENGINEERING,2.5,4.17,0.0,1,23,['r'],"['agile', 'aws', 'azure', 'communication', 'computer vision', 'data analysis', 'data mining', 'data visualization', 'deep learning', 'git', 'machine learning', 'matplotlib', 'neural network', 'nlp', 'numpy', 'pandas', 'python', 'pytorch', 'scikit', 'sql', 'statistics', 'tableau', 'tensorflow']"
290,ENGINEERING,2.5,4.17,0.0,1,23,['r'],"['agile', 'aws', 'azure', 'communication', 'computer vision', 'data analysis', 'data mining', 'data visualization', 'deep learning', 'git', 'machine learning', 'matplotlib', 'neural network', 'nlp', 'numpy', 'pandas', 'python', 'pytorch', 'scikit', 'sql', 'statistics', 'tableau', 'tensorflow']"
291,ENGINEERING,2.5,4.17,0.0,1,23,['r'],"['agile', 'aws', 'azure', 'communication', 'computer vision', 'data analysis', 'data mining', 'data visualization', 'deep learning', 'git', 'machine learning', 'matplotlib', 'neural network', 'nlp', 'numpy', 'pandas', 'python', 'pytorch', 'scikit', 'sql', 'statistics', 'tableau', 'tensorflow']"
292,ENGINEERING,2.5,4.17,0.0,1,23,['r'],"['agile', 'aws', 'azure', 'communication', 'computer vision', 'data analysis', 'data mining', 'data visualization', 'deep learning', 'git', 'machine learning', 'matplotlib', 'neural network', 'nlp', 'numpy', 'pandas', 'python', 'pytorch', 'scikit', 'sql', 'statistics', 'tableau', 'tensorflow']"
293,ENGINEERING,2.5,4.17,0.0,1,23,['r'],"['agile', 'aws', 'azure', 'communication', 'computer vision', 'data analysis', 'data mining', 'data visualization', 'deep learning', 'git', 'machine learning', 'matplotlib', 'neural network', 'nlp', 'numpy', 'pandas', 'python', 'pytorch', 'scikit', 'sql', 'statistics', 'tableau', 'tensorflow']"
294,ENGINEERING,2.5,4.17,0.0,1,23,['r'],"['agile', 'aws', 'azure', 'communication', 'computer vision', 'data analysis', 'data mining', 'data visualization', 'deep learning', 'git', 'machine learning', 'matplotlib', 'neural network', 'nlp', 'numpy', 'pandas', 'python', 'pytorch', 'scikit', 'sql', 'statistics', 'tableau', 'tensorflow']"
295,ENGINEERING,2.5,4.17,0.0,1,23,['r'],"['agile', 'aws', 'azure', 'communication', 'computer vision', 'data analysis', 'data mining', 'data visualization', 'deep learning', 'git', 'machine learning', 'matplotlib', 'neural network', 'nlp', 'numpy', 'pandas', 'python', 'pytorch', 'scikit', 'sql', 'statistics', 'tableau', 'tensorflow']"
296,ENGINEERING,2.5,4.17,0.0,1,23,['r'],"['agile', 'aws', 'azure', 'communication', 'computer vision', 'data analysis', 'data mining', 'data visualization', 'deep learning', 'git', 'machine learning', 'matplotlib', 'neural network', 'nlp', 'numpy', 'pandas', 'python', 'pytorch', 'scikit', 'sql', 'statistics', 'tableau', 'tensorflow']"
297,ENGINEERING,2.5,4.17,0.0,1,23,['r'],"['agile', 'aws', 'azure', 'communication', 'computer vision', 'data analysis', 'data mining', 'data visualization', 'deep learning', 'git', 'machine learning', 'matplotlib', 'neural network', 'nlp', 'numpy', 'pandas', 'python', 'pytorch', 'scikit', 'sql', 'statistics', 'tableau', 'tensorflow']"
298,ENGINEERING,2.5,4.17,0.0,1,23,['r'],"['agile', 'aws', 'azure', 'communication', 'computer vision', 'data analysis', 'data mining', 'data visualization', 'deep learning', 'git', 'machine learning', 'matplotlib', 'neural network', 'nlp', 'numpy', 'pandas', 'python', 'pytorch', 'scikit', 'sql', 'statistics', 'tableau', 'tensorflow']"
299,ENGINEERING,2.5,4.17,0.0,1,23,['r'],"['agile', 'aws', 'azure', 'communication', 'computer vision', 'data analysis', 'data mining', 'data visualization', 'deep learning', 'git', 'machine learning', 'matplotlib', 'neural network', 'nlp', 'numpy', 'pandas', 'python', 'pytorch', 'scikit', 'sql', 'statistics', 'tableau', 'tensorflow']"
300,ENGINEERING,2.5,4.17,0.0,1,23,['r'],"['agile', 'aws', 'azure', 'communication', 'computer vision', 'data analysis', 'data mining', 'data visualization', 'deep learning', 'git', 'machine learning', 'matplotlib', 'neural network', 'nlp', 'numpy', 'pandas', 'python', 'pytorch', 'scikit', 'sql', 'statistics', 'tableau', 'tensorflow']"
301,ENGINEERING,2.5,4.17,0.0,1,23,['r'],"['agile', 'aws', 'azure', 'communication', 'computer vision', 'data analysis', 'data mining', 'data visualization', 'deep learning', 'git', 'machine learning', 'matplotlib', 'neural network', 'nlp', 'numpy', 'pandas', 'python', 'pytorch', 'scikit', 'sql', 'statistics', 'tableau', 'tensorflow']"
302,ENGINEERING,2.5,4.17,0.0,1,23,['r'],"['agile', 'aws', 'azure', 'communication', 'computer vision', 'data analysis', 'data mining', 'data visualization', 'deep learning', 'git', 'machine learning', 'matplotlib', 'neural network', 'nlp', 'numpy', 'pandas', 'python', 'pytorch', 'scikit', 'sql', 'statistics', 'tableau', 'tensorflow']"
303,ENGINEERING,2.5,4.17,0.0,1,23,['r'],"['agile', 'aws', 'azure', 'communication', 'computer vision', 'data analysis', 'data mining', 'data visualization', 'deep learning', 'git', 'machine learning', 'matplotlib', 'neural network', 'nlp', 'numpy', 'pandas', 'python', 'pytorch', 'scikit', 'sql', 'statistics', 'tableau', 'tensorflow']"
304,ENGINEERING,2.5,4.17,0.0,1,23,['r'],"['agile', 'aws', 'azure', 'communication', 'computer vision', 'data analysis', 'data mining', 'data visualization', 'deep learning', 'git', 'machine learning', 'matplotlib', 'neural network', 'nlp', 'numpy', 'pandas', 'python', 'pytorch', 'scikit', 'sql', 'statistics', 'tableau', 'tensorflow']"
305,ENGINEERING,2.5,4.17,0.0,1,23,['r'],"['agile', 'aws', 'azure', 'communication', 'computer vision', 'data analysis', 'data mining', 'data visualization', 'deep learning', 'git', 'machine learning', 'matplotlib', 'neural network', 'nlp', 'numpy', 'pandas', 'python', 'pytorch', 'scikit', 'sql', 'statistics', 'tableau', 'tensorflow']"
306,ENGINEERING,2.5,4.17,0.0,1,23,['r'],"['agile', 'aws', 'azure', 'communication', 'computer vision', 'data analysis', 'data mining', 'data visualization', 'deep learning', 'git', 'machine learning', 'matplotlib', 'neural network', 'nlp', 'numpy', 'pandas', 'python', 'pytorch', 'scikit', 'sql', 'statistics', 'tableau', 'tensorflow']"
307,ENGINEERING,2.5,4.17,0.0,1,23,['r'],"['agile', 'aws', 'azure', 'communication', 'computer vision', 'data analysis', 'data mining', 'data visualization', 'deep learning', 'git', 'machine learning', 'matplotlib', 'neural network', 'nlp', 'numpy', 'pandas', 'python', 'pytorch', 'scikit', 'sql', 'statistics', 'tableau', 'tensorflow']"
308,ENGINEERING,2.5,4.17,0.0,1,23,['r'],"['agile', 'aws', 'azure', 'communication', 'computer vision', 'data analysis', 'data mining', 'data visualization', 'deep learning', 'git', 'machine learning', 'matplotlib', 'neural network', 'nlp', 'numpy', 'pandas', 'python', 'pytorch', 'scikit', 'sql', 'statistics', 'tableau', 'tensorflow']"
309,ENGINEERING,2.5,4.17,0.0,1,23,['r'],"['agile', 'aws', 'azure', 'communication', 'computer vision', 'data analysis', 'data mining', 'data visualization', 'deep learning', 'git', 'machine learning', 'matplotlib', 'neural network', 'nlp', 'numpy', 'pandas', 'python', 'pytorch', 'scikit', 'sql', 'statistics', 'tableau', 'tensorflow']"
310,ENGINEERING,2.5,4.17,0.0,1,23,['r'],"['agile', 'aws', 'azure', 'communication', 'computer vision', 'data analysis', 'data mining', 'data visualization', 'deep learning', 'git', 'machine learning', 'matplotlib', 'neural network', 'nlp', 'numpy', 'pandas', 'python', 'pytorch', 'scikit', 'sql', 'statistics', 'tableau', 'tensorflow']"
311,ENGINEERING,2.5,4.17,0.0,1,23,['r'],"['agile', 'aws', 'azure', 'communication', 'computer vision', 'data analysis', 'data mining', 'data visualization', 'deep learning', 'git', 'machine learning', 'matplotlib', 'neural network', 'nlp', 'numpy', 'pandas', 'python', 'pytorch', 'scikit', 'sql', 'statistics', 'tableau', 'tensorflow']"
312,ACCOUNTANT,2.5,4.17,0.0,1,23,['r'],"['agile', 'aws', 'azure', 'communication', 'computer vision', 'data analysis', 'data mining', 'data visualization', 'deep learning', 'git', 'machine learning', 'matplotlib', 'neural network', 'nlp', 'numpy', 'pandas', 'python', 'pytorch', 'scikit', 'sql', 'statistics', 'tableau', 'tensorflow']"
313,ACCOUNTANT,2.5,4.17,0.0,1,23,['r'],"['agile', 'aws', 'azure', 'communication', 'computer vision', 'data analysis', 'data mining', 'data visualization', 'deep learning', 'git', 'machine learning', 'matplotlib', 'neural network', 'nlp', 'numpy', 'pandas', 'python', 'pytorch', 'scikit', 'sql', 'statistics', 'tableau', 'tensorflow']"
314,ACCOUNTANT,2.5,4.17,0.0,1,23,['r'],"['agile', 'aws', 'azure', 'communication', 'computer vision', 'data analysis', 'data mining', 'data visualization', 'deep learning', 'git', 'machine learning', 'matplotlib', 'neural network', 'nlp', 'numpy', 'pandas', 'python', 'pytorch', 'scikit', 'sql', 'statistics', 'tableau', 'tensorflow']"
315,ACCOUNTANT,2.5,4.17,0.0,1,23,['r'],"['agile', 'aws', 'azure', 'communication', 'computer vision', 'data analysis', 'data mining', 'data visualization', 'deep learning', 'git', 'machine learning', 'matplotlib', 'neural network', 'nlp', 'numpy', 'pandas', 'python', 'pytorch', 'scikit', 'sql', 'statistics', 'tableau', 'tensorflow']"
316,ACCOUNTANT,2.5,4.17,0.0,1,23,['r'],"['agile', 'aws', 'azure', 'communication', 'computer vision', 'data analysis', 'data mining', 'data visualization', 'deep learning', 'git', 'machine learning', 'matplotlib', 'neural network', 'nlp', 'numpy', 'pandas', 'python', 'pytorch', 'scikit', 'sql', 'statistics', 'tableau', 'tensorflow']"
317,ACCOUNTANT,2.5,4.17,0.0,1,23,['r'],"['agile', 'aws', 'azure', 'communication', 'computer vision', 'data analysis', 'data mining', 'data visualization', 'deep learning', 'git', 'machine learning', 'matplotlib', 'neural network', 'nlp', 'numpy', 'pandas', 'python', 'pytorch', 'scikit', 'sql', 'statistics', 'tableau', 'tensorflow']"
318,ACCOUNTANT,2.5,4.17,0.0,1,23,['r'],"['agile', 'aws', 'azure', 'communication', 'computer vision', 'data analysis', 'data mining', 'data visualization', 'deep learning', 'git', 'machine learning', 'matplotlib', 'neural network', 'nlp', 'numpy', 'pandas', 'python', 'pytorch', 'scikit', 'sql', 'statistics', 'tableau', 'tensorflow']"
319,ENGINEERING,2.5,4.17,0.0,1,23,['r'],"['agile', 'aws', 'azure', 'communication', 'computer vision', 'data analysis', 'data mining', 'data visualization', 'deep learning', 'git', 'machine learning', 'matplotlib', 'neural network', 'nlp', 'numpy', 'pandas', 'python', 'pytorch', 'scikit', 'sql', 'statistics', 'tableau', 'tensorflow']"
320,ACCOUNTANT,2.5,4.17,0.0,1,23,['r'],"['agile', 'aws', 'azure', 'communication', 'computer vision', 'data analysis', 'data mining', 'data visualization', 'deep learning', 'git', 'machine learning', 'matplotlib', 'neural network', 'nlp', 'numpy', 'pandas', 'python', 'pytorch', 'scikit', 'sql', 'statistics', 'tableau', 'tensorflow']"
321,ACCOUNTANT,2.5,4.17,0.0,1,23,['r'],"['agile', 'aws', 'azure', 'communication', 'computer vision', 'data analysis', 'data mining', 'data visualization', 'deep learning', 'git', 'machine learning', 'matplotlib', 'neural network', 'nlp', 'numpy', 'pandas', 'python', 'pytorch', 'scikit', 'sql', 'statistics', 'tableau', 'tensorflow']"
322,ACCOUNTANT,2.5,4.17,0.0,1,23,['r'],"['agile', 'aws', 'azure', 'communication', 'computer vision', 'data analysis', 'data mining', 'data visualization', 'deep learning', 'git', 'machine learning', 'matplotlib', 'neural network', 'nlp', 'numpy', 'pandas', 'python', 'pytorch', 'scikit', 'sql', 'statistics', 'tableau', 'tensorflow']"
323,ACCOUNTANT,2.5,4.17,0.0,1,23,['r'],"['agile', 'aws', 'azure', 'communication', 'computer vision', 'data analysis', 'data mining', 'data visualization', 'deep learning', 'git', 'machine learning', 'matplotlib', 'neural network', 'nlp', 'numpy', 'pandas', 'python', 'pytorch', 'scikit', 'sql', 'statistics', 'tableau', 'tensorflow']"
324,ACCOUNTANT,2.5,4.17,0.0,1,23,['r'],"['agile', 'aws', 'azure', 'communication', 'computer vision', 'data analysis', 'data mining', 'data visualization', 'deep learning', 'git', 'machine learning', 'matplotlib', 'neural network', 'nlp', 'numpy', 'pandas', 'python', 'pytorch', 'scikit', 'sql', 'statistics', 'tableau', 'tensorflow']"
325,ACCOUNTANT,2.5,4.17,0.0,1,23,['r'],"['agile', 'aws', 'azure', 'communication', 'computer vision', 'data analysis', 'data mining', 'data visualization', 'deep learning', 'git', 'machine learning', 'matplotlib', 'neural network', 'nlp', 'numpy', 'pandas', 'python', 'pytorch', 'scikit', 'sql', 'statistics', 'tableau', 'tensorflow']"
326,ACCOUNTANT,2.5,4.17,0.0,1,23,['r'],"['agile', 'aws', 'azure', 'communication', 'computer vision', 'data analysis', 'data mining', 'data visualization', 'deep learning', 'git', 'machine learning', 'matplotlib', 'neural network', 'nlp', 'numpy', 'pandas', 'python', 'pytorch', 'scikit', 'sql', 'statistics', 'tableau', 'tensorflow']"
327,ACCOUNTANT,2.5,4.17,0.0,1,23,['r'],"['agile', 'aws', 'azure', 'communication', 'computer vision', 'data analysis', 'data mining', 'data visualization', 'deep learning', 'git', 'machine learning', 'matplotlib', 'neural network', 'nlp', 'numpy', 'pandas', 'python', 'pytorch', 'scikit', 'sql', 'statistics', 'tableau', 'tensorflow']"
328,ACCOUNTANT,2.5,4.17,0.0,1,23,['r'],"['agile', 'aws', 'azure', 'communication', 'computer vision', 'data analysis', 'data mining', 'data visualization', 'deep learning', 'git', 'machine learning', 'matplotlib', 'neural network', 'nlp', 'numpy', 'pandas', 'python', 'pytorch', 'scikit', 'sql', 'statistics', 'tableau', 'tensorflow']"
329,ENGINEERING,2.5,4.17,0.0,1,23,['r'],"['agile', 'aws', 'azure', 'communication', 'computer vision', 'data analysis', 'data mining', 'data visualization', 'deep learning', 'git', 'machine learning', 'matplotlib', 'neural network', 'nlp', 'numpy', 'pandas', 'python', 'pytorch', 'scikit', 'sql', 'statistics', 'tableau', 'tensorflow']"
330,ENGINEERING,2.5,4.17,0.0,1,23,['r'],"['agile', 'aws', 'azure', 'communication', 'computer vision', 'data analysis', 'data mining', 'data visualization', 'deep learning', 'git', 'machine learning', 'matplotlib', 'neural network', 'nlp', 'numpy', 'pandas', 'python', 'pytorch', 'scikit', 'sql', 'statistics', 'tableau', 'tensorflow']"
331,ENGINEERING,2.5,4.17,0.0,1,23,['r'],"['agile', 'aws', 'azure', 'communication', 'computer vision', 'data analysis', 'data mining', 'data visualization', 'deep learning', 'git', 'machine learning', 'matplotlib', 'neural network', 'nlp', 'numpy', 'pandas', 'python', 'pytorch', 'scikit', 'sql', 'statistics', 'tableau', 'tensorflow']"
332,ENGINEERING,2.5,4.17,0.0,1,23,['r'],"['agile', 'aws', 'azure', 'communication', 'computer vision', 'data analysis', 'data mining', 'data visualization', 'deep learning', 'git', 'machine learning', 'matplotlib', 'neural network', 'nlp', 'numpy', 'pandas', 'python', 'pytorch', 'scikit', 'sql', 'statistics', 'tableau', 'tensorflow']"
333,ENGINEERING,2.5,4.17,0.0,1,23,['r'],"['agile', 'aws', 'azure', 'communication', 'computer vision', 'data analysis', 'data mining', 'data visualization', 'deep learning', 'git', 'machine learning', 'matplotlib', 'neural network', 'nlp', 'numpy', 'pandas', 'python', 'pytorch', 'scikit', 'sql', 'statistics', 'tableau', 'tensorflow']"
334,ENGINEERING,2.5,4.17,0.0,1,23,['r'],"['agile', 'aws', 'azure', 'communication', 'computer vision', 'data analysis', 'data mining', 'data visualization', 'deep learning', 'git', 'machine learning', 'matplotlib', 'neural network', 'nlp', 'numpy', 'pandas', 'python', 'pytorch', 'scikit', 'sql', 'statistics', 'tableau', 'tensorflow']"
335,ENGINEERING,2.5,4.17,0.0,1,23,['r'],"['agile', 'aws', 'azure', 'communication', 'computer vision', 'data analysis', 'data mining', 'data visualization', 'deep learning', 'git', 'machine learning', 'matplotlib', 'neural network', 'nlp', 'numpy', 'pandas', 'python', 'pytorch', 'scikit', 'sql', 'statistics', 'tableau', 'tensorflow']"
336,ACCOUNTANT,2.5,4.17,0.0,1,23,['r'],"['agile', 'aws', 'azure', 'communication', 'computer vision', 'data analysis', 'data mining', 'data visualization', 'deep learning', 'git', 'machine learning', 'matplotlib', 'neural network', 'nlp', 'numpy', 'pandas', 'python', 'pytorch', 'scikit', 'sql', 'statistics', 'tableau', 'tensorflow']"
337,ENGINEERING,2.5,4.17,0.0,1,23,['r'],"['agile', 'aws', 'azure', 'communication', 'computer vision', 'data analysis', 'data mining', 'data visualization', 'deep learning', 'git', 'machine learning', 'matplotlib', 'neural network', 'nlp', 'numpy', 'pandas', 'python', 'pytorch', 'scikit', 'sql', 'statistics', 'tableau', 'tensorflow']"
338,ENGINEERING,2.5,4.17,0.0,1,23,['r'],"['agile', 'aws', 'azure', 'communication', 'computer vision', 'data analysis', 'data mining', 'data visualization', 'deep learning', 'git', 'machine learning', 'matplotlib', 'neural network', 'nlp', 'numpy', 'pandas', 'python', 'pytorch', 'scikit', 'sql', 'statistics', 'tableau', 'tensorflow']"
339,ENGINEERING,2.5,4.17,0.0,1,23,['r'],"['agile', 'aws', 'azure', 'communication', 'computer vision', 'data analysis', 'data mining', 'data visualization', 'deep learning', 'git', 'machine learning', 'matplotlib', 'neural network', 'nlp', 'numpy', 'pandas', 'python', 'pytorch', 'scikit', 'sql', 'statistics', 'tableau', 'tensorflow']"
340,ENGINEERING,2.5,4.17,0.0,1,23,['r'],"['agile', 'aws', 'azure', 'communication', 'computer vision', 'data analysis', 'data mining', 'data visualization', 'deep learning', 'git', 'machine learning', 'matplotlib', 'neural network', 'nlp', 'numpy', 'pandas', 'python', 'pytorch', 'scikit', 'sql', 'statistics', 'tableau', 'tensorflow']"
341,ENGINEERING,2.5,4.17,0.0,1,23,['r'],"['agile', 'aws', 'azure', 'communication', 'computer vision', 'data analysis', 'data mining', 'data visualization', 'deep learning', 'git', 'machine learning', 'matplotlib', 'neural network', 'nlp', 'numpy', 'pandas', 'python', 'pytorch', 'scikit', 'sql', 'statistics', 'tableau', 'tensorflow']"
342,ENGINEERING,2.5,4.17,0.0,1,23,['r'],"['agile', 'aws', 'azure', 'communication', 'computer vision', 'data analysis', 'data mining', 'data visualization', 'deep learning', 'git', 'machine learning', 'matplotlib', 'neural network', 'nlp', 'numpy', 'pandas', 'python', 'pytorch', 'scikit', 'sql', 'statistics', 'tableau', 'tensorflow']"
343,ENGINEERING,2.5,4.17,0.0,1,23,['r'],"['agile', 'aws', 'azure', 'communication', 'computer vision', 'data analysis', 'data mining', 'data visualization', 'deep learning', 'git', 'machine learning', 'matplotlib', 'neural network', 'nlp', 'numpy', 'pandas', 'python', 'pytorch', 'scikit', 'sql', 'statistics', 'tableau', 'tensorflow']"
344,ENGINEERING,2.5,4.17,0.0,1,23,['r'],"['agile', 'aws', 'azure', 'communication', 'computer vision', 'data analysis', 'data mining', 'data visualization', 'deep learning', 'git', 'machine learning', 'matplotlib', 'neural network', 'nlp', 'numpy', 'pandas', 'python', 'pytorch', 'scikit', 'sql', 'statistics', 'tableau', 'tensorflow']"
345,ENGINEERING,2.5,4.17,0.0,1,23,['r'],"['agile', 'aws', 'azure', 'communication', 'computer vision', 'data analysis', 'data mining', 'data visualization', 'deep learning', 'git', 'machine learning', 'matplotlib', 'neural network', 'nlp', 'numpy', 'pandas', 'python', 'pytorch', 'scikit', 'sql', 'statistics', 'tableau', 'tensorflow']"
346,ENGINEERING,2.5,4.17,0.0,1,23,['r'],"['agile', 'aws', 'azure', 'communication', 'computer vision', 'data analysis', 'data mining', 'data visualization', 'deep learning', 'git', 'machine learning', 'matplotlib', 'neural network', 'nlp', 'numpy', 'pandas', 'python', 'pytorch', 'scikit', 'sql', 'statistics', 'tableau', 'tensorflow']"
347,ENGINEERING,2.5,4.17,0.0,1,23,['r'],"['agile', 'aws', 'azure', 'communication', 'computer vision', 'data analysis', 'data mining', 'data visualization', 'deep learning', 'git', 'machine learning', 'matplotlib', 'neural network', 'nlp', 'numpy', 'pandas', 'python', 'pytorch', 'scikit', 'sql', 'statistics', 'tableau', 'tensorflow']"
348,ENGINEERING,2.5,4.17,0.0,1,23,['r'],"['agile', 'aws', 'azure', 'communication', 'computer vision', 'data analysis', 'data mining', 'data visualization', 'deep learning', 'git', 'machine learning', 'matplotlib', 'neural network', 'nlp', 'numpy', 'pandas', 'python', 'pytorch', 'scikit', 'sql', 'statistics', 'tableau', 'tensorflow']"
349,ENGINEERING,2.5,4.17,0.0,1,23,['r'],"['agile', 'aws', 'azure', 'communication', 'computer vision', 'data analysis', 'data mining', 'data visualization', 'deep learning', 'git', 'machine learning', 'matplotlib', 'neural network', 'nlp', 'numpy', 'pandas', 'python', 'pytorch', 'scikit', 'sql', 'statistics', 'tableau', 'tensorflow']"
350,ENGINEERING,2.5,4.17,0.0,1,23,['r'],"['agile', 'aws', 'azure', 'communication', 'computer vision', 'data analysis', 'data mining', 'data visualization', 'deep learning', 'git', 'machine learning', 'matplotlib', 'neural network', 'nlp', 'numpy', 'pandas', 'python', 'pytorch', 'scikit', 'sql', 'statistics', 'tableau', 'tensorflow']"
351,ENGINEERING,2.5,4.17,0.0,1,23,['r'],"['agile', 'aws', 'azure', 'communication', 'computer vision', 'data analysis', 'data mining', 'data visualization', 'deep learning', 'git', 'machine learning', 'matplotlib', 'neural network', 'nlp', 'numpy', 'pandas', 'python', 'pytorch', 'scikit', 'sql', 'statistics', 'tableau', 'tensorflow']"
352,ENGINEERING,2.5,4.17,0.0,1,23,['r'],"['agile', 'aws', 'azure', 'communication', 'computer vision', 'data analysis', 'data mining', 'data visualization', 'deep learning', 'git', 'machine learning', 'matplotlib', 'neural network', 'nlp', 'numpy', 'pandas', 'python', 'pytorch', 'scikit', 'sql', 'statistics', 'tableau', 'tensorflow']"
353,ENGINEERING,2.5,4.17,0.0,1,23,['r'],"['agile', 'aws', 'azure', 'communication', 'computer vision', 'data analysis', 'data mining', 'data visualization', 'deep learning', 'git', 'machine learning', 'matplotlib', 'neural network', 'nlp', 'numpy', 'pandas', 'python', 'pytorch', 'scikit', 'sql', 'statistics', 'tableau', 'tensorflow']"
354,ENGINEERING,2.5,4.17,0.0,1,23,['r'],"['agile', 'aws', 'azure', 'communication', 'computer vision', 'data analysis', 'data mining', 'data visualization', 'deep learning', 'git', 'machine learning', 'matplotlib', 'neural network', 'nlp', 'numpy', 'pandas', 'python', 'pytorch', 'scikit', 'sql', 'statistics', 'tableau', 'tensorflow']"
355,ENGINEERING,2.5,4.17,0.0,1,23,['r'],"['agile', 'aws', 'azure', 'communication', 'computer vision', 'data analysis', 'data mining', 'data visualization', 'deep learning', 'git', 'machine learning', 'matplotlib', 'neural network', 'nlp', 'numpy', 'pandas', 'python', 'pytorch', 'scikit', 'sql', 'statistics', 'tableau', 'tensorflow']"
356,ENGINEERING,2.5,4.17,0.0,1,23,['r'],"['agile', 'aws', 'azure', 'communication', 'computer vision', 'data analysis', 'data mining', 'data visualization', 'deep learning', 'git', 'machine learning', 'matplotlib', 'neural network', 'nlp', 'numpy', 'pandas', 'python', 'pytorch', 'scikit', 'sql', 'statistics', 'tableau', 'tensorflow']"
357,ENGINEERING,2.5,4.17,0.0,1,23,['r'],"['agile', 'aws', 'azure', 'communication', 'computer vision', 'data analysis', 'data mining', 'data visualization', 'deep learning', 'git', 'machine learning', 'matplotlib', 'neural network', 'nlp', 'numpy', 'pandas', 'python', 'pytorch', 'scikit', 'sql', 'statistics', 'tableau', 'tensorflow']"
358,ENGINEERING,2.5,4.17,0.0,1,23,['r'],"['agile', 'aws', 'azure', 'communication', 'computer vision', 'data analysis', 'data mining', 'data visualization', 'deep learning', 'git', 'machine learning', 'matplotlib', 'neural network', 'nlp', 'numpy', 'pandas', 'python', 'pytorch', 'scikit', 'sql', 'statistics', 'tableau', 'tensorflow']"
359,ENGINEERING,2.5,4.17,0.0,1,23,['r'],"['agile', 'aws', 'azure', 'communication', 'computer vision', 'data analysis', 'data mining', 'data visualization', 'deep learning', 'git', 'machine learning', 'matplotlib', 'neural network', 'nlp', 'numpy', 'pandas', 'python', 'pytorch', 'scikit', 'sql', 'statistics', 'tableau', 'tensorflow']"
360,ENGINEERING,2.5,4.17,0.0,1,23,['r'],"['agile', 'aws', 'azure', 'communication', 'computer vision', 'data analysis', 'data mining', 'data visualization', 'deep learning', 'git', 'machine learning', 'matplotlib', 'neural network', 'nlp', 'numpy', 'pandas', 'python', 'pytorch', 'scikit', 'sql', 'statistics', 'tableau', 'tensorflow']"
361,ENGINEERING,2.5,4.17,0.0,1,23,['r'],"['agile', 'aws', 'azure', 'communication', 'computer vision', 'data analysis', 'data mining', 'data visualization', 'deep learning', 'git', 'machine learning', 'matplotlib', 'neural network', 'nlp', 'numpy', 'pandas', 'python', 'pytorch', 'scikit', 'sql', 'statistics', 'tableau', 'tensorflow']"
362,ENGINEERING,2.5,4.17,0.0,1,23,['r'],"['agile', 'aws', 'azure', 'communication', 'computer vision', 'data analysis', 'data mining', 'data visualization', 'deep learning', 'git', 'machine learning', 'matplotlib', 'neural network', 'nlp', 'numpy', 'pandas', 'python', 'pytorch', 'scikit', 'sql', 'statistics', 'tableau', 'tensorflow']"
363,APPAREL,2.5,4.17,0.0,1,23,['r'],"['agile', 'aws', 'azure', 'communication', 'computer vision', 'data analysis', 'data mining', 'data visualization', 'deep learning', 'git', 'machine learning', 'matplotlib', 'neural network', 'nlp', 'numpy', 'pandas', 'python', 'pytorch', 'scikit', 'sql', 'statistics', 'tableau', 'tensorflow']"
364,APPAREL,2.5,4.17,0.0,1,23,['r'],"['agile', 'aws', 'azure', 'communication', 'computer vision', 'data analysis', 'data mining', 'data visualization', 'deep learning', 'git', 'machine learning', 'matplotlib', 'neural network', 'nlp', 'numpy', 'pandas', 'python', 'pytorch', 'scikit', 'sql', 'statistics', 'tableau', 'tensorflow']"
365,APPAREL,2.5,4.17,0.0,1,23,['r'],"['agile', 'aws', 'azure', 'communication', 'computer vision', 'data analysis', 'data mining', 'data visualization', 'deep learning', 'git', 'machine learning', 'matplotlib', 'neural network', 'nlp', 'numpy', 'pandas', 'python', 'pytorch', 'scikit', 'sql', 'statistics', 'tableau', 'tensorflow']"
366,APPAREL,2.5,4.17,0.0,1,23,['r'],"['agile', 'aws', 'azure', 'communication', 'computer vision', 'data analysis', 'data mining', 'data visualization', 'deep learning', 'git', 'machine learning', 'matplotlib', 'neural network', 'nlp', 'numpy', 'pandas', 'python', 'pytorch', 'scikit', 'sql', 'statistics', 'tableau', 'tensorflow']"
367,APPAREL,2.5,4.17,0.0,1,23,['r'],"['agile', 'aws', 'azure', 'communication', 'computer vision', 'data analysis', 'data mining', 'data visualization', 'deep learning', 'git', 'machine learning', 'matplotlib', 'neural network', 'nlp', 'numpy', 'pandas', 'python', 'pytorch', 'scikit', 'sql', 'statistics', 'tableau', 'tensorflow']"
368,APPAREL,2.5,4.17,0.0,1,23,['r'],"['agile', 'aws', 'azure', 'communication', 'computer vision', 'data analysis', 'data mining', 'data visualization', 'deep learning', 'git', 'machine learning', 'matplotlib', 'neural network', 'nlp', 'numpy', 'pandas', 'python', 'pytorch', 'scikit', 'sql', 'statistics', 'tableau', 'tensorflow']"
369,APPAREL,2.5,4.17,0.0,1,23,['r'],"['agile', 'aws', 'azure', 'communication', 'computer vision', 'data analysis', 'data mining', 'data visualization', 'deep learning', 'git', 'machine learning', 'matplotlib', 'neural network', 'nlp', 'numpy', 'pandas', 'python', 'pytorch', 'scikit', 'sql', 'statistics', 'tableau', 'tensorflow']"
370,ENGINEERING,2.5,4.17,0.0,1,23,['r'],"['agile', 'aws', 'azure', 'communication', 'computer vision', 'data analysis', 'data mining', 'data visualization', 'deep learning', 'git', 'machine learning', 'matplotlib', 'neural network', 'nlp', 'numpy', 'pandas', 'python', 'pytorch', 'scikit', 'sql', 'statistics', 'tableau', 'tensorflow']"
371,ENGINEERING,2.5,4.17,0.0,1,23,['r'],"['agile', 'aws', 'azure', 'communication', 'computer vision', 'data analysis', 'data mining', 'data visualization', 'deep learning', 'git', 'machine learning', 'matplotlib', 'neural network', 'nlp', 'numpy', 'pandas', 'python', 'pytorch', 'scikit', 'sql', 'statistics', 'tableau', 'tensorflow']"
372,ENGINEERING,2.5,4.17,0.0,1,23,['r'],"['agile', 'aws', 'azure', 'communication', 'computer vision', 'data analysis', 'data mining', 'data visualization', 'deep learning', 'git', 'machine learning', 'matplotlib', 'neural network', 'nlp', 'numpy', 'pandas', 'python', 'pytorch', 'scikit', 'sql', 'statistics', 'tableau', 'tensorflow']"
373,ENGINEERING,2.5,4.17,0.0,1,23,['r'],"['agile', 'aws', 'azure', 'communication', 'computer vision', 'data analysis', 'data mining', 'data visualization', 'deep learning', 'git', 'machine learning', 'matplotlib', 'neural network', 'nlp', 'numpy', 'pandas', 'python', 'pytorch', 'scikit', 'sql', 'statistics', 'tableau', 'tensorflow']"
374,ENGINEERING,2.5,4.17,0.0,1,23,['r'],"['agile', 'aws', 'azure', 'communication', 'computer vision', 'data analysis', 'data mining', 'data visualization', 'deep learning', 'git', 'machine learning', 'matplotlib', 'neural network', 'nlp', 'numpy', 'pandas', 'python', 'pytorch', 'scikit', 'sql', 'statistics', 'tableau', 'tensorflow']"
375,ENGINEERING,2.5,4.17,0.0,1,23,['r'],"['agile', 'aws', 'azure', 'communication', 'computer vision', 'data analysis', 'data mining', 'data visualization', 'deep learning', 'git', 'machine learning', 'matplotlib', 'neural network', 'nlp', 'numpy', 'pandas', 'python', 'pytorch', 'scikit', 'sql', 'statistics', 'tableau', 'tensorflow']"
376,ENGINEERING,2.5,4.17,0.0,1,23,['r'],"['agile', 'aws', 'azure', 'communication', 'computer vision', 'data analysis', 'data mining', 'data visualization', 'deep learning', 'git', 'machine learning', 'matplotlib', 'neural network', 'nlp', 'numpy', 'pandas', 'python', 'pytorch', 'scikit', 'sql', 'statistics', 'tableau', 'tensorflow']"
377,ENGINEERING,2.5,4.17,0.0,1,23,['r'],"['agile', 'aws', 'azure', 'communication', 'computer vision', 'data analysis', 'data mining', 'data visualization', 'deep learning', 'git', 'machine learning', 'matplotlib', 'neural network', 'nlp', 'numpy', 'pandas', 'python', 'pytorch', 'scikit', 'sql', 'statistics', 'tableau', 'tensorflow']"
378,ENGINEERING,2.5,4.17,0.0,1,23,['r'],"['agile', 'aws', 'azure', 'communication', 'computer vision', 'data analysis', 'data mining', 'data visualization', 'deep learning', 'git', 'machine learning', 'matplotlib', 'neural network', 'nlp', 'numpy', 'pandas', 'python', 'pytorch', 'scikit', 'sql', 'statistics', 'tableau', 'tensorflow']"
379,ENGINEERING,2.5,4.17,0.0,1,23,['r'],"['agile', 'aws', 'azure', 'communication', 'computer vision', 'data analysis', 'data mining', 'data visualization', 'deep learning', 'git', 'machine learning', 'matplotlib', 'neural network', 'nlp', 'numpy', 'pandas', 'python', 'pytorch', 'scikit', 'sql', 'statistics', 'tableau', 'tensorflow']"
380,ENGINEERING,2.5,4.17,0.0,1,23,['r'],"['agile', 'aws', 'azure', 'communication', 'computer vision', 'data analysis', 'data mining', 'data visualization', 'deep learning', 'git', 'machine learning', 'matplotlib', 'neural network', 'nlp', 'numpy', 'pandas', 'python', 'pytorch', 'scikit', 'sql', 'statistics', 'tableau', 'tensorflow']"
381,ENGINEERING,2.5,4.17,0.0,1,23,['r'],"['agile', 'aws', 'azure', 'communication', 'computer vision', 'data analysis', 'data mining', 'data visualization', 'deep learning', 'git', 'machine learning', 'matplotlib', 'neural network', 'nlp', 'numpy', 'pandas', 'python', 'pytorch', 'scikit', 'sql', 'statistics', 'tableau', 'tensorflow']"
382,ENGINEERING,2.5,4.17,0.0,1,23,['r'],"['agile', 'aws', 'azure', 'communication', 'computer vision', 'data analysis', 'data mining', 'data visualization', 'deep learning', 'git', 'machine learning', 'matplotlib', 'neural network', 'nlp', 'numpy', 'pandas', 'python', 'pytorch', 'scikit', 'sql', 'statistics', 'tableau', 'tensorflow']"
383,ENGINEERING,2.5,4.17,0.0,1,23,['r'],"['agile', 'aws', 'azure', 'communication', 'computer vision', 'data analysis', 'data mining', 'data visualization', 'deep learning', 'git', 'machine learning', 'matplotlib', 'neural network', 'nlp', 'numpy', 'pandas', 'python', 'pytorch', 'scikit', 'sql', 'statistics', 'tableau', 'tensorflow']"
384,ENGINEERING,2.5,4.17,0.0,1,23,['r'],"['agile', 'aws', 'azure', 'communication', 'computer vision', 'data analysis', 'data mining', 'data visualization', 'deep learning', 'git', 'machine learning', 'matplotlib', 'neural network', 'nlp', 'numpy', 'pandas', 'python', 'pytorch', 'scikit', 'sql', 'statistics', 'tableau', 'tensorflow']"
385,ENGINEERING,2.5,4.17,0.0,1,23,['r'],"['agile', 'aws', 'azure', 'communication', 'computer vision', 'data analysis', 'data mining', 'data visualization', 'deep learning', 'git', 'machine learning', 'matplotlib', 'neural network', 'nlp', 'numpy', 'pandas', 'python', 'pytorch', 'scikit', 'sql', 'statistics', 'tableau', 'tensorflow']"
386,ENGINEERING,2.5,4.17,0.0,1,23,['r'],"['agile', 'aws', 'azure', 'communication', 'computer vision', 'data analysis', 'data mining', 'data visualization', 'deep learning', 'git', 'machine learning', 'matplotlib', 'neural network', 'nlp', 'numpy', 'pandas', 'python', 'pytorch', 'scikit', 'sql', 'statistics', 'tableau', 'tensorflow']"
387,ENGINEERING,2.5,4.17,0.0,1,23,['r'],"['agile', 'aws', 'azure', 'communication', 'computer vision', 'data analysis', 'data mining', 'data visualization', 'deep learning', 'git', 'machine learning', 'matplotlib', 'neural network', 'nlp', 'numpy', 'pandas', 'python', 'pytorch', 'scikit', 'sql', 'statistics', 'tableau', 'tensorflow']"
388,ENGINEERING,2.5,4.17,0.0,1,23,['r'],"['agile', 'aws', 'azure', 'communication', 'computer vision', 'data analysis', 'data mining', 'data visualization', 'deep learning', 'git', 'machine learning', 'matplotlib', 'neural network', 'nlp', 'numpy', 'pandas', 'python', 'pytorch', 'scikit', 'sql', 'statistics', 'tableau', 'tensorflow']"
389,ENGINEERING,2.5,4.17,0.0,1,23,['r'],"['agile', 'aws', 'azure', 'communication', 'computer vision', 'data analysis', 'data mining', 'data visualization', 'deep learning', 'git', 'machine learning', 'matplotlib', 'neural network', 'nlp', 'numpy', 'pandas', 'python', 'pytorch', 'scikit', 'sql', 'statistics', 'tableau', 'tensorflow']"
390,ENGINEERING,2.5,4.17,0.0,1,23,['r'],"['agile', 'aws', 'azure', 'communication', 'computer vision', 'data analysis', 'data mining', 'data visualization', 'deep learning', 'git', 'machine learning', 'matplotlib', 'neural network', 'nlp', 'numpy', 'pandas', 'python', 'pytorch', 'scikit', 'sql', 'statistics', 'tableau', 'tensorflow']"
391,ENGINEERING,2.5,4.17,0.0,1,23,['r'],"['agile', 'aws', 'azure', 'communication', 'computer vision', 'data analysis', 'data mining', 'data visualization', 'deep learning', 'git', 'machine learning', 'matplotlib', 'neural network', 'nlp', 'numpy', 'pandas', 'python', 'pytorch', 'scikit', 'sql', 'statistics', 'tableau', 'tensorflow']"
392,ENGINEERING,2.5,4.17,0.0,1,23,['r'],"['agile', 'aws', 'azure', 'communication', 'computer vision', 'data analysis', 'data mining', 'data visualization', 'deep learning', 'git', 'machine learning', 'matplotlib', 'neural network', 'nlp', 'numpy', 'pandas', 'python', 'pytorch', 'scikit', 'sql', 'statistics', 'tableau', 'tensorflow']"
393,ENGINEERING,2.5,4.17,0.0,1,23,['r'],"['agile', 'aws', 'azure', 'communication', 'computer vision', 'data analysis', 'data mining', 'data visualization', 'deep learning', 'git', 'machine learning', 'matplotlib', 'neural network', 'nlp', 'numpy', 'pandas', 'python', 'pytorch', 'scikit', 'sql', 'statistics', 'tableau', 'tensorflow']"
394,ENGINEERING,2.5,4.17,0.0,1,23,['r'],"['agile', 'aws', 'azure', 'communication', 'computer vision', 'data analysis', 'data mining', 'data visualization', 'deep learning', 'git', 'machine learning', 'matplotlib', 'neural network', 'nlp', 'numpy', 'pandas', 'python', 'pytorch', 'scikit', 'sql', 'statistics', 'tableau', 'tensorflow']"
395,ENGINEERING,2.5,4.17,0.0,1,23,['r'],"['agile', 'aws', 'azure', 'communication', 'computer vision', 'data analysis', 'data mining', 'data visualization', 'deep learning', 'git', 'machine learning', 'matplotlib', 'neural network', 'nlp', 'numpy', 'pandas', 'python', 'pytorch', 'scikit', 'sql', 'statistics', 'tableau', 'tensorflow']"
396,ENGINEERING,2.5,4.17,0.0,1,23,['r'],"['agile', 'aws', 'azure', 'communication', 'computer vision', 'data analysis', 'data mining', 'data visualization', 'deep learning', 'git', 'machine learning', 'matplotlib', 'neural network', 'nlp', 'numpy', 'pandas', 'python', 'pytorch', 'scikit', 'sql', 'statistics', 'tableau', 'tensorflow']"
397,ENGINEERING,2.5,4.17,0.0,1,23,['r'],"['agile', 'aws', 'azure', 'communication', 'computer vision', 'data analysis', 'data mining', 'data visualization', 'deep learning', 'git', 'machine learning', 'matplotlib', 'neural network', 'nlp', 'numpy', 'pandas', 'python', 'pytorch', 'scikit', 'sql', 'statistics', 'tableau', 'tensorflow']"
398,ENGINEERING,2.5,4.17,0.0,1,23,['r'],"['agile', 'aws', 'azure', 'communication', 'computer vision', 'data analysis', 'data mining', 'data visualization', 'deep learning', 'git', 'machine learning', 'matplotlib', 'neural network', 'nlp', 'numpy', 'pandas', 'python', 'pytorch', 'scikit', 'sql', 'statistics', 'tableau', 'tensorflow']"
399,APPAREL,2.5,4.17,0.0,1,23,['r'],"['agile', 'aws', 'azure', 'communication', 'computer vision', 'data analysis', 'data mining', 'data visualization', 'deep learning', 'git', 'machine learning', 'matplotlib', 'neural network', 'nlp', 'numpy', 'pandas', 'python', 'pytorch', 'scikit', 'sql', 'statistics', 'tableau', 'tensorflow']"
400,ENGINEERING,2.5,4.17,0.0,1,23,['r'],"['agile', 'aws', 'azure', 'communication', 'computer vision', 'data analysis', 'data mining', 'data visualization', 'deep learning', 'git', 'machine learning', 'matplotlib', 'neural network', 'nlp', 'numpy', 'pandas', 'python', 'pytorch', 'scikit', 'sql', 'statistics', 'tableau', 'tensorflow']"
401,ENGINEERING,2.5,4.17,0.0,1,23,['r'],"['agile', 'aws', 'azure', 'communication', 'computer vision', 'data analysis', 'data mining', 'data visualization', 'deep learning', 'git', 'machine learning', 'matplotlib', 'neural network', 'nlp', 'numpy', 'pandas', 'python', 'pytorch', 'scikit', 'sql', 'statistics', 'tableau', 'tensorflow']"
402,ENGINEERING,2.5,4.17,0.0,1,23,['r'],"['agile', 'aws', 'azure', 'communication', 'computer vision', 'data analysis', 'data mining', 'data visualization', 'deep learning', 'git', 'machine learning', 'matplotlib', 'neural network', 'nlp', 'numpy', 'pandas', 'python', 'pytorch', 'scikit', 'sql', 'statistics', 'tableau', 'tensorflow']"
403,ENGINEERING,2.5,4.17,0.0,1,23,['r'],"['agile', 'aws', 'azure', 'communication', 'computer vision', 'data analysis', 'data mining', 'data visualization', 'deep learning', 'git', 'machine learning', 'matplotlib', 'neural network', 'nlp', 'numpy', 'pandas', 'python', 'pytorch', 'scikit', 'sql', 'statistics', 'tableau', 'tensorflow']"
404,ENGINEERING,2.5,4.17,0.0,1,23,['r'],"['agile', 'aws', 'azure', 'communication', 'computer vision', 'data analysis', 'data mining', 'data visualization', 'deep learning', 'git', 'machine learning', 'matplotlib', 'neural network', 'nlp', 'numpy', 'pandas', 'python', 'pytorch', 'scikit', 'sql', 'statistics', 'tableau', 'tensorflow']"
405,ENGINEERING,2.5,4.17,0.0,1,23,['r'],"['agile', 'aws', 'azure', 'communication', 'computer vision', 'data analysis', 'data mining', 'data visualization', 'deep learning', 'git', 'machine learning', 'matplotlib', 'neural network', 'nlp', 'numpy', 'pandas', 'python', 'pytorch', 'scikit', 'sql', 'statistics', 'tableau', 'tensorflow']"
406,ENGINEERING,2.5,4.17,0.0,1,23,['r'],"['agile', 'aws', 'azure', 'communication', 'computer vision', 'data analysis', 'data mining', 'data visualization', 'deep learning', 'git', 'machine learning', 'matplotlib', 'neural network', 'nlp', 'numpy', 'pandas', 'python', 'pytorch', 'scikit', 'sql', 'statistics', 'tableau', 'tensorflow']"
407,ENGINEERING,2.5,4.17,0.0,1,23,['r'],"['agile', 'aws', 'azure', 'communication', 'computer vision', 'data analysis', 'data mining', 'data visualization', 'deep learning', 'git', 'machine learning', 'matplotlib', 'neural network', 'nlp', 'numpy', 'pandas', 'python', 'pytorch', 'scikit', 'sql', 'statistics', 'tableau', 'tensorflow']"
408,ENGINEERING,2.5,4.17,0.0,1,23,['r'],"['agile', 'aws', 'azure', 'communication', 'computer vision', 'data analysis', 'data mining', 'data visualization', 'deep learning', 'git', 'machine learning', 'matplotlib', 'neural network', 'nlp', 'numpy', 'pandas', 'python', 'pytorch', 'scikit', 'sql', 'statistics', 'tableau', 'tensorflow']"
409,ENGINEERING,2.5,4.17,0.0,1,23,['r'],"['agile', 'aws', 'azure', 'communication', 'computer vision', 'data analysis', 'data mining', 'data visualization', 'deep learning', 'git', 'machine learning', 'matplotlib', 'neural network', 'nlp', 'numpy', 'pandas', 'python', 'pytorch', 'scikit', 'sql', 'statistics', 'tableau', 'tensorflow']"
410,ENGINEERING,2.5,4.17,0.0,1,23,['r'],"['agile', 'aws', 'azure', 'communication', 'computer vision', 'data analysis', 'data mining', 'data visualization', 'deep learning', 'git', 'machine learning', 'matplotlib', 'neural network', 'nlp', 'numpy', 'pandas', 'python', 'pytorch', 'scikit', 'sql', 'statistics', 'tableau', 'tensorflow']"
411,ENGINEERING,2.5,4.17,0.0,1,23,['r'],"['agile', 'aws', 'azure', 'communication', 'computer vision', 'data analysis', 'data mining', 'data visualization', 'deep learning', 'git', 'machine learning', 'matplotlib', 'neural network', 'nlp', 'numpy', 'pandas', 'python', 'pytorch', 'scikit', 'sql', 'statistics', 'tableau', 'tensorflow']"
412,ENGINEERING,2.5,4.17,0.0,1,23,['r'],"['agile', 'aws', 'azure', 'communication', 'computer vision', 'data analysis', 'data mining', 'data visualization', 'deep learning', 'git', 'machine learning', 'matplotlib', 'neural network', 'nlp', 'numpy', 'pandas', 'python', 'pytorch', 'scikit', 'sql', 'statistics', 'tableau', 'tensorflow']"
413,ENGINEERING,2.5,4.17,0.0,1,23,['r'],"['agile', 'aws', 'azure', 'communication', 'computer vision', 'data analysis', 'data mining', 'data visualization', 'deep learning', 'git', 'machine learning', 'matplotlib', 'neural network', 'nlp', 'numpy', 'pandas', 'python', 'pytorch', 'scikit', 'sql', 'statistics', 'tableau', 'tensorflow']"
414,ENGINEERING,2.5,4.17,0.0,1,23,['r'],"['agile', 'aws', 'azure', 'communication', 'computer vision', 'data analysis', 'data mining', 'data visualization', 'deep learning', 'git', 'machine learning', 'matplotlib', 'neural network', 'nlp', 'numpy', 'pandas', 'python', 'pytorch', 'scikit', 'sql', 'statistics', 'tableau', 'tensorflow']"
415,CHEF,2.5,4.17,0.0,1,23,['r'],"['agile', 'aws', 'azure', 'communication', 'computer vision', 'data analysis', 'data mining', 'data visualization', 'deep learning', 'git', 'machine learning', 'matplotlib', 'neural network', 'nlp', 'numpy', 'pandas', 'python', 'pytorch', 'scikit', 'sql', 'statistics', 'tableau', 'tensorflow']"
416,CHEF,2.5,4.17,0.0,1,23,['r'],"['agile', 'aws', 'azure', 'communication', 'computer vision', 'data analysis', 'data mining', 'data visualization', 'deep learning', 'git', 'machine learning', 'matplotlib', 'neural network', 'nlp', 'numpy', 'pandas', 'python', 'pytorch', 'scikit', 'sql', 'statistics', 'tableau', 'tensorflow']"
417,CHEF,2.5,4.17,0.0,1,23,['r'],"['agile', 'aws', 'azure', 'communication', 'computer vision', 'data analysis', 'data mining', 'data visualization', 'deep learning', 'git', 'machine learning', 'matplotlib', 'neural network', 'nlp', 'numpy', 'pandas', 'python', 'pytorch', 'scikit', 'sql', 'statistics', 'tableau', 'tensorflow']"
418,CHEF,2.5,4.17,0.0,1,23,['r'],"['agile', 'aws', 'azure', 'communication', 'computer vision', 'data analysis', 'data mining', 'data visualization', 'deep learning', 'git', 'machine learning', 'matplotlib', 'neural network', 'nlp', 'numpy', 'pandas', 'python', 'pytorch', 'scikit', 'sql', 'statistics', 'tableau', 'tensorflow']"
419,CHEF,2.5,4.17,0.0,1,23,['r'],"['agile', 'aws', 'azure', 'communication', 'computer vision', 'data analysis', 'data mining', 'data visualization', 'deep learning', 'git', 'machine learning', 'matplotlib', 'neural network', 'nlp', 'numpy', 'pandas', 'python', 'pytorch', 'scikit', 'sql', 'statistics', 'tableau', 'tensorflow']"
420,CHEF,2.5,4.17,0.0,1,23,['r'],"['agile', 'aws', 'azure', 'communication', 'computer vision', 'data analysis', 'data mining', 'data visualization', 'deep learning', 'git', 'machine learning', 'matplotlib', 'neural network', 'nlp', 'numpy', 'pandas', 'python', 'pytorch', 'scikit', 'sql', 'statistics', 'tableau', 'tensorflow']"
421,CHEF,2.5,4.17,0.0,1,23,['r'],"['agile', 'aws', 'azure', 'communication', 'computer vision', 'data analysis', 'data mining', 'data visualization', 'deep learning', 'git', 'machine learning', 'matplotlib', 'neural network', 'nlp', 'numpy', 'pandas', 'python', 'pytorch', 'scikit', 'sql', 'statistics', 'tableau', 'tensorflow']"
422,FINANCE,2.5,4.17,0.0,1,23,['r'],"['agile', 'aws', 'azure', 'communication', 'computer vision', 'data analysis', 'data mining', 'data visualization', 'deep learning', 'git', 'machine learning', 'matplotlib', 'neural network', 'nlp', 'numpy', 'pandas', 'python', 'pytorch', 'scikit', 'sql', 'statistics', 'tableau', 'tensorflow']"
423,CHEF,2.5,4.17,0.0,1,23,['r'],"['agile', 'aws', 'azure', 'communication', 'computer vision', 'data analysis', 'data mining', 'data visualization', 'deep learning', 'git', 'machine learning', 'matplotlib', 'neural network', 'nlp', 'numpy', 'pandas', 'python', 'pytorch', 'scikit', 'sql', 'statistics', 'tableau', 'tensorflow']"
424,CHEF,2.5,4.17,0.0,1,23,['r'],"['agile', 'aws', 'azure', 'communication', 'computer vision', 'data analysis', 'data mining', 'data visualization', 'deep learning', 'git', 'machine learning', 'matplotlib', 'neural network', 'nlp', 'numpy', 'pandas', 'python', 'pytorch', 'scikit', 'sql', 'statistics', 'tableau', 'tensorflow']"
425,CHEF,2.5,4.17,0.0,1,23,['r'],"['agile', 'aws', 'azure', 'communication', 'computer vision', 'data analysis', 'data mining', 'data visualization', 'deep learning', 'git', 'machine learning', 'matplotlib', 'neural network', 'nlp', 'numpy', 'pandas', 'python', 'pytorch', 'scikit', 'sql', 'statistics', 'tableau', 'tensorflow']"
426,CHEF,2.5,4.17,0.0,1,23,['r'],"['agile', 'aws', 'azure', 'communication', 'computer vision', 'data analysis', 'data mining', 'data visualization', 'deep learning', 'git', 'machine learning', 'matplotlib', 'neural network', 'nlp', 'numpy', 'pandas', 'python', 'pytorch', 'scikit', 'sql', 'statistics', 'tableau', 'tensorflow']"
427,CHEF,2.5,4.17,0.0,1,23,['r'],"['agile', 'aws', 'azure', 'communication', 'computer vision', 'data analysis', 'data mining', 'data visualization', 'deep learning', 'git', 'machine learning', 'matplotlib', 'neural network', 'nlp', 'numpy', 'pandas', 'python', 'pytorch', 'scikit', 'sql', 'statistics', 'tableau', 'tensorflow']"
428,CHEF,2.5,4.17,0.0,1,23,['r'],"['agile', 'aws', 'azure', 'communication', 'computer vision', 'data analysis', 'data mining', 'data visualization', 'deep learning', 'git', 'machine learning', 'matplotlib', 'neural network', 'nlp', 'numpy', 'pandas', 'python', 'pytorch', 'scikit', 'sql', 'statistics', 'tableau', 'tensorflow']"
429,CHEF,2.5,4.17,0.0,1,23,['r'],"['agile', 'aws', 'azure', 'communication', 'computer vision', 'data analysis', 'data mining', 'data visualization', 'deep learning', 'git', 'machine learning', 'matplotlib', 'neural network', 'nlp', 'numpy', 'pandas', 'python', 'pytorch', 'scikit', 'sql', 'statistics', 'tableau', 'tensorflow']"
430,CHEF,2.5,4.17,0.0,1,23,['r'],"['agile', 'aws', 'azure', 'communication', 'computer vision', 'data analysis', 'data mining', 'data visualization', 'deep learning', 'git', 'machine learning', 'matplotlib', 'neural network', 'nlp', 'numpy', 'pandas', 'python', 'pytorch', 'scikit', 'sql', 'statistics', 'tableau', 'tensorflow']"
431,CHEF,2.5,4.17,0.0,1,23,['r'],"['agile', 'aws', 'azure', 'communication', 'computer vision', 'data analysis', 'data mining', 'data visualization', 'deep learning', 'git', 'machine learning', 'matplotlib', 'neural network', 'nlp', 'numpy', 'pandas', 'python', 'pytorch', 'scikit', 'sql', 'statistics', 'tableau', 'tensorflow']"
432,CHEF,2.5,4.17,0.0,1,23,['r'],"['agile', 'aws', 'azure', 'communication', 'computer vision', 'data analysis', 'data mining', 'data visualization', 'deep learning', 'git', 'machine learning', 'matplotlib', 'neural network', 'nlp', 'numpy', 'pandas', 'python', 'pytorch', 'scikit', 'sql', 'statistics', 'tableau', 'tensorflow']"
433,CHEF,2.5,4.17,0.0,1,23,['r'],"['agile', 'aws', 'azure', 'communication', 'computer vision', 'data analysis', 'data mining', 'data visualization', 'deep learning', 'git', 'machine learning', 'matplotlib', 'neural network', 'nlp', 'numpy', 'pandas', 'python', 'pytorch', 'scikit', 'sql', 'statistics', 'tableau', 'tensorflow']"
434,CHEF,2.5,4.17,0.0,1,23,['r'],"['agile', 'aws', 'azure', 'communication', 'computer vision', 'data analysis', 'data mining', 'data visualization', 'deep learning', 'git', 'machine learning', 'matplotlib', 'neural network', 'nlp', 'numpy', 'pandas', 'python', 'pytorch', 'scikit', 'sql', 'statistics', 'tableau', 'tensorflow']"
435,CHEF,2.5,4.17,0.0,1,23,['r'],"['agile', 'aws', 'azure', 'communication', 'computer vision', 'data analysis', 'data mining', 'data visualization', 'deep learning', 'git', 'machine learning', 'matplotlib', 'neural network', 'nlp', 'numpy', 'pandas', 'python', 'pytorch', 'scikit', 'sql', 'statistics', 'tableau', 'tensorflow']"
436,CHEF,2.5,4.17,0.0,1,23,['r'],"['agile', 'aws', 'azure', 'communication', 'computer vision', 'data analysis', 'data mining', 'data visualization', 'deep learning', 'git', 'machine learning', 'matplotlib', 'neural network', 'nlp', 'numpy', 'pandas', 'python', 'pytorch', 'scikit', 'sql', 'statistics', 'tableau', 'tensorflow']"
437,CHEF,2.5,4.17,0.0,1,23,['r'],"['agile', 'aws', 'azure', 'communication', 'computer vision', 'data analysis', 'data mining', 'data visualization', 'deep learning', 'git', 'machine learning', 'matplotlib', 'neural network', 'nlp', 'numpy', 'pandas', 'python', 'pytorch', 'scikit', 'sql', 'statistics', 'tableau', 'tensorflow']"
438,CHEF,2.5,4.17,0.0,1,23,['r'],"['agile', 'aws', 'azure', 'communication', 'computer vision', 'data analysis', 'data mining', 'data visualization', 'deep learning', 'git', 'machine learning', 'matplotlib', 'neural network', 'nlp', 'numpy', 'pandas', 'python', 'pytorch', 'scikit', 'sql', 'statistics', 'tableau', 'tensorflow']"
439,CHEF,2.5,4.17,0.0,1,23,['r'],"['agile', 'aws', 'azure', 'communication', 'computer vision', 'data analysis', 'data mining', 'data visualization', 'deep learning', 'git', 'machine learning', 'matplotlib', 'neural network', 'nlp', 'numpy', 'pandas', 'python', 'pytorch', 'scikit', 'sql', 'statistics', 'tableau', 'tensorflow']"
440,CHEF,2.5,4.17,0.0,1,23,['r'],"['agile', 'aws', 'azure', 'communication', 'computer vision', 'data analysis', 'data mining', 'data visualization', 'deep learning', 'git', 'machine learning', 'matplotlib', 'neural network', 'nlp', 'numpy', 'pandas', 'python', 'pytorch', 'scikit', 'sql', 'statistics', 'tableau', 'tensorflow']"
441,CHEF,2.5,4.17,0.0,1,23,['r'],"['agile', 'aws', 'azure', 'communication', 'computer vision', 'data analysis', 'data mining', 'data visualization', 'deep learning', 'git', 'machine learning', 'matplotlib', 'neural network', 'nlp', 'numpy', 'pandas', 'python', 'pytorch', 'scikit', 'sql', 'statistics', 'tableau', 'tensorflow']"
442,CHEF,2.5,4.17,0.0,1,23,['r'],"['agile', 'aws', 'azure', 'communication', 'computer vision', 'data analysis', 'data mining', 'data visualization', 'deep learning', 'git', 'machine learning', 'matplotlib', 'neural network', 'nlp', 'numpy', 'pandas', 'python', 'pytorch', 'scikit', 'sql', 'statistics', 'tableau', 'tensorflow']"
443,CHEF,2.5,4.17,0.0,1,23,['r'],"['agile', 'aws', 'azure', 'communication', 'computer vision', 'data analysis', 'data mining', 'data visualization', 'deep learning', 'git', 'machine learning', 'matplotlib', 'neural network', 'nlp', 'numpy', 'pandas', 'python', 'pytorch', 'scikit', 'sql', 'statistics', 'tableau', 'tensorflow']"
444,CHEF,2.5,4.17,0.0,1,23,['r'],"['agile', 'aws', 'azure', 'communication', 'computer vision', 'data analysis', 'data mining', 'data visualization', 'deep learning', 'git', 'machine learning', 'matplotlib', 'neural network', 'nlp', 'numpy', 'pandas', 'python', 'pytorch', 'scikit', 'sql', 'statistics', 'tableau', 'tensorflow']"
445,CHEF,2.5,4.17,0.0,1,23,['r'],"['agile', 'aws', 'azure', 'communication', 'computer vision', 'data analysis', 'data mining', 'data visualization', 'deep learning', 'git', 'machine learning', 'matplotlib', 'neural network', 'nlp', 'numpy', 'pandas', 'python', 'pytorch', 'scikit', 'sql', 'statistics', 'tableau', 'tensorflow']"
446,CHEF,2.5,4.17,0.0,1,23,['r'],"['agile', 'aws', 'azure', 'communication', 'computer vision', 'data analysis', 'data mining', 'data visualization', 'deep learning', 'git', 'machine learning', 'matplotlib', 'neural network', 'nlp', 'numpy', 'pandas', 'python', 'pytorch', 'scikit', 'sql', 'statistics', 'tableau', 'tensorflow']"
447,CHEF,2.5,4.17,0.0,1,23,['r'],"['agile', 'aws', 'azure', 'communication', 'computer vision', 'data analysis', 'data mining', 'data visualization', 'deep learning', 'git', 'machine learning', 'matplotlib', 'neural network', 'nlp', 'numpy', 'pandas', 'python', 'pytorch', 'scikit', 'sql', 'statistics', 'tableau', 'tensorflow']"
448,CHEF,2.5,4.17,0.0,1,23,['r'],"['agile', 'aws', 'azure', 'communication', 'computer vision', 'data analysis', 'data mining', 'data visualization', 'deep learning', 'git', 'machine learning', 'matplotlib', 'neural network', 'nlp', 'numpy', 'pandas', 'python', 'pytorch', 'scikit', 'sql', 'statistics', 'tableau', 'tensorflow']"
449,CHEF,2.5,4.17,0.0,1,23,['r'],"['agile', 'aws', 'azure', 'communication', 'computer vision', 'data analysis', 'data mining', 'data visualization', 'deep learning', 'git', 'machine learning', 'matplotlib', 'neural network', 'nlp', 'numpy', 'pandas', 'python', 'pytorch', 'scikit', 'sql', 'statistics', 'tableau', 'tensorflow']"
450,CHEF,2.5,4.17,0.0,1,23,['r'],"['agile', 'aws', 'azure', 'communication', 'computer vision', 'data analysis', 'data mining', 'data visualization', 'deep learning', 'git', 'machine learning', 'matplotlib', 'neural network', 'nlp', 'numpy', 'pandas', 'python', 'pytorch', 'scikit', 'sql', 'statistics', 'tableau', 'tensorflow']"
451,CHEF,2.5,4.17,0.0,1,23,['r'],"['agile', 'aws', 'azure', 'communication', 'computer vision', 'data analysis', 'data mining', 'data visualization', 'deep learning', 'git', 'machine learning', 'matplotlib', 'neural network', 'nlp', 'numpy', 'pandas', 'python', 'pytorch', 'scikit', 'sql', 'statistics', 'tableau', 'tensorflow']"
452,CHEF,2.5,4.17,0.0,1,23,['r'],"['agile', 'aws', 'azure', 'communication', 'computer vision', 'data analysis', 'data mining', 'data visualization', 'deep learning', 'git', 'machine learning', 'matplotlib', 'neural network', 'nlp', 'numpy', 'pandas', 'python', 'pytorch', 'scikit', 'sql', 'statistics', 'tableau', 'tensorflow']"
453,CHEF,2.5,4.17,0.0,1,23,['r'],"['agile', 'aws', 'azure', 'communication', 'computer vision', 'data analysis', 'data mining', 'data visualization', 'deep learning', 'git', 'machine learning', 'matplotlib', 'neural network', 'nlp', 'numpy', 'pandas', 'python', 'pytorch', 'scikit', 'sql', 'statistics', 'tableau', 'tensorflow']"
454,CHEF,2.5,4.17,0.0,1,23,['r'],"['agile', 'aws', 'azure', 'communication', 'computer vision', 'data analysis', 'data mining', 'data visualization', 'deep learning', 'git', 'machine learning', 'matplotlib', 'neural network', 'nlp', 'numpy', 'pandas', 'python', 'pytorch', 'scikit', 'sql', 'statistics', 'tableau', 'tensorflow']"
455,CHEF,2.5,4.17,0.0,1,23,['r'],"['agile', 'aws', 'azure', 'communication', 'computer vision', 'data analysis', 'data mining', 'data visualization', 'deep learning', 'git', 'machine learning', 'matplotlib', 'neural network', 'nlp', 'numpy', 'pandas', 'python', 'pytorch', 'scikit', 'sql', 'statistics', 'tableau', 'tensorflow']"
456,CHEF,2.5,4.17,0.0,1,23,['r'],"['agile', 'aws', 'azure', 'communication', 'computer vision', 'data analysis', 'data mining', 'data visualization', 'deep learning', 'git', 'machine learning', 'matplotlib', 'neural network', 'nlp', 'numpy', 'pandas', 'python', 'pytorch', 'scikit', 'sql', 'statistics', 'tableau', 'tensorflow']"
457,CHEF,2.5,4.17,0.0,1,23,['r'],"['agile', 'aws', 'azure', 'communication', 'computer vision', 'data analysis', 'data mining', 'data visualization', 'deep learning', 'git', 'machine learning', 'matplotlib', 'neural network', 'nlp', 'numpy', 'pandas', 'python', 'pytorch', 'scikit', 'sql', 'statistics', 'tableau', 'tensorflow']"
458,CHEF,2.5,4.17,0.0,1,23,['r'],"['agile', 'aws', 'azure', 'communication', 'computer vision', 'data analysis', 'data mining', 'data visualization', 'deep learning', 'git', 'machine learning', 'matplotlib', 'neural network', 'nlp', 'numpy', 'pandas', 'python', 'pytorch', 'scikit', 'sql', 'statistics', 'tableau', 'tensorflow']"
459,CHEF,2.5,4.17,0.0,1,23,['r'],"['agile', 'aws', 'azure', 'communication', 'computer vision', 'data analysis', 'data mining', 'data visualization', 'deep learning', 'git', 'machine learning', 'matplotlib', 'neural network', 'nlp', 'numpy', 'pandas', 'python', 'pytorch', 'scikit', 'sql', 'statistics', 'tableau', 'tensorflow']"
460,CHEF,2.5,4.17,0.0,1,23,['r'],"['agile', 'aws', 'azure', 'communication', 'computer vision', 'data analysis', 'data mining', 'data visualization', 'deep learning', 'git', 'machine learning', 'matplotlib', 'neural network', 'nlp', 'numpy', 'pandas', 'python', 'pytorch', 'scikit', 'sql', 'statistics', 'tableau', 'tensorflow']"
461,CHEF,2.5,4.17,0.0,1,23,['r'],"['agile', 'aws', 'azure', 'communication', 'computer vision', 'data analysis', 'data mining', 'data visualization', 'deep learning', 'git', 'machine learning', 'matplotlib', 'neural network', 'nlp', 'numpy', 'pandas', 'python', 'pytorch', 'scikit', 'sql', 'statistics', 'tableau', 'tensorflow']"
462,CHEF,2.5,4.17,0.0,1,23,['r'],"['agile', 'aws', 'azure', 'communication', 'computer vision', 'data analysis', 'data mining', 'data visualization', 'deep learning', 'git', 'machine learning', 'matplotlib', 'neural network', 'nlp', 'numpy', 'pandas', 'python', 'pytorch', 'scikit', 'sql', 'statistics', 'tableau', 'tensorflow']"
463,CHEF,2.5,4.17,0.0,1,23,['r'],"['agile', 'aws', 'azure', 'communication', 'computer vision', 'data analysis', 'data mining', 'data visualization', 'deep learning', 'git', 'machine learning', 'matplotlib', 'neural network', 'nlp', 'numpy', 'pandas', 'python', 'pytorch', 'scikit', 'sql', 'statistics', 'tableau', 'tensorflow']"
464,CHEF,2.5,4.17,0.0,1,23,['r'],"['agile', 'aws', 'azure', 'communication', 'computer vision', 'data analysis', 'data mining', 'data visualization', 'deep learning', 'git', 'machine learning', 'matplotlib', 'neural network', 'nlp', 'numpy', 'pandas', 'python', 'pytorch', 'scikit', 'sql', 'statistics', 'tableau', 'tensorflow']"
465,CHEF,2.5,4.17,0.0,1,23,['r'],"['agile', 'aws', 'azure', 'communication', 'computer vision', 'data analysis', 'data mining', 'data visualization', 'deep learning', 'git', 'machine learning', 'matplotlib', 'neural network', 'nlp', 'numpy', 'pandas', 'python', 'pytorch', 'scikit', 'sql', 'statistics', 'tableau', 'tensorflow']"
466,CHEF,2.5,4.17,0.0,1,23,['r'],"['agile', 'aws', 'azure', 'communication', 'computer vision', 'data analysis', 'data mining', 'data visualization', 'deep learning', 'git', 'machine learning', 'matplotlib', 'neural network', 'nlp', 'numpy', 'pandas', 'python', 'pytorch', 'scikit', 'sql', 'statistics', 'tableau', 'tensorflow']"
467,CHEF,2.5,4.17,0.0,1,23,['r'],"['agile', 'aws', 'azure', 'communication', 'computer vision', 'data analysis', 'data mining', 'data visualization', 'deep learning', 'git', 'machine learning', 'matplotlib', 'neural network', 'nlp', 'numpy', 'pandas', 'python', 'pytorch', 'scikit', 'sql', 'statistics', 'tableau', 'tensorflow']"
468,CHEF,2.5,4.17,0.0,1,23,['r'],"['agile', 'aws', 'azure', 'communication', 'computer vision', 'data analysis', 'data mining', 'data visualization', 'deep learning', 'git', 'machine learning', 'matplotlib', 'neural network', 'nlp', 'numpy', 'pandas', 'python', 'pytorch', 'scikit', 'sql', 'statistics', 'tableau', 'tensorflow']"
469,CHEF,2.5,4.17,0.0,1,23,['r'],"['agile', 'aws', 'azure', 'communication', 'computer vision', 'data analysis', 'data mining', 'data visualization', 'deep learning', 'git', 'machine learning', 'matplotlib', 'neural network', 'nlp', 'numpy', 'pandas', 'python', 'pytorch', 'scikit', 'sql', 'statistics', 'tableau', 'tensorflow']"
470,CHEF,2.5,4.17,0.0,1,23,['r'],"['agile', 'aws', 'azure', 'communication', 'computer vision', 'data analysis', 'data mining', 'data visualization', 'deep learning', 'git', 'machine learning', 'matplotlib', 'neural network', 'nlp', 'numpy', 'pandas', 'python', 'pytorch', 'scikit', 'sql', 'statistics', 'tableau', 'tensorflow']"
471,CHEF,2.5,4.17,0.0,1,23,['r'],"['agile', 'aws', 'azure', 'communication', 'computer vision', 'data analysis', 'data mining', 'data visualization', 'deep learning', 'git', 'machine learning', 'matplotlib', 'neural network', 'nlp', 'numpy', 'pandas', 'python', 'pytorch', 'scikit', 'sql', 'statistics', 'tableau', 'tensorflow']"
472,CHEF,2.5,4.17,0.0,1,23,['r'],"['agile', 'aws', 'azure', 'communication', 'computer vision', 'data analysis', 'data mining', 'data visualization', 'deep learning', 'git', 'machine learning', 'matplotlib', 'neural network', 'nlp', 'numpy', 'pandas', 'python', 'pytorch', 'scikit', 'sql', 'statistics', 'tableau', 'tensorflow']"
473,CHEF,2.5,4.17,0.0,1,23,['r'],"['agile', 'aws', 'azure', 'communication', 'computer vision', 'data analysis', 'data mining', 'data visualization', 'deep learning', 'git', 'machine learning', 'matplotlib', 'neural network', 'nlp', 'numpy', 'pandas', 'python', 'pytorch', 'scikit', 'sql', 'statistics', 'tableau', 'tensorflow']"
474,CHEF,2.5,4.17,0.0,1,23,['r'],"['agile', 'aws', 'azure', 'communication', 'computer vision', 'data analysis', 'data mining', 'data visualization', 'deep learning', 'git', 'machine learning', 'matplotlib', 'neural network', 'nlp', 'numpy', 'pandas', 'python', 'pytorch', 'scikit', 'sql', 'statistics', 'tableau', 'tensorflow']"
475,CHEF,2.5,4.17,0.0,1,23,['r'],"['agile', 'aws', 'azure', 'communication', 'computer vision', 'data analysis', 'data mining', 'data visualization', 'deep learning', 'git', 'machine learning', 'matplotlib', 'neural network', 'nlp', 'numpy', 'pandas', 'python', 'pytorch', 'scikit', 'sql', 'statistics', 'tableau', 'tensorflow']"
476,CHEF,2.5,4.17,0.0,1,23,['r'],"['agile', 'aws', 'azure', 'communication', 'computer vision', 'data analysis', 'data mining', 'data visualization', 'deep learning', 'git', 'machine learning', 'matplotlib', 'neural network', 'nlp', 'numpy', 'pandas', 'python', 'pytorch', 'scikit', 'sql', 'statistics', 'tableau', 'tensorflow']"
477,CHEF,2.5,4.17,0.0,1,23,['r'],"['agile', 'aws', 'azure', 'communication', 'computer vision', 'data analysis', 'data mining', 'data visualization', 'deep learning', 'git', 'machine learning', 'matplotlib', 'neural network', 'nlp', 'numpy', 'pandas', 'python', 'pytorch', 'scikit', 'sql', 'statistics', 'tableau', 'tensorflow']"
478,CHEF,2.5,4.17,0.0,1,23,['r'],"['agile', 'aws', 'azure', 'communication', 'computer vision', 'data analysis', 'data mining', 'data visualization', 'deep learning', 'git', 'machine learning', 'matplotlib', 'neural network', 'nlp', 'numpy', 'pandas', 'python', 'pytorch', 'scikit', 'sql', 'statistics', 'tableau', 'tensorflow']"
479,CHEF,2.5,4.17,0.0,1,23,['r'],"['agile', 'aws', 'azure', 'communication', 'computer vision', 'data analysis', 'data mining', 'data visualization', 'deep learning', 'git', 'machine learning', 'matplotlib', 'neural network', 'nlp', 'numpy', 'pandas', 'python', 'pytorch', 'scikit', 'sql', 'statistics', 'tableau', 'tensorflow']"
480,CHEF,2.5,4.17,0.0,1,23,['r'],"['agile', 'aws', 'azure', 'communication', 'computer vision', 'data analysis', 'data mining', 'data visualization', 'deep learning', 'git', 'machine learning', 'matplotlib', 'neural network', 'nlp', 'numpy', 'pandas', 'python', 'pytorch', 'scikit', 'sql', 'statistics', 'tableau', 'tensorflow']"
481,CHEF,2.5,4.17,0.0,1,23,['r'],"['agile', 'aws', 'azure', 'communication', 'computer vision', 'data analysis', 'data mining', 'data visualization', 'deep learning', 'git', 'machine learning', 'matplotlib', 'neural network', 'nlp', 'numpy', 'pandas', 'python', 'pytorch', 'scikit', 'sql', 'statistics', 'tableau', 'tensorflow']"
482,CHEF,2.5,4.17,0.0,1,23,['r'],"['agile', 'aws', 'azure', 'communication', 'computer vision', 'data analysis', 'data mining', 'data visualization', 'deep learning', 'git', 'machine learning', 'matplotlib', 'neural network', 'nlp', 'numpy', 'pandas', 'python', 'pytorch', 'scikit', 'sql', 'statistics', 'tableau', 'tensorflow']"
483,CHEF,2.5,4.17,0.0,1,23,['r'],"['agile', 'aws', 'azure', 'communication', 'computer vision', 'data analysis', 'data mining', 'data visualization', 'deep learning', 'git', 'machine learning', 'matplotlib', 'neural network', 'nlp', 'numpy', 'pandas', 'python', 'pytorch', 'scikit', 'sql', 'statistics', 'tableau', 'tensorflow']"
484,AUTOMOBILE,2.5,4.17,0.0,1,23,['r'],"['agile', 'aws', 'azure', 'communication', 'computer vision', 'data analysis', 'data mining', 'data visualization', 'deep learning', 'git', 'machine learning', 'matplotlib', 'neural network', 'nlp', 'numpy', 'pandas', 'python', 'pytorch', 'scikit', 'sql', 'statistics', 'tableau', 'tensorflow']"
485,AUTOMOBILE,2.5,4.17,0.0,1,23,['r'],"['agile', 'aws', 'azure', 'communication', 'computer vision', 'data analysis', 'data mining', 'data visualization', 'deep learning', 'git', 'machine learning', 'matplotlib', 'neural network', 'nlp', 'numpy', 'pandas', 'python', 'pytorch', 'scikit', 'sql', 'statistics', 'tableau', 'tensorflow']"
486,AUTOMOBILE,2.5,4.17,0.0,1,23,['r'],"['agile', 'aws', 'azure', 'communication', 'computer vision', 'data analysis', 'data mining', 'data visualization', 'deep learning', 'git', 'machine learning', 'matplotlib', 'neural network', 'nlp', 'numpy', 'pandas', 'python', 'pytorch', 'scikit', 'sql', 'statistics', 'tableau', 'tensorflow']"
487,AUTOMOBILE,2.5,4.17,0.0,1,23,['r'],"['agile', 'aws', 'azure', 'communication', 'computer vision', 'data analysis', 'data mining', 'data visualization', 'deep learning', 'git', 'machine learning', 'matplotlib', 'neural network', 'nlp', 'numpy', 'pandas', 'python', 'pytorch', 'scikit', 'sql', 'statistics', 'tableau', 'tensorflow']"
488,AUTOMOBILE,2.5,4.17,0.0,1,23,['r'],"['agile', 'aws', 'azure', 'communication', 'computer vision', 'data analysis', 'data mining', 'data visualization', 'deep learning', 'git', 'machine learning', 'matplotlib', 'neural network', 'nlp', 'numpy', 'pandas', 'python', 'pytorch', 'scikit', 'sql', 'statistics', 'tableau', 'tensorflow']"
489,AUTOMOBILE,2.5,4.17,0.0,1,23,['r'],"['agile', 'aws', 'azure', 'communication', 'computer vision', 'data analysis', 'data mining', 'data visualization', 'deep learning', 'git', 'machine learning', 'matplotlib', 'neural network', 'nlp', 'numpy', 'pandas', 'python', 'pytorch', 'scikit', 'sql', 'statistics', 'tableau', 'tensorflow']"
490,AUTOMOBILE,2.5,4.17,0.0,1,23,['r'],"['agile', 'aws', 'azure', 'communication', 'computer vision', 'data analysis', 'data mining', 'data visualization', 'deep learning', 'git', 'machine learning', 'matplotlib', 'neural network', 'nlp', 'numpy', 'pandas', 'python', 'pytorch', 'scikit', 'sql', 'statistics', 'tableau', 'tensorflow']"
491,CHEF,2.5,4.17,0.0,1,23,['r'],"['agile', 'aws', 'azure', 'communication', 'computer vision', 'data analysis', 'data mining', 'data visualization', 'deep learning', 'git', 'machine learning', 'matplotlib', 'neural network', 'nlp', 'numpy', 'pandas', 'python', 'pytorch', 'scikit', 'sql', 'statistics', 'tableau', 'tensorflow']"
492,AUTOMOBILE,2.5,4.17,0.0,1,23,['r'],"['agile', 'aws', 'azure', 'communication', 'computer vision', 'data analysis', 'data mining', 'data visualization', 'deep learning', 'git', 'machine learning', 'matplotlib', 'neural network', 'nlp', 'numpy', 'pandas', 'python', 'pytorch', 'scikit', 'sql', 'statistics', 'tableau', 'tensorflow']"
493,AUTOMOBILE,2.5,4.17,0.0,1,23,['r'],"['agile', 'aws', 'azure', 'communication', 'computer vision', 'data analysis', 'data mining', 'data visualization', 'deep learning', 'git', 'machine learning', 'matplotlib', 'neural network', 'nlp', 'numpy', 'pandas', 'python', 'pytorch', 'scikit', 'sql', 'statistics', 'tableau', 'tensorflow']"
494,AUTOMOBILE,2.5,4.17,0.0,1,23,['r'],"['agile', 'aws', 'azure', 'communication', 'computer vision', 'data analysis', 'data mining', 'data visualization', 'deep learning', 'git', 'machine learning', 'matplotlib', 'neural network', 'nlp', 'numpy', 'pandas', 'python', 'pytorch', 'scikit', 'sql', 'statistics', 'tableau', 'tensorflow']"
495,AUTOMOBILE,2.5,4.17,0.0,1,23,['r'],"['agile', 'aws', 'azure', 'communication', 'computer vision', 'data analysis', 'data mining', 'data visualization', 'deep learning', 'git', 'machine learning', 'matplotlib', 'neural network', 'nlp', 'numpy', 'pandas', 'python', 'pytorch', 'scikit', 'sql', 'statistics', 'tableau', 'tensorflow']"
496,AUTOMOBILE,2.5,4.17,0.0,1,23,['r'],"['agile', 'aws', 'azure', 'communication', 'computer vision', 'data analysis', 'data mining', 'data visualization', 'deep learning', 'git', 'machine learning', 'matplotlib', 'neural network', 'nlp', 'numpy', 'pandas', 'python', 'pytorch', 'scikit', 'sql', 'statistics', 'tableau', 'tensorflow']"
497,AUTOMOBILE,2.5,4.17,0.0,1,23,['r'],"['agile', 'aws', 'azure', 'communication', 'computer vision', 'data analysis', 'data mining', 'data visualization', 'deep learning', 'git', 'machine learning', 'matplotlib', 'neural network', 'nlp', 'numpy', 'pandas', 'python', 'pytorch', 'scikit', 'sql', 'statistics', 'tableau', 'tensorflow']"
498,AUTOMOBILE,2.5,4.17,0.0,1,23,['r'],"['agile', 'aws', 'azure', 'communication', 'computer vision', 'data analysis', 'data mining', 'data visualization', 'deep learning', 'git', 'machine learning', 'matplotlib', 'neural network', 'nlp', 'numpy', 'pandas', 'python', 'pytorch', 'scikit', 'sql', 'statistics', 'tableau', 'tensorflow']"
499,AUTOMOBILE,2.5,4.17,0.0,1,23,['r'],"['agile', 'aws', 'azure', 'communication', 'computer vision', 'data analysis', 'data mining', 'data visualization', 'deep learning', 'git', 'machine learning', 'matplotlib', 'neural network', 'nlp', 'numpy', 'pandas', 'python', 'pytorch', 'scikit', 'sql', 'statistics', 'tableau', 'tensorflow']"
500,AUTOMOBILE,2.5,4.17,0.0,1,23,['r'],"['agile', 'aws', 'azure', 'communication', 'computer vision', 'data analysis', 'data mining', 'data visualization', 'deep learning', 'git', 'machine learning', 'matplotlib', 'neural network', 'nlp', 'numpy', 'pandas', 'python', 'pytorch', 'scikit', 'sql', 'statistics', 'tableau', 'tensorflow']"
501,DIGITAL-MEDIA,2.5,4.17,0.0,1,23,['r'],"['agile', 'aws', 'azure', 'communication', 'computer vision', 'data analysis', 'data mining', 'data visualization', 'deep learning', 'git', 'machine learning', 'matplotlib', 'neural network', 'nlp', 'numpy', 'pandas', 'python', 'pytorch', 'scikit', 'sql', 'statistics', 'tableau', 'tensorflow']"
502,DIGITAL-MEDIA,2.5,4.17,0.0,1,23,['r'],"['agile', 'aws', 'azure', 'communication', 'computer vision', 'data analysis', 'data mining', 'data visualization', 'deep learning', 'git', 'machine learning', 'matplotlib', 'neural network', 'nlp', 'numpy', 'pandas', 'python', 'pytorch', 'scikit', 'sql', 'statistics', 'tableau', 'tensorflow']"
503,DIGITAL-MEDIA,2.5,4.17,0.0,1,23,['r'],"['agile', 'aws', 'azure', 'communication', 'computer vision', 'data analysis', 'data mining', 'data visualization', 'deep learning', 'git', 'machine learning', 'matplotlib', 'neural network', 'nlp', 'numpy', 'pandas', 'python', 'pytorch', 'scikit', 'sql', 'statistics', 'tableau', 'tensorflow']"
504,DIGITAL-MEDIA,2.5,4.17,0.0,1,23,['r'],"['agile', 'aws', 'azure', 'communication', 'computer vision', 'data analysis', 'data mining', 'data visualization', 'deep learning', 'git', 'machine learning', 'matplotlib', 'neural network', 'nlp', 'numpy', 'pandas', 'python', 'pytorch', 'scikit', 'sql', 'statistics', 'tableau', 'tensorflow']"
505,DIGITAL-MEDIA,2.5,4.17,0.0,1,23,['r'],"['agile', 'aws', 'azure', 'communication', 'computer vision', 'data analysis', 'data mining', 'data visualization', 'deep learning', 'git', 'machine learning', 'matplotlib', 'neural network', 'nlp', 'numpy', 'pandas', 'python', 'pytorch', 'scikit', 'sql', 'statistics', 'tableau', 'tensorflow']"
506,DIGITAL-MEDIA,2.5,4.17,0.0,1,23,['r'],"['agile', 'aws', 'azure', 'communication', 'computer vision', 'data analysis', 'data mining', 'data visualization', 'deep learning', 'git', 'machine learning', 'matplotlib', 'neural network', 'nlp', 'numpy', 'pandas', 'python', 'pytorch', 'scikit', 'sql', 'statistics', 'tableau', 'tensorflow']"
507,DIGITAL-MEDIA,2.5,4.17,0.0,1,23,['r'],"['agile', 'aws', 'azure', 'communication', 'computer vision', 'data analysis', 'data mining', 'data visualization', 'deep learning', 'git', 'machine learning', 'matplotlib', 'neural network', 'nlp', 'numpy', 'pandas', 'python', 'pytorch', 'scikit', 'sql', 'statistics', 'tableau', 'tensorflow']"
508,DIGITAL-MEDIA,2.5,4.17,0.0,1,23,['r'],"['agile', 'aws', 'azure', 'communication', 'computer vision', 'data analysis', 'data mining', 'data visualization', 'deep learning', 'git', 'machine learning', 'matplotlib', 'neural network', 'nlp', 'numpy', 'pandas', 'python', 'pytorch', 'scikit', 'sql', 'statistics', 'tableau', 'tensorflow']"
509,AUTOMOBILE,2.5,4.17,0.0,1,23,['r'],"['agile', 'aws', 'azure', 'communication', 'computer vision', 'data analysis', 'data mining', 'data visualization', 'deep learning', 'git', 'machine learning', 'matplotlib', 'neural network', 'nlp', 'numpy', 'pandas', 'python', 'pytorch', 'scikit', 'sql', 'statistics', 'tableau', 'tensorflow']"
510,AUTOMOBILE,2.5,4.17,0.0,1,23,['r'],"['agile', 'aws', 'azure', 'communication', 'computer vision', 'data analysis', 'data mining', 'data visualization', 'deep learning', 'git', 'machine learning', 'matplotlib', 'neural network', 'nlp', 'numpy', 'pandas', 'python', 'pytorch', 'scikit', 'sql', 'statistics', 'tableau', 'tensorflow']"
511,AUTOMOBILE,2.5,4.17,0.0,1,23,['r'],"['agile', 'aws', 'azure', 'communication', 'computer vision', 'data analysis', 'data mining', 'data visualization', 'deep learning', 'git', 'machine learning', 'matplotlib', 'neural network', 'nlp', 'numpy', 'pandas', 'python', 'pytorch', 'scikit', 'sql', 'statistics', 'tableau', 'tensorflow']"
512,AUTOMOBILE,2.5,4.17,0.0,1,23,['r'],"['agile', 'aws', 'azure', 'communication', 'computer vision', 'data analysis', 'data mining', 'data visualization', 'deep learning', 'git', 'machine learning', 'matplotlib', 'neural network', 'nlp', 'numpy', 'pandas', 'python', 'pytorch', 'scikit', 'sql', 'statistics', 'tableau', 'tensorflow']"
513,AUTOMOBILE,2.5,4.17,0.0,1,23,['r'],"['agile', 'aws', 'azure', 'communication', 'computer vision', 'data analysis', 'data mining', 'data visualization', 'deep learning', 'git', 'machine learning', 'matplotlib', 'neural network', 'nlp', 'numpy', 'pandas', 'python', 'pytorch', 'scikit', 'sql', 'statistics', 'tableau', 'tensorflow']"
514,AUTOMOBILE,2.5,4.17,0.0,1,23,['r'],"['agile', 'aws', 'azure', 'communication', 'computer vision', 'data analysis', 'data mining', 'data visualization', 'deep learning', 'git', 'machine learning', 'matplotlib', 'neural network', 'nlp', 'numpy', 'pandas', 'python', 'pytorch', 'scikit', 'sql', 'statistics', 'tableau', 'tensorflow']"
515,AUTOMOBILE,2.5,4.17,0.0,1,23,['r'],"['agile', 'aws', 'azure', 'communication', 'computer vision', 'data analysis', 'data mining', 'data visualization', 'deep learning', 'git', 'machine learning', 'matplotlib', 'neural network', 'nlp', 'numpy', 'pandas', 'python', 'pytorch', 'scikit', 'sql', 'statistics', 'tableau', 'tensorflow']"
516,AUTOMOBILE,2.5,4.17,0.0,1,23,['r'],"['agile', 'aws', 'azure', 'communication', 'computer vision', 'data analysis', 'data mining', 'data visualization', 'deep learning', 'git', 'machine learning', 'matplotlib', 'neural network', 'nlp', 'numpy', 'pandas', 'python', 'pytorch', 'scikit', 'sql', 'statistics', 'tableau', 'tensorflow']"
517,AUTOMOBILE,2.5,4.17,0.0,1,23,['r'],"['agile', 'aws', 'azure', 'communication', 'computer vision', 'data analysis', 'data mining', 'data visualization', 'deep learning', 'git', 'machine learning', 'matplotlib', 'neural network', 'nlp', 'numpy', 'pandas', 'python', 'pytorch', 'scikit', 'sql', 'statistics', 'tableau', 'tensorflow']"
518,AUTOMOBILE,2.5,4.17,0.0,1,23,['r'],"['agile', 'aws', 'azure', 'communication', 'computer vision', 'data analysis', 'data mining', 'data visualization', 'deep learning', 'git', 'machine learning', 'matplotlib', 'neural network', 'nlp', 'numpy', 'pandas', 'python', 'pytorch', 'scikit', 'sql', 'statistics', 'tableau', 'tensorflow']"
519,CHEF,2.5,4.17,0.0,1,23,['r'],"['agile', 'aws', 'azure', 'communication', 'computer vision', 'data analysis', 'data mining', 'data visualization', 'deep learning', 'git', 'machine learning', 'matplotlib', 'neural network', 'nlp', 'numpy', 'pandas', 'python', 'pytorch', 'scikit', 'sql', 'statistics', 'tableau', 'tensorflow']"
520,CHEF,2.5,4.17,0.0,1,23,['r'],"['agile', 'aws', 'azure', 'communication', 'computer vision', 'data analysis', 'data mining', 'data visualization', 'deep learning', 'git', 'machine learning', 'matplotlib', 'neural network', 'nlp', 'numpy', 'pandas', 'python', 'pytorch', 'scikit', 'sql', 'statistics', 'tableau', 'tensorflow']"
521,CHEF,2.5,4.17,0.0,1,23,['r'],"['agile', 'aws', 'azure', 'communication', 'computer vision', 'data analysis', 'data mining', 'data visualization', 'deep learning', 'git', 'machine learning', 'matplotlib', 'neural network', 'nlp', 'numpy', 'pandas', 'python', 'pytorch', 'scikit', 'sql', 'statistics', 'tableau', 'tensorflow']"
522,CHEF,2.5,4.17,0.0,1,23,['r'],"['agile', 'aws', 'azure', 'communication', 'computer vision', 'data analysis', 'data mining', 'data visualization', 'deep learning', 'git', 'machine learning', 'matplotlib', 'neural network', 'nlp', 'numpy', 'pandas', 'python', 'pytorch', 'scikit', 'sql', 'statistics', 'tableau', 'tensorflow']"
523,CHEF,2.5,4.17,0.0,1,23,['r'],"['agile', 'aws', 'azure', 'communication', 'computer vision', 'data analysis', 'data mining', 'data visualization', 'deep learning', 'git', 'machine learning', 'matplotlib', 'neural network', 'nlp', 'numpy', 'pandas', 'python', 'pytorch', 'scikit', 'sql', 'statistics', 'tableau', 'tensorflow']"
524,CHEF,2.5,4.17,0.0,1,23,['r'],"['agile', 'aws', 'azure', 'communication', 'computer vision', 'data analysis', 'data mining', 'data visualization', 'deep learning', 'git', 'machine learning', 'matplotlib', 'neural network', 'nlp', 'numpy', 'pandas', 'python', 'pytorch', 'scikit', 'sql', 'statistics', 'tableau', 'tensorflow']"
525,CHEF,2.5,4.17,0.0,1,23,['r'],"['agile', 'aws', 'azure', 'communication', 'computer vision', 'data analysis', 'data mining', 'data visualization', 'deep learning', 'git', 'machine learning', 'matplotlib', 'neural network', 'nlp', 'numpy', 'pandas', 'python', 'pytorch', 'scikit', 'sql', 'statistics', 'tableau', 'tensorflow']"
526,AUTOMOBILE,2.5,4.17,0.0,1,23,['r'],"['agile', 'aws', 'azure', 'communication', 'computer vision', 'data analysis', 'data mining', 'data visualization', 'deep learning', 'git', 'machine learning', 'matplotlib', 'neural network', 'nlp', 'numpy', 'pandas', 'python', 'pytorch', 'scikit', 'sql', 'statistics', 'tableau', 'tensorflow']"
527,CHEF,2.5,4.17,0.0,1,23,['r'],"['agile', 'aws', 'azure', 'communication', 'computer vision', 'data analysis', 'data mining', 'data visualization', 'deep learning', 'git', 'machine learning', 'matplotlib', 'neural network', 'nlp', 'numpy', 'pandas', 'python', 'pytorch', 'scikit', 'sql', 'statistics', 'tableau', 'tensorflow']"
528,CHEF,2.5,4.17,0.0,1,23,['r'],"['agile', 'aws', 'azure', 'communication', 'computer vision', 'data analysis', 'data mining', 'data visualization', 'deep learning', 'git', 'machine learning', 'matplotlib', 'neural network', 'nlp', 'numpy', 'pandas', 'python', 'pytorch', 'scikit', 'sql', 'statistics', 'tableau', 'tensorflow']"
529,CHEF,2.5,4.17,0.0,1,23,['r'],"['agile', 'aws', 'azure', 'communication', 'computer vision', 'data analysis', 'data mining', 'data visualization', 'deep learning', 'git', 'machine learning', 'matplotlib', 'neural network', 'nlp', 'numpy', 'pandas', 'python', 'pytorch', 'scikit', 'sql', 'statistics', 'tableau', 'tensorflow']"
530,CHEF,2.5,4.17,0.0,1,23,['r'],"['agile', 'aws', 'azure', 'communication', 'computer vision', 'data analysis', 'data mining', 'data visualization', 'deep learning', 'git', 'machine learning', 'matplotlib', 'neural network', 'nlp', 'numpy', 'pandas', 'python', 'pytorch', 'scikit', 'sql', 'statistics', 'tableau', 'tensorflow']"
531,CHEF,2.5,4.17,0.0,1,23,['r'],"['agile', 'aws', 'azure', 'communication', 'computer vision', 'data analysis', 'data mining', 'data visualization', 'deep learning', 'git', 'machine learning', 'matplotlib', 'neural network', 'nlp', 'numpy', 'pandas', 'python', 'pytorch', 'scikit', 'sql', 'statistics', 'tableau', 'tensorflow']"
532,CHEF,2.5,4.17,0.0,1,23,['r'],"['agile', 'aws', 'azure', 'communication', 'computer vision', 'data analysis', 'data mining', 'data visualization', 'deep learning', 'git', 'machine learning', 'matplotlib', 'neural network', 'nlp', 'numpy', 'pandas', 'python', 'pytorch', 'scikit', 'sql', 'statistics', 'tableau', 'tensorflow']"
533,CHEF,2.5,4.17,0.0,1,23,['r'],"['agile', 'aws', 'azure', 'communication', 'computer vision', 'data analysis', 'data mining', 'data visualization', 'deep learning', 'git', 'machine learning', 'matplotlib', 'neural network', 'nlp', 'numpy', 'pandas', 'python', 'pytorch', 'scikit', 'sql', 'statistics', 'tableau', 'tensorflow']"
534,CHEF,2.5,4.17,0.0,1,23,['r'],"['agile', 'aws', 'azure', 'communication', 'computer vision', 'data analysis', 'data mining', 'data visualization', 'deep learning', 'git', 'machine learning', 'matplotlib', 'neural network', 'nlp', 'numpy', 'pandas', 'python', 'pytorch', 'scikit', 'sql', 'statistics', 'tableau', 'tensorflow']"
535,CHEF,2.5,4.17,0.0,1,23,['r'],"['agile', 'aws', 'azure', 'communication', 'computer vision', 'data analysis', 'data mining', 'data visualization', 'deep learning', 'git', 'machine learning', 'matplotlib', 'neural network', 'nlp', 'numpy', 'pandas', 'python', 'pytorch', 'scikit', 'sql', 'statistics', 'tableau', 'tensorflow']"
536,AUTOMOBILE,2.5,4.17,0.0,1,23,['r'],"['agile', 'aws', 'azure', 'communication', 'computer vision', 'data analysis', 'data mining', 'data visualization', 'deep learning', 'git', 'machine learning', 'matplotlib', 'neural network', 'nlp', 'numpy', 'pandas', 'python', 'pytorch', 'scikit', 'sql', 'statistics', 'tableau', 'tensorflow']"
537,AUTOMOBILE,2.5,4.17,0.0,1,23,['r'],"['agile', 'aws', 'azure', 'communication', 'computer vision', 'data analysis', 'data mining', 'data visualization', 'deep learning', 'git', 'machine learning', 'matplotlib', 'neural network', 'nlp', 'numpy', 'pandas', 'python', 'pytorch', 'scikit', 'sql', 'statistics', 'tableau', 'tensorflow']"
538,AUTOMOBILE,2.5,4.17,0.0,1,23,['r'],"['agile', 'aws', 'azure', 'communication', 'computer vision', 'data analysis', 'data mining', 'data visualization', 'deep learning', 'git', 'machine learning', 'matplotlib', 'neural network', 'nlp', 'numpy', 'pandas', 'python', 'pytorch', 'scikit', 'sql', 'statistics', 'tableau', 'tensorflow']"
539,AUTOMOBILE,2.5,4.17,0.0,1,23,['r'],"['agile', 'aws', 'azure', 'communication', 'computer vision', 'data analysis', 'data mining', 'data visualization', 'deep learning', 'git', 'machine learning', 'matplotlib', 'neural network', 'nlp', 'numpy', 'pandas', 'python', 'pytorch', 'scikit', 'sql', 'statistics', 'tableau', 'tensorflow']"
540,AUTOMOBILE,2.5,4.17,0.0,1,23,['r'],"['agile', 'aws', 'azure', 'communication', 'computer vision', 'data analysis', 'data mining', 'data visualization', 'deep learning', 'git', 'machine learning', 'matplotlib', 'neural network', 'nlp', 'numpy', 'pandas', 'python', 'pytorch', 'scikit', 'sql', 'statistics', 'tableau', 'tensorflow']"
541,AUTOMOBILE,2.5,4.17,0.0,1,23,['r'],"['agile', 'aws', 'azure', 'communication', 'computer vision', 'data analysis', 'data mining', 'data visualization', 'deep learning', 'git', 'machine learning', 'matplotlib', 'neural network', 'nlp', 'numpy', 'pandas', 'python', 'pytorch', 'scikit', 'sql', 'statistics', 'tableau', 'tensorflow']"
542,CHEF,2.5,4.17,0.0,1,23,['r'],"['agile', 'aws', 'azure', 'communication', 'computer vision', 'data analysis', 'data mining', 'data visualization', 'deep learning', 'git', 'machine learning', 'matplotlib', 'neural network', 'nlp', 'numpy', 'pandas', 'python', 'pytorch', 'scikit', 'sql', 'statistics', 'tableau', 'tensorflow']"
543,CHEF,2.5,4.17,0.0,1,23,['r'],"['agile', 'aws', 'azure', 'communication', 'computer vision', 'data analysis', 'data mining', 'data visualization', 'deep learning', 'git', 'machine learning', 'matplotlib', 'neural network', 'nlp', 'numpy', 'pandas', 'python', 'pytorch', 'scikit', 'sql', 'statistics', 'tableau', 'tensorflow']"
544,CHEF,2.5,4.17,0.0,1,23,['r'],"['agile', 'aws', 'azure', 'communication', 'computer vision', 'data analysis', 'data mining', 'data visualization', 'deep learning', 'git', 'machine learning', 'matplotlib', 'neural network', 'nlp', 'numpy', 'pandas', 'python', 'pytorch', 'scikit', 'sql', 'statistics', 'tableau', 'tensorflow']"
545,CHEF,2.5,4.17,0.0,1,23,['r'],"['agile', 'aws', 'azure', 'communication', 'computer vision', 'data analysis', 'data mining', 'data visualization', 'deep learning', 'git', 'machine learning', 'matplotlib', 'neural network', 'nlp', 'numpy', 'pandas', 'python', 'pytorch', 'scikit', 'sql', 'statistics', 'tableau', 'tensorflow']"
546,CHEF,2.5,4.17,0.0,1,23,['r'],"['agile', 'aws', 'azure', 'communication', 'computer vision', 'data analysis', 'data mining', 'data visualization', 'deep learning', 'git', 'machine learning', 'matplotlib', 'neural network', 'nlp', 'numpy', 'pandas', 'python', 'pytorch', 'scikit', 'sql', 'statistics', 'tableau', 'tensorflow']"
547,CHEF,2.5,4.17,0.0,1,23,['r'],"['agile', 'aws', 'azure', 'communication', 'computer vision', 'data analysis', 'data mining', 'data visualization', 'deep learning', 'git', 'machine learning', 'matplotlib', 'neural network', 'nlp', 'numpy', 'pandas', 'python', 'pytorch', 'scikit', 'sql', 'statistics', 'tableau', 'tensorflow']"
548,CHEF,2.5,4.17,0.0,1,23,['r'],"['agile', 'aws', 'azure', 'communication', 'computer vision', 'data analysis', 'data mining', 'data visualization', 'deep learning', 'git', 'machine learning', 'matplotlib', 'neural network', 'nlp', 'numpy', 'pandas', 'python', 'pytorch', 'scikit', 'sql', 'statistics', 'tableau', 'tensorflow']"
549,CHEF,2.5,4.17,0.0,1,23,['r'],"['agile', 'aws', 'azure', 'communication', 'computer vision', 'data analysis', 'data mining', 'data visualization', 'deep learning', 'git', 'machine learning', 'matplotlib', 'neural network', 'nlp', 'numpy', 'pandas', 'python', 'pytorch', 'scikit', 'sql', 'statistics', 'tableau', 'tensorflow']"
550,CHEF,2.5,4.17,0.0,1,23,['r'],"['agile', 'aws', 'azure', 'communication', 'computer vision', 'data analysis', 'data mining', 'data visualization', 'deep learning', 'git', 'machine learning', 'matplotlib', 'neural network', 'nlp', 'numpy', 'pandas', 'python', 'pytorch', 'scikit', 'sql', 'statistics', 'tableau', 'tensorflow']"
551,CHEF,2.5,4.17,0.0,1,23,['r'],"['agile', 'aws', 'azure', 'communication', 'computer vision', 'data analysis', 'data mining', 'data visualization', 'deep learning', 'git', 'machine learning', 'matplotlib', 'neural network', 'nlp', 'numpy', 'pandas', 'python', 'pytorch', 'scikit', 'sql', 'statistics', 'tableau', 'tensorflow']"
552,CHEF,2.5,4.17,0.0,1,23,['r'],"['agile', 'aws', 'azure', 'communication', 'computer vision', 'data analysis', 'data mining', 'data visualization', 'deep learning', 'git', 'machine learning', 'matplotlib', 'neural network', 'nlp', 'numpy', 'pandas', 'python', 'pytorch', 'scikit', 'sql', 'statistics', 'tableau', 'tensorflow']"
553,CHEF,2.5,4.17,0.0,1,23,['r'],"['agile', 'aws', 'azure', 'communication', 'computer vision', 'data analysis', 'data mining', 'data visualization', 'deep learning', 'git', 'machine learning', 'matplotlib', 'neural network', 'nlp', 'numpy', 'pandas', 'python', 'pytorch', 'scikit', 'sql', 'statistics', 'tableau', 'tensorflow']"
554,FINANCE,2.5,4.17,0.0,1,23,['r'],"['agile', 'aws', 'azure', 'communication', 'computer vision', 'data analysis', 'data mining', 'data visualization', 'deep learning', 'git', 'machine learning', 'matplotlib', 'neural network', 'nlp', 'numpy', 'pandas', 'python', 'pytorch', 'scikit', 'sql', 'statistics', 'tableau', 'tensorflow']"
555,FINANCE,2.5,4.17,0.0,1,23,['r'],"['agile', 'aws', 'azure', 'communication', 'computer vision', 'data analysis', 'data mining', 'data visualization', 'deep learning', 'git', 'machine learning', 'matplotlib', 'neural network', 'nlp', 'numpy', 'pandas', 'python', 'pytorch', 'scikit', 'sql', 'statistics', 'tableau', 'tensorflow']"
556,FINANCE,2.5,4.17,0.0,1,23,['r'],"['agile', 'aws', 'azure', 'communication', 'computer vision', 'data analysis', 'data mining', 'data visualization', 'deep learning', 'git', 'machine learning', 'matplotlib', 'neural network', 'nlp', 'numpy', 'pandas', 'python', 'pytorch', 'scikit', 'sql', 'statistics', 'tableau', 'tensorflow']"
557,ACCOUNTANT,2.5,4.17,0.0,1,23,['r'],"['agile', 'aws', 'azure', 'communication', 'computer vision', 'data analysis', 'data mining', 'data visualization', 'deep learning', 'git', 'machine learning', 'matplotlib', 'neural network', 'nlp', 'numpy', 'pandas', 'python', 'pytorch', 'scikit', 'sql', 'statistics', 'tableau', 'tensorflow']"
558,FINANCE,2.5,4.17,0.0,1,23,['r'],"['agile', 'aws', 'azure', 'communication', 'computer vision', 'data analysis', 'data mining', 'data visualization', 'deep learning', 'git', 'machine learning', 'matplotlib', 'neural network', 'nlp', 'numpy', 'pandas', 'python', 'pytorch', 'scikit', 'sql', 'statistics', 'tableau', 'tensorflow']"
559,FINANCE,2.5,4.17,0.0,1,23,['r'],"['agile', 'aws', 'azure', 'communication', 'computer vision', 'data analysis', 'data mining', 'data visualization', 'deep learning', 'git', 'machine learning', 'matplotlib', 'neural network', 'nlp', 'numpy', 'pandas', 'python', 'pytorch', 'scikit', 'sql', 'statistics', 'tableau', 'tensorflow']"
560,FINANCE,2.5,4.17,0.0,1,23,['r'],"['agile', 'aws', 'azure', 'communication', 'computer vision', 'data analysis', 'data mining', 'data visualization', 'deep learning', 'git', 'machine learning', 'matplotlib', 'neural network', 'nlp', 'numpy', 'pandas', 'python', 'pytorch', 'scikit', 'sql', 'statistics', 'tableau', 'tensorflow']"
561,CHEF,2.5,4.17,0.0,1,23,['r'],"['agile', 'aws', 'azure', 'communication', 'computer vision', 'data analysis', 'data mining', 'data visualization', 'deep learning', 'git', 'machine learning', 'matplotlib', 'neural network', 'nlp', 'numpy', 'pandas', 'python', 'pytorch', 'scikit', 'sql', 'statistics', 'tableau', 'tensorflow']"
562,FINANCE,2.5,4.17,0.0,1,23,['r'],"['agile', 'aws', 'azure', 'communication', 'computer vision', 'data analysis', 'data mining', 'data visualization', 'deep learning', 'git', 'machine learning', 'matplotlib', 'neural network', 'nlp', 'numpy', 'pandas', 'python', 'pytorch', 'scikit', 'sql', 'statistics', 'tableau', 'tensorflow']"
563,FINANCE,2.5,4.17,0.0,1,23,['r'],"['agile', 'aws', 'azure', 'communication', 'computer vision', 'data analysis', 'data mining', 'data visualization', 'deep learning', 'git', 'machine learning', 'matplotlib', 'neural network', 'nlp', 'numpy', 'pandas', 'python', 'pytorch', 'scikit', 'sql', 'statistics', 'tableau', 'tensorflow']"
564,FINANCE,2.5,4.17,0.0,1,23,['r'],"['agile', 'aws', 'azure', 'communication', 'computer vision', 'data analysis', 'data mining', 'data visualization', 'deep learning', 'git', 'machine learning', 'matplotlib', 'neural network', 'nlp', 'numpy', 'pandas', 'python', 'pytorch', 'scikit', 'sql', 'statistics', 'tableau', 'tensorflow']"
565,FINANCE,2.5,4.17,0.0,1,23,['r'],"['agile', 'aws', 'azure', 'communication', 'computer vision', 'data analysis', 'data mining', 'data visualization', 'deep learning', 'git', 'machine learning', 'matplotlib', 'neural network', 'nlp', 'numpy', 'pandas', 'python', 'pytorch', 'scikit', 'sql', 'statistics', 'tableau', 'tensorflow']"
566,FINANCE,2.5,4.17,0.0,1,23,['r'],"['agile', 'aws', 'azure', 'communication', 'computer vision', 'data analysis', 'data mining', 'data visualization', 'deep learning', 'git', 'machine learning', 'matplotlib', 'neural network', 'nlp', 'numpy', 'pandas', 'python', 'pytorch', 'scikit', 'sql', 'statistics', 'tableau', 'tensorflow']"
567,FINANCE,2.5,4.17,0.0,1,23,['r'],"['agile', 'aws', 'azure', 'communication', 'computer vision', 'data analysis', 'data mining', 'data visualization', 'deep learning', 'git', 'machine learning', 'matplotlib', 'neural network', 'nlp', 'numpy', 'pandas', 'python', 'pytorch', 'scikit', 'sql', 'statistics', 'tableau', 'tensorflow']"
568,FINANCE,2.5,4.17,0.0,1,23,['r'],"['agile', 'aws', 'azure', 'communication', 'computer vision', 'data analysis', 'data mining', 'data visualization', 'deep learning', 'git', 'machine learning', 'matplotlib', 'neural network', 'nlp', 'numpy', 'pandas', 'python', 'pytorch', 'scikit', 'sql', 'statistics', 'tableau', 'tensorflow']"
569,FINANCE,2.5,4.17,0.0,1,23,['r'],"['agile', 'aws', 'azure', 'communication', 'computer vision', 'data analysis', 'data mining', 'data visualization', 'deep learning', 'git', 'machine learning', 'matplotlib', 'neural network', 'nlp', 'numpy', 'pandas', 'python', 'pytorch', 'scikit', 'sql', 'statistics', 'tableau', 'tensorflow']"
570,FINANCE,2.5,4.17,0.0,1,23,['r'],"['agile', 'aws', 'azure', 'communication', 'computer vision', 'data analysis', 'data mining', 'data visualization', 'deep learning', 'git', 'machine learning', 'matplotlib', 'neural network', 'nlp', 'numpy', 'pandas', 'python', 'pytorch', 'scikit', 'sql', 'statistics', 'tableau', 'tensorflow']"
571,FINANCE,2.5,4.17,0.0,1,23,['r'],"['agile', 'aws', 'azure', 'communication', 'computer vision', 'data analysis', 'data mining', 'data visualization', 'deep learning', 'git', 'machine learning', 'matplotlib', 'neural network', 'nlp', 'numpy', 'pandas', 'python', 'pytorch', 'scikit', 'sql', 'statistics', 'tableau', 'tensorflow']"
572,FINANCE,2.5,4.17,0.0,1,23,['r'],"['agile', 'aws', 'azure', 'communication', 'computer vision', 'data analysis', 'data mining', 'data visualization', 'deep learning', 'git', 'machine learning', 'matplotlib', 'neural network', 'nlp', 'numpy', 'pandas', 'python', 'pytorch', 'scikit', 'sql', 'statistics', 'tableau', 'tensorflow']"
573,FINANCE,2.5,4.17,0.0,1,23,['r'],"['agile', 'aws', 'azure', 'communication', 'computer vision', 'data analysis', 'data mining', 'data visualization', 'deep learning', 'git', 'machine learning', 'matplotlib', 'neural network', 'nlp', 'numpy', 'pandas', 'python', 'pytorch', 'scikit', 'sql', 'statistics', 'tableau', 'tensorflow']"
574,FINANCE,2.5,4.17,0.0,1,23,['r'],"['agile', 'aws', 'azure', 'communication', 'computer vision', 'data analysis', 'data mining', 'data visualization', 'deep learning', 'git', 'machine learning', 'matplotlib', 'neural network', 'nlp', 'numpy', 'pandas', 'python', 'pytorch', 'scikit', 'sql', 'statistics', 'tableau', 'tensorflow']"
575,FINANCE,2.5,4.17,0.0,1,23,['r'],"['agile', 'aws', 'azure', 'communication', 'computer vision', 'data analysis', 'data mining', 'data visualization', 'deep learning', 'git', 'machine learning', 'matplotlib', 'neural network', 'nlp', 'numpy', 'pandas', 'python', 'pytorch', 'scikit', 'sql', 'statistics', 'tableau', 'tensorflow']"
576,FINANCE,2.5,4.17,0.0,1,23,['r'],"['agile', 'aws', 'azure', 'communication', 'computer vision', 'data analysis', 'data mining', 'data visualization', 'deep learning', 'git', 'machine learning', 'matplotlib', 'neural network', 'nlp', 'numpy', 'pandas', 'python', 'pytorch', 'scikit', 'sql', 'statistics', 'tableau', 'tensorflow']"
577,FINANCE,2.5,4.17,0.0,1,23,['r'],"['agile', 'aws', 'azure', 'communication', 'computer vision', 'data analysis', 'data mining', 'data visualization', 'deep learning', 'git', 'machine learning', 'matplotlib', 'neural network', 'nlp', 'numpy', 'pandas', 'python', 'pytorch', 'scikit', 'sql', 'statistics', 'tableau', 'tensorflow']"
578,FINANCE,2.5,4.17,0.0,1,23,['r'],"['agile', 'aws', 'azure', 'communication', 'computer vision', 'data analysis', 'data mining', 'data visualization', 'deep learning', 'git', 'machine learning', 'matplotlib', 'neural network', 'nlp', 'numpy', 'pandas', 'python', 'pytorch', 'scikit', 'sql', 'statistics', 'tableau', 'tensorflow']"
579,FINANCE,2.5,4.17,0.0,1,23,['r'],"['agile', 'aws', 'azure', 'communication', 'computer vision', 'data analysis', 'data mining', 'data visualization', 'deep learning', 'git', 'machine learning', 'matplotlib', 'neural network', 'nlp', 'numpy', 'pandas', 'python', 'pytorch', 'scikit', 'sql', 'statistics', 'tableau', 'tensorflow']"
580,FINANCE,2.5,4.17,0.0,1,23,['r'],"['agile', 'aws', 'azure', 'communication', 'computer vision', 'data analysis', 'data mining', 'data visualization', 'deep learning', 'git', 'machine learning', 'matplotlib', 'neural network', 'nlp', 'numpy', 'pandas', 'python', 'pytorch', 'scikit', 'sql', 'statistics', 'tableau', 'tensorflow']"
581,FINANCE,2.5,4.17,0.0,1,23,['r'],"['agile', 'aws', 'azure', 'communication', 'computer vision', 'data analysis', 'data mining', 'data visualization', 'deep learning', 'git', 'machine learning', 'matplotlib', 'neural network', 'nlp', 'numpy', 'pandas', 'python', 'pytorch', 'scikit', 'sql', 'statistics', 'tableau', 'tensorflow']"
582,FINANCE,2.5,4.17,0.0,1,23,['r'],"['agile', 'aws', 'azure', 'communication', 'computer vision', 'data analysis', 'data mining', 'data visualization', 'deep learning', 'git', 'machine learning', 'matplotlib', 'neural network', 'nlp', 'numpy', 'pandas', 'python', 'pytorch', 'scikit', 'sql', 'statistics', 'tableau', 'tensorflow']"
583,FINANCE,2.5,4.17,0.0,1,23,['r'],"['agile', 'aws', 'azure', 'communication', 'computer vision', 'data analysis', 'data mining', 'data visualization', 'deep learning', 'git', 'machine learning', 'matplotlib', 'neural network', 'nlp', 'numpy', 'pandas', 'python', 'pytorch', 'scikit', 'sql', 'statistics', 'tableau', 'tensorflow']"
584,FINANCE,2.5,4.17,0.0,1,23,['r'],"['agile', 'aws', 'azure', 'communication', 'computer vision', 'data analysis', 'data mining', 'data visualization', 'deep learning', 'git', 'machine learning', 'matplotlib', 'neural network', 'nlp', 'numpy', 'pandas', 'python', 'pytorch', 'scikit', 'sql', 'statistics', 'tableau', 'tensorflow']"
585,FINANCE,2.5,4.17,0.0,1,23,['r'],"['agile', 'aws', 'azure', 'communication', 'computer vision', 'data analysis', 'data mining', 'data visualization', 'deep learning', 'git', 'machine learning', 'matplotlib', 'neural network', 'nlp', 'numpy', 'pandas', 'python', 'pytorch', 'scikit', 'sql', 'statistics', 'tableau', 'tensorflow']"
586,FINANCE,2.5,4.17,0.0,1,23,['r'],"['agile', 'aws', 'azure', 'communication', 'computer vision', 'data analysis', 'data mining', 'data visualization', 'deep learning', 'git', 'machine learning', 'matplotlib', 'neural network', 'nlp', 'numpy', 'pandas', 'python', 'pytorch', 'scikit', 'sql', 'statistics', 'tableau', 'tensorflow']"
587,FINANCE,2.5,4.17,0.0,1,23,['r'],"['agile', 'aws', 'azure', 'communication', 'computer vision', 'data analysis', 'data mining', 'data visualization', 'deep learning', 'git', 'machine learning', 'matplotlib', 'neural network', 'nlp', 'numpy', 'pandas', 'python', 'pytorch', 'scikit', 'sql', 'statistics', 'tableau', 'tensorflow']"
588,FINANCE,2.5,4.17,0.0,1,23,['r'],"['agile', 'aws', 'azure', 'communication', 'computer vision', 'data analysis', 'data mining', 'data visualization', 'deep learning', 'git', 'machine learning', 'matplotlib', 'neural network', 'nlp', 'numpy', 'pandas', 'python', 'pytorch', 'scikit', 'sql', 'statistics', 'tableau', 'tensorflow']"
589,FINANCE,2.5,4.17,0.0,1,23,['r'],"['agile', 'aws', 'azure', 'communication', 'computer vision', 'data analysis', 'data mining', 'data visualization', 'deep learning', 'git', 'machine learning', 'matplotlib', 'neural network', 'nlp', 'numpy', 'pandas', 'python', 'pytorch', 'scikit', 'sql', 'statistics', 'tableau', 'tensorflow']"
590,FINANCE,2.5,4.17,0.0,1,23,['r'],"['agile', 'aws', 'azure', 'communication', 'computer vision', 'data analysis', 'data mining', 'data visualization', 'deep learning', 'git', 'machine learning', 'matplotlib', 'neural network', 'nlp', 'numpy', 'pandas', 'python', 'pytorch', 'scikit', 'sql', 'statistics', 'tableau', 'tensorflow']"
591,FINANCE,2.5,4.17,0.0,1,23,['r'],"['agile', 'aws', 'azure', 'communication', 'computer vision', 'data analysis', 'data mining', 'data visualization', 'deep learning', 'git', 'machine learning', 'matplotlib', 'neural network', 'nlp', 'numpy', 'pandas', 'python', 'pytorch', 'scikit', 'sql', 'statistics', 'tableau', 'tensorflow']"
592,FINANCE,2.5,4.17,0.0,1,23,['r'],"['agile', 'aws', 'azure', 'communication', 'computer vision', 'data analysis', 'data mining', 'data visualization', 'deep learning', 'git', 'machine learning', 'matplotlib', 'neural network', 'nlp', 'numpy', 'pandas', 'python', 'pytorch', 'scikit', 'sql', 'statistics', 'tableau', 'tensorflow']"
593,FINANCE,2.5,4.17,0.0,1,23,['r'],"['agile', 'aws', 'azure', 'communication', 'computer vision', 'data analysis', 'data mining', 'data visualization', 'deep learning', 'git', 'machine learning', 'matplotlib', 'neural network', 'nlp', 'numpy', 'pandas', 'python', 'pytorch', 'scikit', 'sql', 'statistics', 'tableau', 'tensorflow']"
594,FINANCE,2.5,4.17,0.0,1,23,['r'],"['agile', 'aws', 'azure', 'communication', 'computer vision', 'data analysis', 'data mining', 'data visualization', 'deep learning', 'git', 'machine learning', 'matplotlib', 'neural network', 'nlp', 'numpy', 'pandas', 'python', 'pytorch', 'scikit', 'sql', 'statistics', 'tableau', 'tensorflow']"
595,APPAREL,2.5,4.17,0.0,1,23,['r'],"['agile', 'aws', 'azure', 'communication', 'computer vision', 'data analysis', 'data mining', 'data visualization', 'deep learning', 'git', 'machine learning', 'matplotlib', 'neural network', 'nlp', 'numpy', 'pandas', 'python', 'pytorch', 'scikit', 'sql', 'statistics', 'tableau', 'tensorflow']"
596,FINANCE,2.5,4.17,0.0,1,23,['r'],"['agile', 'aws', 'azure', 'communication', 'computer vision', 'data analysis', 'data mining', 'data visualization', 'deep learning', 'git', 'machine learning', 'matplotlib', 'neural network', 'nlp', 'numpy', 'pandas', 'python', 'pytorch', 'scikit', 'sql', 'statistics', 'tableau', 'tensorflow']"
597,APPAREL,2.5,4.17,0.0,1,23,['r'],"['agile', 'aws', 'azure', 'communication', 'computer vision', 'data analysis', 'data mining', 'data visualization', 'deep learning', 'git', 'machine learning', 'matplotlib', 'neural network', 'nlp', 'numpy', 'pandas', 'python', 'pytorch', 'scikit', 'sql', 'statistics', 'tableau', 'tensorflow']"
598,APPAREL,2.5,4.17,0.0,1,23,['r'],"['agile', 'aws', 'azure', 'communication', 'computer vision', 'data analysis', 'data mining', 'data visualization', 'deep learning', 'git', 'machine learning', 'matplotlib', 'neural network', 'nlp', 'numpy', 'pandas', 'python', 'pytorch', 'scikit', 'sql', 'statistics', 'tableau', 'tensorflow']"
599,APPAREL,2.5,4.17,0.0,1,23,['r'],"['agile', 'aws', 'azure', 'communication', 'computer vision', 'data analysis', 'data mining', 'data visualization', 'deep learning', 'git', 'machine learning', 'matplotlib', 'neural network', 'nlp', 'numpy', 'pandas', 'python', 'pytorch', 'scikit', 'sql', 'statistics', 'tableau', 'tensorflow']"
600,APPAREL,2.5,4.17,0.0,1,23,['r'],"['agile', 'aws', 'azure', 'communication', 'computer vision', 'data analysis', 'data mining', 'data visualization', 'deep learning', 'git', 'machine learning', 'matplotlib', 'neural network', 'nlp', 'numpy', 'pandas', 'python', 'pytorch', 'scikit', 'sql', 'statistics', 'tableau', 'tensorflow']"
601,APPAREL,2.5,4.17,0.0,1,23,['r'],"['agile', 'aws', 'azure', 'communication', 'computer vision', 'data analysis', 'data mining', 'data visualization', 'deep learning', 'git', 'machine learning', 'matplotlib', 'neural network', 'nlp', 'numpy', 'pandas', 'python', 'pytorch', 'scikit', 'sql', 'statistics', 'tableau', 'tensorflow']"
602,APPAREL,2.5,4.17,0.0,1,23,['r'],"['agile', 'aws', 'azure', 'communication', 'computer vision', 'data analysis', 'data mining', 'data visualization', 'deep learning', 'git', 'machine learning', 'matplotlib', 'neural network', 'nlp', 'numpy', 'pandas', 'python', 'pytorch', 'scikit', 'sql', 'statistics', 'tableau', 'tensorflow']"
603,APPAREL,2.5,4.17,0.0,1,23,['r'],"['agile', 'aws', 'azure', 'communication', 'computer vision', 'data analysis', 'data mining', 'data visualization', 'deep learning', 'git', 'machine learning', 'matplotlib', 'neural network', 'nlp', 'numpy', 'pandas', 'python', 'pytorch', 'scikit', 'sql', 'statistics', 'tableau', 'tensorflow']"
604,APPAREL,2.5,4.17,0.0,1,23,['r'],"['agile', 'aws', 'azure', 'communication', 'computer vision', 'data analysis', 'data mining', 'data visualization', 'deep learning', 'git', 'machine learning', 'matplotlib', 'neural network', 'nlp', 'numpy', 'pandas', 'python', 'pytorch', 'scikit', 'sql', 'statistics', 'tableau', 'tensorflow']"
605,APPAREL,2.5,4.17,0.0,1,23,['r'],"['agile', 'aws', 'azure', 'communication', 'computer vision', 'data analysis', 'data mining', 'data visualization', 'deep learning', 'git', 'machine learning', 'matplotlib', 'neural network', 'nlp', 'numpy', 'pandas', 'python', 'pytorch', 'scikit', 'sql', 'statistics', 'tableau', 'tensorflow']"
606,FINANCE,2.5,4.17,0.0,1,23,['r'],"['agile', 'aws', 'azure', 'communication', 'computer vision', 'data analysis', 'data mining', 'data visualization', 'deep learning', 'git', 'machine learning', 'matplotlib', 'neural network', 'nlp', 'numpy', 'pandas', 'python', 'pytorch', 'scikit', 'sql', 'statistics', 'tableau', 'tensorflow']"
607,FINANCE,2.5,4.17,0.0,1,23,['r'],"['agile', 'aws', 'azure', 'communication', 'computer vision', 'data analysis', 'data mining', 'data visualization', 'deep learning', 'git', 'machine learning', 'matplotlib', 'neural network', 'nlp', 'numpy', 'pandas', 'python', 'pytorch', 'scikit', 'sql', 'statistics', 'tableau', 'tensorflow']"
608,FINANCE,2.5,4.17,0.0,1,23,['r'],"['agile', 'aws', 'azure', 'communication', 'computer vision', 'data analysis', 'data mining', 'data visualization', 'deep learning', 'git', 'machine learning', 'matplotlib', 'neural network', 'nlp', 'numpy', 'pandas', 'python', 'pytorch', 'scikit', 'sql', 'statistics', 'tableau', 'tensorflow']"
609,FINANCE,2.5,4.17,0.0,1,23,['r'],"['agile', 'aws', 'azure', 'communication', 'computer vision', 'data analysis', 'data mining', 'data visualization', 'deep learning', 'git', 'machine learning', 'matplotlib', 'neural network', 'nlp', 'numpy', 'pandas', 'python', 'pytorch', 'scikit', 'sql', 'statistics', 'tableau', 'tensorflow']"
610,FINANCE,2.5,4.17,0.0,1,23,['r'],"['agile', 'aws', 'azure', 'communication', 'computer vision', 'data analysis', 'data mining', 'data visualization', 'deep learning', 'git', 'machine learning', 'matplotlib', 'neural network', 'nlp', 'numpy', 'pandas', 'python', 'pytorch', 'scikit', 'sql', 'statistics', 'tableau', 'tensorflow']"
611,FINANCE,2.5,4.17,0.0,1,23,['r'],"['agile', 'aws', 'azure', 'communication', 'computer vision', 'data analysis', 'data mining', 'data visualization', 'deep learning', 'git', 'machine learning', 'matplotlib', 'neural network', 'nlp', 'numpy', 'pandas', 'python', 'pytorch', 'scikit', 'sql', 'statistics', 'tableau', 'tensorflow']"
612,FINANCE,2.5,4.17,0.0,1,23,['r'],"['agile', 'aws', 'azure', 'communication', 'computer vision', 'data analysis', 'data mining', 'data visualization', 'deep learning', 'git', 'machine learning', 'matplotlib', 'neural network', 'nlp', 'numpy', 'pandas', 'python', 'pytorch', 'scikit', 'sql', 'statistics', 'tableau', 'tensorflow']"
613,FINANCE,2.5,4.17,0.0,1,23,['r'],"['agile', 'aws', 'azure', 'communication', 'computer vision', 'data analysis', 'data mining', 'data visualization', 'deep learning', 'git', 'machine learning', 'matplotlib', 'neural network', 'nlp', 'numpy', 'pandas', 'python', 'pytorch', 'scikit', 'sql', 'statistics', 'tableau', 'tensorflow']"
614,FINANCE,2.5,4.17,0.0,1,23,['r'],"['agile', 'aws', 'azure', 'communication', 'computer vision', 'data analysis', 'data mining', 'data visualization', 'deep learning', 'git', 'machine learning', 'matplotlib', 'neural network', 'nlp', 'numpy', 'pandas', 'python', 'pytorch', 'scikit', 'sql', 'statistics', 'tableau', 'tensorflow']"
615,FINANCE,2.5,4.17,0.0,1,23,['r'],"['agile', 'aws', 'azure', 'communication', 'computer vision', 'data analysis', 'data mining', 'data visualization', 'deep learning', 'git', 'machine learning', 'matplotlib', 'neural network', 'nlp', 'numpy', 'pandas', 'python', 'pytorch', 'scikit', 'sql', 'statistics', 'tableau', 'tensorflow']"
616,FINANCE,2.5,4.17,0.0,1,23,['r'],"['agile', 'aws', 'azure', 'communication', 'computer vision', 'data analysis', 'data mining', 'data visualization', 'deep learning', 'git', 'machine learning', 'matplotlib', 'neural network', 'nlp', 'numpy', 'pandas', 'python', 'pytorch', 'scikit', 'sql', 'statistics', 'tableau', 'tensorflow']"
617,FINANCE,2.5,4.17,0.0,1,23,['r'],"['agile', 'aws', 'azure', 'communication', 'computer vision', 'data analysis', 'data mining', 'data visualization', 'deep learning', 'git', 'machine learning', 'matplotlib', 'neural network', 'nlp', 'numpy', 'pandas', 'python', 'pytorch', 'scikit', 'sql', 'statistics', 'tableau', 'tensorflow']"
618,FINANCE,2.5,4.17,0.0,1,23,['r'],"['agile', 'aws', 'azure', 'communication', 'computer vision', 'data analysis', 'data mining', 'data visualization', 'deep learning', 'git', 'machine learning', 'matplotlib', 'neural network', 'nlp', 'numpy', 'pandas', 'python', 'pytorch', 'scikit', 'sql', 'statistics', 'tableau', 'tensorflow']"
619,FINANCE,2.5,4.17,0.0,1,23,['r'],"['agile', 'aws', 'azure', 'communication', 'computer vision', 'data analysis', 'data mining', 'data visualization', 'deep learning', 'git', 'machine learning', 'matplotlib', 'neural network', 'nlp', 'numpy', 'pandas', 'python', 'pytorch', 'scikit', 'sql', 'statistics', 'tableau', 'tensorflow']"
620,FINANCE,2.5,4.17,0.0,1,23,['r'],"['agile', 'aws', 'azure', 'communication', 'computer vision', 'data analysis', 'data mining', 'data visualization', 'deep learning', 'git', 'machine learning', 'matplotlib', 'neural network', 'nlp', 'numpy', 'pandas', 'python', 'pytorch', 'scikit', 'sql', 'statistics', 'tableau', 'tensorflow']"
621,FINANCE,2.5,4.17,0.0,1,23,['r'],"['agile', 'aws', 'azure', 'communication', 'computer vision', 'data analysis', 'data mining', 'data visualization', 'deep learning', 'git', 'machine learning', 'matplotlib', 'neural network', 'nlp', 'numpy', 'pandas', 'python', 'pytorch', 'scikit', 'sql', 'statistics', 'tableau', 'tensorflow']"
622,FINANCE,2.5,4.17,0.0,1,23,['r'],"['agile', 'aws', 'azure', 'communication', 'computer vision', 'data analysis', 'data mining', 'data visualization', 'deep learning', 'git', 'machine learning', 'matplotlib', 'neural network', 'nlp', 'numpy', 'pandas', 'python', 'pytorch', 'scikit', 'sql', 'statistics', 'tableau', 'tensorflow']"
623,FINANCE,2.5,4.17,0.0,1,23,['r'],"['agile', 'aws', 'azure', 'communication', 'computer vision', 'data analysis', 'data mining', 'data visualization', 'deep learning', 'git', 'machine learning', 'matplotlib', 'neural network', 'nlp', 'numpy', 'pandas', 'python', 'pytorch', 'scikit', 'sql', 'statistics', 'tableau', 'tensorflow']"
624,FINANCE,2.5,4.17,0.0,1,23,['r'],"['agile', 'aws', 'azure', 'communication', 'computer vision', 'data analysis', 'data mining', 'data visualization', 'deep learning', 'git', 'machine learning', 'matplotlib', 'neural network', 'nlp', 'numpy', 'pandas', 'python', 'pytorch', 'scikit', 'sql', 'statistics', 'tableau', 'tensorflow']"
625,FINANCE,2.5,4.17,0.0,1,23,['r'],"['agile', 'aws', 'azure', 'communication', 'computer vision', 'data analysis', 'data mining', 'data visualization', 'deep learning', 'git', 'machine learning', 'matplotlib', 'neural network', 'nlp', 'numpy', 'pandas', 'python', 'pytorch', 'scikit', 'sql', 'statistics', 'tableau', 'tensorflow']"
626,FINANCE,2.5,4.17,0.0,1,23,['r'],"['agile', 'aws', 'azure', 'communication', 'computer vision', 'data analysis', 'data mining', 'data visualization', 'deep learning', 'git', 'machine learning', 'matplotlib', 'neural network', 'nlp', 'numpy', 'pandas', 'python', 'pytorch', 'scikit', 'sql', 'statistics', 'tableau', 'tensorflow']"
627,FINANCE,2.5,4.17,0.0,1,23,['r'],"['agile', 'aws', 'azure', 'communication', 'computer vision', 'data analysis', 'data mining', 'data visualization', 'deep learning', 'git', 'machine learning', 'matplotlib', 'neural network', 'nlp', 'numpy', 'pandas', 'python', 'pytorch', 'scikit', 'sql', 'statistics', 'tableau', 'tensorflow']"
628,FINANCE,2.5,4.17,0.0,1,23,['r'],"['agile', 'aws', 'azure', 'communication', 'computer vision', 'data analysis', 'data mining', 'data visualization', 'deep learning', 'git', 'machine learning', 'matplotlib', 'neural network', 'nlp', 'numpy', 'pandas', 'python', 'pytorch', 'scikit', 'sql', 'statistics', 'tableau', 'tensorflow']"
629,FINANCE,2.5,4.17,0.0,1,23,['r'],"['agile', 'aws', 'azure', 'communication', 'computer vision', 'data analysis', 'data mining', 'data visualization', 'deep learning', 'git', 'machine learning', 'matplotlib', 'neural network', 'nlp', 'numpy', 'pandas', 'python', 'pytorch', 'scikit', 'sql', 'statistics', 'tableau', 'tensorflow']"
630,FINANCE,2.5,4.17,0.0,1,23,['r'],"['agile', 'aws', 'azure', 'communication', 'computer vision', 'data analysis', 'data mining', 'data visualization', 'deep learning', 'git', 'machine learning', 'matplotlib', 'neural network', 'nlp', 'numpy', 'pandas', 'python', 'pytorch', 'scikit', 'sql', 'statistics', 'tableau', 'tensorflow']"
631,FINANCE,2.5,4.17,0.0,1,23,['r'],"['agile', 'aws', 'azure', 'communication', 'computer vision', 'data analysis', 'data mining', 'data visualization', 'deep learning', 'git', 'machine learning', 'matplotlib', 'neural network', 'nlp', 'numpy', 'pandas', 'python', 'pytorch', 'scikit', 'sql', 'statistics', 'tableau', 'tensorflow']"
632,FINANCE,2.5,4.17,0.0,1,23,['r'],"['agile', 'aws', 'azure', 'communication', 'computer vision', 'data analysis', 'data mining', 'data visualization', 'deep learning', 'git', 'machine learning', 'matplotlib', 'neural network', 'nlp', 'numpy', 'pandas', 'python', 'pytorch', 'scikit', 'sql', 'statistics', 'tableau', 'tensorflow']"
633,FINANCE,2.5,4.17,0.0,1,23,['r'],"['agile', 'aws', 'azure', 'communication', 'computer vision', 'data analysis', 'data mining', 'data visualization', 'deep learning', 'git', 'machine learning', 'matplotlib', 'neural network', 'nlp', 'numpy', 'pandas', 'python', 'pytorch', 'scikit', 'sql', 'statistics', 'tableau', 'tensorflow']"
634,FINANCE,2.5,4.17,0.0,1,23,['r'],"['agile', 'aws', 'azure', 'communication', 'computer vision', 'data analysis', 'data mining', 'data visualization', 'deep learning', 'git', 'machine learning', 'matplotlib', 'neural network', 'nlp', 'numpy', 'pandas', 'python', 'pytorch', 'scikit', 'sql', 'statistics', 'tableau', 'tensorflow']"
635,FINANCE,2.5,4.17,0.0,1,23,['r'],"['agile', 'aws', 'azure', 'communication', 'computer vision', 'data analysis', 'data mining', 'data visualization', 'deep learning', 'git', 'machine learning', 'matplotlib', 'neural network', 'nlp', 'numpy', 'pandas', 'python', 'pytorch', 'scikit', 'sql', 'statistics', 'tableau', 'tensorflow']"
636,FINANCE,2.5,4.17,0.0,1,23,['r'],"['agile', 'aws', 'azure', 'communication', 'computer vision', 'data analysis', 'data mining', 'data visualization', 'deep learning', 'git', 'machine learning', 'matplotlib', 'neural network', 'nlp', 'numpy', 'pandas', 'python', 'pytorch', 'scikit', 'sql', 'statistics', 'tableau', 'tensorflow']"
637,FINANCE,2.5,4.17,0.0,1,23,['r'],"['agile', 'aws', 'azure', 'communication', 'computer vision', 'data analysis', 'data mining', 'data visualization', 'deep learning', 'git', 'machine learning', 'matplotlib', 'neural network', 'nlp', 'numpy', 'pandas', 'python', 'pytorch', 'scikit', 'sql', 'statistics', 'tableau', 'tensorflow']"
638,FINANCE,2.5,4.17,0.0,1,23,['r'],"['agile', 'aws', 'azure', 'communication', 'computer vision', 'data analysis', 'data mining', 'data visualization', 'deep learning', 'git', 'machine learning', 'matplotlib', 'neural network', 'nlp', 'numpy', 'pandas', 'python', 'pytorch', 'scikit', 'sql', 'statistics', 'tableau', 'tensorflow']"
639,FINANCE,2.5,4.17,0.0,1,23,['r'],"['agile', 'aws', 'azure', 'communication', 'computer vision', 'data analysis', 'data mining', 'data visualization', 'deep learning', 'git', 'machine learning', 'matplotlib', 'neural network', 'nlp', 'numpy', 'pandas', 'python', 'pytorch', 'scikit', 'sql', 'statistics', 'tableau', 'tensorflow']"
640,FINANCE,2.5,4.17,0.0,1,23,['r'],"['agile', 'aws', 'azure', 'communication', 'computer vision', 'data analysis', 'data mining', 'data visualization', 'deep learning', 'git', 'machine learning', 'matplotlib', 'neural network', 'nlp', 'numpy', 'pandas', 'python', 'pytorch', 'scikit', 'sql', 'statistics', 'tableau', 'tensorflow']"
641,CHEF,2.5,4.17,0.0,1,23,['r'],"['agile', 'aws', 'azure', 'communication', 'computer vision', 'data analysis', 'data mining', 'data visualization', 'deep learning', 'git', 'machine learning', 'matplotlib', 'neural network', 'nlp', 'numpy', 'pandas', 'python', 'pytorch', 'scikit', 'sql', 'statistics', 'tableau', 'tensorflow']"
642,CHEF,2.5,4.17,0.0,1,23,['r'],"['agile', 'aws', 'azure', 'communication', 'computer vision', 'data analysis', 'data mining', 'data visualization', 'deep learning', 'git', 'machine learning', 'matplotlib', 'neural network', 'nlp', 'numpy', 'pandas', 'python', 'pytorch', 'scikit', 'sql', 'statistics', 'tableau', 'tensorflow']"
643,CHEF,2.5,4.17,0.0,1,23,['r'],"['agile', 'aws', 'azure', 'communication', 'computer vision', 'data analysis', 'data mining', 'data visualization', 'deep learning', 'git', 'machine learning', 'matplotlib', 'neural network', 'nlp', 'numpy', 'pandas', 'python', 'pytorch', 'scikit', 'sql', 'statistics', 'tableau', 'tensorflow']"
644,CHEF,2.5,4.17,0.0,1,23,['r'],"['agile', 'aws', 'azure', 'communication', 'computer vision', 'data analysis', 'data mining', 'data visualization', 'deep learning', 'git', 'machine learning', 'matplotlib', 'neural network', 'nlp', 'numpy', 'pandas', 'python', 'pytorch', 'scikit', 'sql', 'statistics', 'tableau', 'tensorflow']"
645,CHEF,2.5,4.17,0.0,1,23,['r'],"['agile', 'aws', 'azure', 'communication', 'computer vision', 'data analysis', 'data mining', 'data visualization', 'deep learning', 'git', 'machine learning', 'matplotlib', 'neural network', 'nlp', 'numpy', 'pandas', 'python', 'pytorch', 'scikit', 'sql', 'statistics', 'tableau', 'tensorflow']"
646,CHEF,2.5,4.17,0.0,1,23,['r'],"['agile', 'aws', 'azure', 'communication', 'computer vision', 'data analysis', 'data mining', 'data visualization', 'deep learning', 'git', 'machine learning', 'matplotlib', 'neural network', 'nlp', 'numpy', 'pandas', 'python', 'pytorch', 'scikit', 'sql', 'statistics', 'tableau', 'tensorflow']"
647,CHEF,2.5,4.17,0.0,1,23,['r'],"['agile', 'aws', 'azure', 'communication', 'computer vision', 'data analysis', 'data mining', 'data visualization', 'deep learning', 'git', 'machine learning', 'matplotlib', 'neural network', 'nlp', 'numpy', 'pandas', 'python', 'pytorch', 'scikit', 'sql', 'statistics', 'tableau', 'tensorflow']"
648,CHEF,2.5,4.17,0.0,1,23,['r'],"['agile', 'aws', 'azure', 'communication', 'computer vision', 'data analysis', 'data mining', 'data visualization', 'deep learning', 'git', 'machine learning', 'matplotlib', 'neural network', 'nlp', 'numpy', 'pandas', 'python', 'pytorch', 'scikit', 'sql', 'statistics', 'tableau', 'tensorflow']"
649,FINANCE,2.5,4.17,0.0,1,23,['r'],"['agile', 'aws', 'azure', 'communication', 'computer vision', 'data analysis', 'data mining', 'data visualization', 'deep learning', 'git', 'machine learning', 'matplotlib', 'neural network', 'nlp', 'numpy', 'pandas', 'python', 'pytorch', 'scikit', 'sql', 'statistics', 'tableau', 'tensorflow']"
650,CHEF,2.5,4.17,0.0,1,23,['r'],"['agile', 'aws', 'azure', 'communication', 'computer vision', 'data analysis', 'data mining', 'data visualization', 'deep learning', 'git', 'machine learning', 'matplotlib', 'neural network', 'nlp', 'numpy', 'pandas', 'python', 'pytorch', 'scikit', 'sql', 'statistics', 'tableau', 'tensorflow']"
651,CHEF,2.5,4.17,0.0,1,23,['r'],"['agile', 'aws', 'azure', 'communication', 'computer vision', 'data analysis', 'data mining', 'data visualization', 'deep learning', 'git', 'machine learning', 'matplotlib', 'neural network', 'nlp', 'numpy', 'pandas', 'python', 'pytorch', 'scikit', 'sql', 'statistics', 'tableau', 'tensorflow']"
652,CHEF,2.5,4.17,0.0,1,23,['r'],"['agile', 'aws', 'azure', 'communication', 'computer vision', 'data analysis', 'data mining', 'data visualization', 'deep learning', 'git', 'machine learning', 'matplotlib', 'neural network', 'nlp', 'numpy', 'pandas', 'python', 'pytorch', 'scikit', 'sql', 'statistics', 'tableau', 'tensorflow']"
653,CHEF,2.5,4.17,0.0,1,23,['r'],"['agile', 'aws', 'azure', 'communication', 'computer vision', 'data analysis', 'data mining', 'data visualization', 'deep learning', 'git', 'machine learning', 'matplotlib', 'neural network', 'nlp', 'numpy', 'pandas', 'python', 'pytorch', 'scikit', 'sql', 'statistics', 'tableau', 'tensorflow']"
654,CHEF,2.5,4.17,0.0,1,23,['r'],"['agile', 'aws', 'azure', 'communication', 'computer vision', 'data analysis', 'data mining', 'data visualization', 'deep learning', 'git', 'machine learning', 'matplotlib', 'neural network', 'nlp', 'numpy', 'pandas', 'python', 'pytorch', 'scikit', 'sql', 'statistics', 'tableau', 'tensorflow']"
655,FINANCE,2.5,4.17,0.0,1,23,['r'],"['agile', 'aws', 'azure', 'communication', 'computer vision', 'data analysis', 'data mining', 'data visualization', 'deep learning', 'git', 'machine learning', 'matplotlib', 'neural network', 'nlp', 'numpy', 'pandas', 'python', 'pytorch', 'scikit', 'sql', 'statistics', 'tableau', 'tensorflow']"
656,FINANCE,2.5,4.17,0.0,1,23,['r'],"['agile', 'aws', 'azure', 'communication', 'computer vision', 'data analysis', 'data mining', 'data visualization', 'deep learning', 'git', 'machine learning', 'matplotlib', 'neural network', 'nlp', 'numpy', 'pandas', 'python', 'pytorch', 'scikit', 'sql', 'statistics', 'tableau', 'tensorflow']"
657,FINANCE,2.5,4.17,0.0,1,23,['r'],"['agile', 'aws', 'azure', 'communication', 'computer vision', 'data analysis', 'data mining', 'data visualization', 'deep learning', 'git', 'machine learning', 'matplotlib', 'neural network', 'nlp', 'numpy', 'pandas', 'python', 'pytorch', 'scikit', 'sql', 'statistics', 'tableau', 'tensorflow']"
658,CHEF,2.5,4.17,0.0,1,23,['r'],"['agile', 'aws', 'azure', 'communication', 'computer vision', 'data analysis', 'data mining', 'data visualization', 'deep learning', 'git', 'machine learning', 'matplotlib', 'neural network', 'nlp', 'numpy', 'pandas', 'python', 'pytorch', 'scikit', 'sql', 'statistics', 'tableau', 'tensorflow']"
659,FINANCE,2.5,4.17,0.0,1,23,['r'],"['agile', 'aws', 'azure', 'communication', 'computer vision', 'data analysis', 'data mining', 'data visualization', 'deep learning', 'git', 'machine learning', 'matplotlib', 'neural network', 'nlp', 'numpy', 'pandas', 'python', 'pytorch', 'scikit', 'sql', 'statistics', 'tableau', 'tensorflow']"
660,FINANCE,2.5,4.17,0.0,1,23,['r'],"['agile', 'aws', 'azure', 'communication', 'computer vision', 'data analysis', 'data mining', 'data visualization', 'deep learning', 'git', 'machine learning', 'matplotlib', 'neural network', 'nlp', 'numpy', 'pandas', 'python', 'pytorch', 'scikit', 'sql', 'statistics', 'tableau', 'tensorflow']"
661,FINANCE,2.5,4.17,0.0,1,23,['r'],"['agile', 'aws', 'azure', 'communication', 'computer vision', 'data analysis', 'data mining', 'data visualization', 'deep learning', 'git', 'machine learning', 'matplotlib', 'neural network', 'nlp', 'numpy', 'pandas', 'python', 'pytorch', 'scikit', 'sql', 'statistics', 'tableau', 'tensorflow']"
662,FINANCE,2.5,4.17,0.0,1,23,['r'],"['agile', 'aws', 'azure', 'communication', 'computer vision', 'data analysis', 'data mining', 'data visualization', 'deep learning', 'git', 'machine learning', 'matplotlib', 'neural network', 'nlp', 'numpy', 'pandas', 'python', 'pytorch', 'scikit', 'sql', 'statistics', 'tableau', 'tensorflow']"
663,FINANCE,2.5,4.17,0.0,1,23,['r'],"['agile', 'aws', 'azure', 'communication', 'computer vision', 'data analysis', 'data mining', 'data visualization', 'deep learning', 'git', 'machine learning', 'matplotlib', 'neural network', 'nlp', 'numpy', 'pandas', 'python', 'pytorch', 'scikit', 'sql', 'statistics', 'tableau', 'tensorflow']"
664,FINANCE,2.5,4.17,0.0,1,23,['r'],"['agile', 'aws', 'azure', 'communication', 'computer vision', 'data analysis', 'data mining', 'data visualization', 'deep learning', 'git', 'machine learning', 'matplotlib', 'neural network', 'nlp', 'numpy', 'pandas', 'python', 'pytorch', 'scikit', 'sql', 'statistics', 'tableau', 'tensorflow']"
665,FINANCE,2.5,4.17,0.0,1,23,['r'],"['agile', 'aws', 'azure', 'communication', 'computer vision', 'data analysis', 'data mining', 'data visualization', 'deep learning', 'git', 'machine learning', 'matplotlib', 'neural network', 'nlp', 'numpy', 'pandas', 'python', 'pytorch', 'scikit', 'sql', 'statistics', 'tableau', 'tensorflow']"
666,FINANCE,2.5,4.17,0.0,1,23,['r'],"['agile', 'aws', 'azure', 'communication', 'computer vision', 'data analysis', 'data mining', 'data visualization', 'deep learning', 'git', 'machine learning', 'matplotlib', 'neural network', 'nlp', 'numpy', 'pandas', 'python', 'pytorch', 'scikit', 'sql', 'statistics', 'tableau', 'tensorflow']"
667,FINANCE,2.5,4.17,0.0,1,23,['r'],"['agile', 'aws', 'azure', 'communication', 'computer vision', 'data analysis', 'data mining', 'data visualization', 'deep learning', 'git', 'machine learning', 'matplotlib', 'neural network', 'nlp', 'numpy', 'pandas', 'python', 'pytorch', 'scikit', 'sql', 'statistics', 'tableau', 'tensorflow']"
668,FINANCE,2.5,4.17,0.0,1,23,['r'],"['agile', 'aws', 'azure', 'communication', 'computer vision', 'data analysis', 'data mining', 'data visualization', 'deep learning', 'git', 'machine learning', 'matplotlib', 'neural network', 'nlp', 'numpy', 'pandas', 'python', 'pytorch', 'scikit', 'sql', 'statistics', 'tableau', 'tensorflow']"
669,FINANCE,2.5,4.17,0.0,1,23,['r'],"['agile', 'aws', 'azure', 'communication', 'computer vision', 'data analysis', 'data mining', 'data visualization', 'deep learning', 'git', 'machine learning', 'matplotlib', 'neural network', 'nlp', 'numpy', 'pandas', 'python', 'pytorch', 'scikit', 'sql', 'statistics', 'tableau', 'tensorflow']"
670,FINANCE,2.5,4.17,0.0,1,23,['r'],"['agile', 'aws', 'azure', 'communication', 'computer vision', 'data analysis', 'data mining', 'data visualization', 'deep learning', 'git', 'machine learning', 'matplotlib', 'neural network', 'nlp', 'numpy', 'pandas', 'python', 'pytorch', 'scikit', 'sql', 'statistics', 'tableau', 'tensorflow']"
671,FINANCE,2.5,4.17,0.0,1,23,['r'],"['agile', 'aws', 'azure', 'communication', 'computer vision', 'data analysis', 'data mining', 'data visualization', 'deep learning', 'git', 'machine learning', 'matplotlib', 'neural network', 'nlp', 'numpy', 'pandas', 'python', 'pytorch', 'scikit', 'sql', 'statistics', 'tableau', 'tensorflow']"
672,FINANCE,2.5,4.17,0.0,1,23,['r'],"['agile', 'aws', 'azure', 'communication', 'computer vision', 'data analysis', 'data mining', 'data visualization', 'deep learning', 'git', 'machine learning', 'matplotlib', 'neural network', 'nlp', 'numpy', 'pandas', 'python', 'pytorch', 'scikit', 'sql', 'statistics', 'tableau', 'tensorflow']"
673,FINANCE,2.5,4.17,0.0,1,23,['r'],"['agile', 'aws', 'azure', 'communication', 'computer vision', 'data analysis', 'data mining', 'data visualization', 'deep learning', 'git', 'machine learning', 'matplotlib', 'neural network', 'nlp', 'numpy', 'pandas', 'python', 'pytorch', 'scikit', 'sql', 'statistics', 'tableau', 'tensorflow']"
674,FINANCE,2.5,4.17,0.0,1,23,['r'],"['agile', 'aws', 'azure', 'communication', 'computer vision', 'data analysis', 'data mining', 'data visualization', 'deep learning', 'git', 'machine learning', 'matplotlib', 'neural network', 'nlp', 'numpy', 'pandas', 'python', 'pytorch', 'scikit', 'sql', 'statistics', 'tableau', 'tensorflow']"
675,FINANCE,2.5,4.17,0.0,1,23,['r'],"['agile', 'aws', 'azure', 'communication', 'computer vision', 'data analysis', 'data mining', 'data visualization', 'deep learning', 'git', 'machine learning', 'matplotlib', 'neural network', 'nlp', 'numpy', 'pandas', 'python', 'pytorch', 'scikit', 'sql', 'statistics', 'tableau', 'tensorflow']"
676,FINANCE,2.5,4.17,0.0,1,23,['r'],"['agile', 'aws', 'azure', 'communication', 'computer vision', 'data analysis', 'data mining', 'data visualization', 'deep learning', 'git', 'machine learning', 'matplotlib', 'neural network', 'nlp', 'numpy', 'pandas', 'python', 'pytorch', 'scikit', 'sql', 'statistics', 'tableau', 'tensorflow']"
677,FINANCE,2.5,4.17,0.0,1,23,['r'],"['agile', 'aws', 'azure', 'communication', 'computer vision', 'data analysis', 'data mining', 'data visualization', 'deep learning', 'git', 'machine learning', 'matplotlib', 'neural network', 'nlp', 'numpy', 'pandas', 'python', 'pytorch', 'scikit', 'sql', 'statistics', 'tableau', 'tensorflow']"
678,FINANCE,2.5,4.17,0.0,1,23,['r'],"['agile', 'aws', 'azure', 'communication', 'computer vision', 'data analysis', 'data mining', 'data visualization', 'deep learning', 'git', 'machine learning', 'matplotlib', 'neural network', 'nlp', 'numpy', 'pandas', 'python', 'pytorch', 'scikit', 'sql', 'statistics', 'tableau', 'tensorflow']"
679,FINANCE,2.5,4.17,0.0,1,23,['r'],"['agile', 'aws', 'azure', 'communication', 'computer vision', 'data analysis', 'data mining', 'data visualization', 'deep learning', 'git', 'machine learning', 'matplotlib', 'neural network', 'nlp', 'numpy', 'pandas', 'python', 'pytorch', 'scikit', 'sql', 'statistics', 'tableau', 'tensorflow']"
680,FINANCE,2.5,4.17,0.0,1,23,['r'],"['agile', 'aws', 'azure', 'communication', 'computer vision', 'data analysis', 'data mining', 'data visualization', 'deep learning', 'git', 'machine learning', 'matplotlib', 'neural network', 'nlp', 'numpy', 'pandas', 'python', 'pytorch', 'scikit', 'sql', 'statistics', 'tableau', 'tensorflow']"
681,FINANCE,2.5,4.17,0.0,1,23,['r'],"['agile', 'aws', 'azure', 'communication', 'computer vision', 'data analysis', 'data mining', 'data visualization', 'deep learning', 'git', 'machine learning', 'matplotlib', 'neural network', 'nlp', 'numpy', 'pandas', 'python', 'pytorch', 'scikit', 'sql', 'statistics', 'tableau', 'tensorflow']"
682,FINANCE,2.5,4.17,0.0,1,23,['r'],"['agile', 'aws', 'azure', 'communication', 'computer vision', 'data analysis', 'data mining', 'data visualization', 'deep learning', 'git', 'machine learning', 'matplotlib', 'neural network', 'nlp', 'numpy', 'pandas', 'python', 'pytorch', 'scikit', 'sql', 'statistics', 'tableau', 'tensorflow']"
683,FINANCE,2.5,4.17,0.0,1,23,['r'],"['agile', 'aws', 'azure', 'communication', 'computer vision', 'data analysis', 'data mining', 'data visualization', 'deep learning', 'git', 'machine learning', 'matplotlib', 'neural network', 'nlp', 'numpy', 'pandas', 'python', 'pytorch', 'scikit', 'sql', 'statistics', 'tableau', 'tensorflow']"
684,FINANCE,2.5,4.17,0.0,1,23,['r'],"['agile', 'aws', 'azure', 'communication', 'computer vision', 'data analysis', 'data mining', 'data visualization', 'deep learning', 'git', 'machine learning', 'matplotlib', 'neural network', 'nlp', 'numpy', 'pandas', 'python', 'pytorch', 'scikit', 'sql', 'statistics', 'tableau', 'tensorflow']"
685,FINANCE,2.5,4.17,0.0,1,23,['r'],"['agile', 'aws', 'azure', 'communication', 'computer vision', 'data analysis', 'data mining', 'data visualization', 'deep learning', 'git', 'machine learning', 'matplotlib', 'neural network', 'nlp', 'numpy', 'pandas', 'python', 'pytorch', 'scikit', 'sql', 'statistics', 'tableau', 'tensorflow']"
686,FINANCE,2.5,4.17,0.0,1,23,['r'],"['agile', 'aws', 'azure', 'communication', 'computer vision', 'data analysis', 'data mining', 'data visualization', 'deep learning', 'git', 'machine learning', 'matplotlib', 'neural network', 'nlp', 'numpy', 'pandas', 'python', 'pytorch', 'scikit', 'sql', 'statistics', 'tableau', 'tensorflow']"
687,FINANCE,2.5,4.17,0.0,1,23,['r'],"['agile', 'aws', 'azure', 'communication', 'computer vision', 'data analysis', 'data mining', 'data visualization', 'deep learning', 'git', 'machine learning', 'matplotlib', 'neural network', 'nlp', 'numpy', 'pandas', 'python', 'pytorch', 'scikit', 'sql', 'statistics', 'tableau', 'tensorflow']"
688,FINANCE,2.5,4.17,0.0,1,23,['r'],"['agile', 'aws', 'azure', 'communication', 'computer vision', 'data analysis', 'data mining', 'data visualization', 'deep learning', 'git', 'machine learning', 'matplotlib', 'neural network', 'nlp', 'numpy', 'pandas', 'python', 'pytorch', 'scikit', 'sql', 'statistics', 'tableau', 'tensorflow']"
689,FINANCE,2.5,4.17,0.0,1,23,['r'],"['agile', 'aws', 'azure', 'communication', 'computer vision', 'data analysis', 'data mining', 'data visualization', 'deep learning', 'git', 'machine learning', 'matplotlib', 'neural network', 'nlp', 'numpy', 'pandas', 'python', 'pytorch', 'scikit', 'sql', 'statistics', 'tableau', 'tensorflow']"
690,FINANCE,2.5,4.17,0.0,1,23,['r'],"['agile', 'aws', 'azure', 'communication', 'computer vision', 'data analysis', 'data mining', 'data visualization', 'deep learning', 'git', 'machine learning', 'matplotlib', 'neural network', 'nlp', 'numpy', 'pandas', 'python', 'pytorch', 'scikit', 'sql', 'statistics', 'tableau', 'tensorflow']"
691,FINANCE,2.5,4.17,0.0,1,23,['r'],"['agile', 'aws', 'azure', 'communication', 'computer vision', 'data analysis', 'data mining', 'data visualization', 'deep learning', 'git', 'machine learning', 'matplotlib', 'neural network', 'nlp', 'numpy', 'pandas', 'python', 'pytorch', 'scikit', 'sql', 'statistics', 'tableau', 'tensorflow']"
692,FINANCE,2.5,4.17,0.0,1,23,['r'],"['agile', 'aws', 'azure', 'communication', 'computer vision', 'data analysis', 'data mining', 'data visualization', 'deep learning', 'git', 'machine learning', 'matplotlib', 'neural network', 'nlp', 'numpy', 'pandas', 'python', 'pytorch', 'scikit', 'sql', 'statistics', 'tableau', 'tensorflow']"
693,FINANCE,2.5,4.17,0.0,1,23,['r'],"['agile', 'aws', 'azure', 'communication', 'computer vision', 'data analysis', 'data mining', 'data visualization', 'deep learning', 'git', 'machine learning', 'matplotlib', 'neural network', 'nlp', 'numpy', 'pandas', 'python', 'pytorch', 'scikit', 'sql', 'statistics', 'tableau', 'tensorflow']"
694,ARTS,2.5,4.17,0.0,1,23,['r'],"['agile', 'aws', 'azure', 'communication', 'computer vision', 'data analysis', 'data mining', 'data visualization', 'deep learning', 'git', 'machine learning', 'matplotlib', 'neural network', 'nlp', 'numpy', 'pandas', 'python', 'pytorch', 'scikit', 'sql', 'statistics', 'tableau', 'tensorflow']"
695,ARTS,2.5,4.17,0.0,1,23,['r'],"['agile', 'aws', 'azure', 'communication', 'computer vision', 'data analysis', 'data mining', 'data visualization', 'deep learning', 'git', 'machine learning', 'matplotlib', 'neural network', 'nlp', 'numpy', 'pandas', 'python', 'pytorch', 'scikit', 'sql', 'statistics', 'tableau', 'tensorflow']"
696,ARTS,2.5,4.17,0.0,1,23,['r'],"['agile', 'aws', 'azure', 'communication', 'computer vision', 'data analysis', 'data mining', 'data visualization', 'deep learning', 'git', 'machine learning', 'matplotlib', 'neural network', 'nlp', 'numpy', 'pandas', 'python', 'pytorch', 'scikit', 'sql', 'statistics', 'tableau', 'tensorflow']"
697,ARTS,2.5,4.17,0.0,1,23,['r'],"['agile', 'aws', 'azure', 'communication', 'computer vision', 'data analysis', 'data mining', 'data visualization', 'deep learning', 'git', 'machine learning', 'matplotlib', 'neural network', 'nlp', 'numpy', 'pandas', 'python', 'pytorch', 'scikit', 'sql', 'statistics', 'tableau', 'tensorflow']"
698,ARTS,2.5,4.17,0.0,1,23,['r'],"['agile', 'aws', 'azure', 'communication', 'computer vision', 'data analysis', 'data mining', 'data visualization', 'deep learning', 'git', 'machine learning', 'matplotlib', 'neural network', 'nlp', 'numpy', 'pandas', 'python', 'pytorch', 'scikit', 'sql', 'statistics', 'tableau', 'tensorflow']"
699,ARTS,2.5,4.17,0.0,1,23,['r'],"['agile', 'aws', 'azure', 'communication', 'computer vision', 'data analysis', 'data mining', 'data visualization', 'deep learning', 'git', 'machine learning', 'matplotlib', 'neural network', 'nlp', 'numpy', 'pandas', 'python', 'pytorch', 'scikit', 'sql', 'statistics', 'tableau', 'tensorflow']"
700,ARTS,2.5,4.17,0.0,1,23,['r'],"['agile', 'aws', 'azure', 'communication', 'computer vision', 'data analysis', 'data mining', 'data visualization', 'deep learning', 'git', 'machine learning', 'matplotlib', 'neural network', 'nlp', 'numpy', 'pandas', 'python', 'pytorch', 'scikit', 'sql', 'statistics', 'tableau', 'tensorflow']"
701,ARTS,2.5,4.17,0.0,1,23,['r'],"['agile', 'aws', 'azure', 'communication', 'computer vision', 'data analysis', 'data mining', 'data visualization', 'deep learning', 'git', 'machine learning', 'matplotlib', 'neural network', 'nlp', 'numpy', 'pandas', 'python', 'pytorch', 'scikit', 'sql', 'statistics', 'tableau', 'tensorflow']"
702,ACCOUNTANT,2.5,4.17,0.0,1,23,['r'],"['agile', 'aws', 'azure', 'communication', 'computer vision', 'data analysis', 'data mining', 'data visualization', 'deep learning', 'git', 'machine learning', 'matplotlib', 'neural network', 'nlp', 'numpy', 'pandas', 'python', 'pytorch', 'scikit', 'sql', 'statistics', 'tableau', 'tensorflow']"
703,ARTS,2.5,4.17,0.0,1,23,['r'],"['agile', 'aws', 'azure', 'communication', 'computer vision', 'data analysis', 'data mining', 'data visualization', 'deep learning', 'git', 'machine learning', 'matplotlib', 'neural network', 'nlp', 'numpy', 'pandas', 'python', 'pytorch', 'scikit', 'sql', 'statistics', 'tableau', 'tensorflow']"
704,ARTS,2.5,4.17,0.0,1,23,['r'],"['agile', 'aws', 'azure', 'communication', 'computer vision', 'data analysis', 'data mining', 'data visualization', 'deep learning', 'git', 'machine learning', 'matplotlib', 'neural network', 'nlp', 'numpy', 'pandas', 'python', 'pytorch', 'scikit', 'sql', 'statistics', 'tableau', 'tensorflow']"
705,ARTS,2.5,4.17,0.0,1,23,['r'],"['agile', 'aws', 'azure', 'communication', 'computer vision', 'data analysis', 'data mining', 'data visualization', 'deep learning', 'git', 'machine learning', 'matplotlib', 'neural network', 'nlp', 'numpy', 'pandas', 'python', 'pytorch', 'scikit', 'sql', 'statistics', 'tableau', 'tensorflow']"
706,ARTS,2.5,4.17,0.0,1,23,['r'],"['agile', 'aws', 'azure', 'communication', 'computer vision', 'data analysis', 'data mining', 'data visualization', 'deep learning', 'git', 'machine learning', 'matplotlib', 'neural network', 'nlp', 'numpy', 'pandas', 'python', 'pytorch', 'scikit', 'sql', 'statistics', 'tableau', 'tensorflow']"
707,ARTS,2.5,4.17,0.0,1,23,['r'],"['agile', 'aws', 'azure', 'communication', 'computer vision', 'data analysis', 'data mining', 'data visualization', 'deep learning', 'git', 'machine learning', 'matplotlib', 'neural network', 'nlp', 'numpy', 'pandas', 'python', 'pytorch', 'scikit', 'sql', 'statistics', 'tableau', 'tensorflow']"
708,ARTS,2.5,4.17,0.0,1,23,['r'],"['agile', 'aws', 'azure', 'communication', 'computer vision', 'data analysis', 'data mining', 'data visualization', 'deep learning', 'git', 'machine learning', 'matplotlib', 'neural network', 'nlp', 'numpy', 'pandas', 'python', 'pytorch', 'scikit', 'sql', 'statistics', 'tableau', 'tensorflow']"
709,ARTS,2.5,4.17,0.0,1,23,['r'],"['agile', 'aws', 'azure', 'communication', 'computer vision', 'data analysis', 'data mining', 'data visualization', 'deep learning', 'git', 'machine learning', 'matplotlib', 'neural network', 'nlp', 'numpy', 'pandas', 'python', 'pytorch', 'scikit', 'sql', 'statistics', 'tableau', 'tensorflow']"
710,ARTS,2.5,4.17,0.0,1,23,['r'],"['agile', 'aws', 'azure', 'communication', 'computer vision', 'data analysis', 'data mining', 'data visualization', 'deep learning', 'git', 'machine learning', 'matplotlib', 'neural network', 'nlp', 'numpy', 'pandas', 'python', 'pytorch', 'scikit', 'sql', 'statistics', 'tableau', 'tensorflow']"
711,ARTS,2.5,4.17,0.0,1,23,['r'],"['agile', 'aws', 'azure', 'communication', 'computer vision', 'data analysis', 'data mining', 'data visualization', 'deep learning', 'git', 'machine learning', 'matplotlib', 'neural network', 'nlp', 'numpy', 'pandas', 'python', 'pytorch', 'scikit', 'sql', 'statistics', 'tableau', 'tensorflow']"
712,BANKING,2.5,4.17,0.0,1,23,['r'],"['agile', 'aws', 'azure', 'communication', 'computer vision', 'data analysis', 'data mining', 'data visualization', 'deep learning', 'git', 'machine learning', 'matplotlib', 'neural network', 'nlp', 'numpy', 'pandas', 'python', 'pytorch', 'scikit', 'sql', 'statistics', 'tableau', 'tensorflow']"
713,BANKING,2.5,4.17,0.0,1,23,['r'],"['agile', 'aws', 'azure', 'communication', 'computer vision', 'data analysis', 'data mining', 'data visualization', 'deep learning', 'git', 'machine learning', 'matplotlib', 'neural network', 'nlp', 'numpy', 'pandas', 'python', 'pytorch', 'scikit', 'sql', 'statistics', 'tableau', 'tensorflow']"
714,BANKING,2.5,4.17,0.0,1,23,['r'],"['agile', 'aws', 'azure', 'communication', 'computer vision', 'data analysis', 'data mining', 'data visualization', 'deep learning', 'git', 'machine learning', 'matplotlib', 'neural network', 'nlp', 'numpy', 'pandas', 'python', 'pytorch', 'scikit', 'sql', 'statistics', 'tableau', 'tensorflow']"
715,BANKING,2.5,4.17,0.0,1,23,['r'],"['agile', 'aws', 'azure', 'communication', 'computer vision', 'data analysis', 'data mining', 'data visualization', 'deep learning', 'git', 'machine learning', 'matplotlib', 'neural network', 'nlp', 'numpy', 'pandas', 'python', 'pytorch', 'scikit', 'sql', 'statistics', 'tableau', 'tensorflow']"
716,BANKING,2.5,4.17,0.0,1,23,['r'],"['agile', 'aws', 'azure', 'communication', 'computer vision', 'data analysis', 'data mining', 'data visualization', 'deep learning', 'git', 'machine learning', 'matplotlib', 'neural network', 'nlp', 'numpy', 'pandas', 'python', 'pytorch', 'scikit', 'sql', 'statistics', 'tableau', 'tensorflow']"
717,BANKING,2.5,4.17,0.0,1,23,['r'],"['agile', 'aws', 'azure', 'communication', 'computer vision', 'data analysis', 'data mining', 'data visualization', 'deep learning', 'git', 'machine learning', 'matplotlib', 'neural network', 'nlp', 'numpy', 'pandas', 'python', 'pytorch', 'scikit', 'sql', 'statistics', 'tableau', 'tensorflow']"
718,BANKING,2.5,4.17,0.0,1,23,['r'],"['agile', 'aws', 'azure', 'communication', 'computer vision', 'data analysis', 'data mining', 'data visualization', 'deep learning', 'git', 'machine learning', 'matplotlib', 'neural network', 'nlp', 'numpy', 'pandas', 'python', 'pytorch', 'scikit', 'sql', 'statistics', 'tableau', 'tensorflow']"
719,BANKING,2.5,4.17,0.0,1,23,['r'],"['agile', 'aws', 'azure', 'communication', 'computer vision', 'data analysis', 'data mining', 'data visualization', 'deep learning', 'git', 'machine learning', 'matplotlib', 'neural network', 'nlp', 'numpy', 'pandas', 'python', 'pytorch', 'scikit', 'sql', 'statistics', 'tableau', 'tensorflow']"
720,ARTS,2.5,4.17,0.0,1,23,['r'],"['agile', 'aws', 'azure', 'communication', 'computer vision', 'data analysis', 'data mining', 'data visualization', 'deep learning', 'git', 'machine learning', 'matplotlib', 'neural network', 'nlp', 'numpy', 'pandas', 'python', 'pytorch', 'scikit', 'sql', 'statistics', 'tableau', 'tensorflow']"
721,BANKING,2.5,4.17,0.0,1,23,['r'],"['agile', 'aws', 'azure', 'communication', 'computer vision', 'data analysis', 'data mining', 'data visualization', 'deep learning', 'git', 'machine learning', 'matplotlib', 'neural network', 'nlp', 'numpy', 'pandas', 'python', 'pytorch', 'scikit', 'sql', 'statistics', 'tableau', 'tensorflow']"
722,BANKING,2.5,4.17,0.0,1,23,['r'],"['agile', 'aws', 'azure', 'communication', 'computer vision', 'data analysis', 'data mining', 'data visualization', 'deep learning', 'git', 'machine learning', 'matplotlib', 'neural network', 'nlp', 'numpy', 'pandas', 'python', 'pytorch', 'scikit', 'sql', 'statistics', 'tableau', 'tensorflow']"
723,BANKING,2.5,4.17,0.0,1,23,['r'],"['agile', 'aws', 'azure', 'communication', 'computer vision', 'data analysis', 'data mining', 'data visualization', 'deep learning', 'git', 'machine learning', 'matplotlib', 'neural network', 'nlp', 'numpy', 'pandas', 'python', 'pytorch', 'scikit', 'sql', 'statistics', 'tableau', 'tensorflow']"
724,BANKING,2.5,4.17,0.0,1,23,['r'],"['agile', 'aws', 'azure', 'communication', 'computer vision', 'data analysis', 'data mining', 'data visualization', 'deep learning', 'git', 'machine learning', 'matplotlib', 'neural network', 'nlp', 'numpy', 'pandas', 'python', 'pytorch', 'scikit', 'sql', 'statistics', 'tableau', 'tensorflow']"
725,ARTS,2.5,4.17,0.0,1,23,['r'],"['agile', 'aws', 'azure', 'communication', 'computer vision', 'data analysis', 'data mining', 'data visualization', 'deep learning', 'git', 'machine learning', 'matplotlib', 'neural network', 'nlp', 'numpy', 'pandas', 'python', 'pytorch', 'scikit', 'sql', 'statistics', 'tableau', 'tensorflow']"
726,ARTS,2.5,4.17,0.0,1,23,['r'],"['agile', 'aws', 'azure', 'communication', 'computer vision', 'data analysis', 'data mining', 'data visualization', 'deep learning', 'git', 'machine learning', 'matplotlib', 'neural network', 'nlp', 'numpy', 'pandas', 'python', 'pytorch', 'scikit', 'sql', 'statistics', 'tableau', 'tensorflow']"
727,ARTS,2.5,4.17,0.0,1,23,['r'],"['agile', 'aws', 'azure', 'communication', 'computer vision', 'data analysis', 'data mining', 'data visualization', 'deep learning', 'git', 'machine learning', 'matplotlib', 'neural network', 'nlp', 'numpy', 'pandas', 'python', 'pytorch', 'scikit', 'sql', 'statistics', 'tableau', 'tensorflow']"
728,ARTS,2.5,4.17,0.0,1,23,['r'],"['agile', 'aws', 'azure', 'communication', 'computer vision', 'data analysis', 'data mining', 'data visualization', 'deep learning', 'git', 'machine learning', 'matplotlib', 'neural network', 'nlp', 'numpy', 'pandas', 'python', 'pytorch', 'scikit', 'sql', 'statistics', 'tableau', 'tensorflow']"
729,ARTS,2.5,4.17,0.0,1,23,['r'],"['agile', 'aws', 'azure', 'communication', 'computer vision', 'data analysis', 'data mining', 'data visualization', 'deep learning', 'git', 'machine learning', 'matplotlib', 'neural network', 'nlp', 'numpy', 'pandas', 'python', 'pytorch', 'scikit', 'sql', 'statistics', 'tableau', 'tensorflow']"
730,BANKING,2.5,4.17,0.0,1,23,['r'],"['agile', 'aws', 'azure', 'communication', 'computer vision', 'data analysis', 'data mining', 'data visualization', 'deep learning', 'git', 'machine learning', 'matplotlib', 'neural network', 'nlp', 'numpy', 'pandas', 'python', 'pytorch', 'scikit', 'sql', 'statistics', 'tableau', 'tensorflow']"
731,ARTS,2.5,4.17,0.0,1,23,['r'],"['agile', 'aws', 'azure', 'communication', 'computer vision', 'data analysis', 'data mining', 'data visualization', 'deep learning', 'git', 'machine learning', 'matplotlib', 'neural network', 'nlp', 'numpy', 'pandas', 'python', 'pytorch', 'scikit', 'sql', 'statistics', 'tableau', 'tensorflow']"
732,ARTS,2.5,4.17,0.0,1,23,['r'],"['agile', 'aws', 'azure', 'communication', 'computer vision', 'data analysis', 'data mining', 'data visualization', 'deep learning', 'git', 'machine learning', 'matplotlib', 'neural network', 'nlp', 'numpy', 'pandas', 'python', 'pytorch', 'scikit', 'sql', 'statistics', 'tableau', 'tensorflow']"
733,ARTS,2.5,4.17,0.0,1,23,['r'],"['agile', 'aws', 'azure', 'communication', 'computer vision', 'data analysis', 'data mining', 'data visualization', 'deep learning', 'git', 'machine learning', 'matplotlib', 'neural network', 'nlp', 'numpy', 'pandas', 'python', 'pytorch', 'scikit', 'sql', 'statistics', 'tableau', 'tensorflow']"
734,ARTS,2.5,4.17,0.0,1,23,['r'],"['agile', 'aws', 'azure', 'communication', 'computer vision', 'data analysis', 'data mining', 'data visualization', 'deep learning', 'git', 'machine learning', 'matplotlib', 'neural network', 'nlp', 'numpy', 'pandas', 'python', 'pytorch', 'scikit', 'sql', 'statistics', 'tableau', 'tensorflow']"
735,ARTS,2.5,4.17,0.0,1,23,['r'],"['agile', 'aws', 'azure', 'communication', 'computer vision', 'data analysis', 'data mining', 'data visualization', 'deep learning', 'git', 'machine learning', 'matplotlib', 'neural network', 'nlp', 'numpy', 'pandas', 'python', 'pytorch', 'scikit', 'sql', 'statistics', 'tableau', 'tensorflow']"
736,ARTS,2.5,4.17,0.0,1,23,['r'],"['agile', 'aws', 'azure', 'communication', 'computer vision', 'data analysis', 'data mining', 'data visualization', 'deep learning', 'git', 'machine learning', 'matplotlib', 'neural network', 'nlp', 'numpy', 'pandas', 'python', 'pytorch', 'scikit', 'sql', 'statistics', 'tableau', 'tensorflow']"
737,ARTS,2.5,4.17,0.0,1,23,['r'],"['agile', 'aws', 'azure', 'communication', 'computer vision', 'data analysis', 'data mining', 'data visualization', 'deep learning', 'git', 'machine learning', 'matplotlib', 'neural network', 'nlp', 'numpy', 'pandas', 'python', 'pytorch', 'scikit', 'sql', 'statistics', 'tableau', 'tensorflow']"
738,ARTS,2.5,4.17,0.0,1,23,['r'],"['agile', 'aws', 'azure', 'communication', 'computer vision', 'data analysis', 'data mining', 'data visualization', 'deep learning', 'git', 'machine learning', 'matplotlib', 'neural network', 'nlp', 'numpy', 'pandas', 'python', 'pytorch', 'scikit', 'sql', 'statistics', 'tableau', 'tensorflow']"
739,ARTS,2.5,4.17,0.0,1,23,['r'],"['agile', 'aws', 'azure', 'communication', 'computer vision', 'data analysis', 'data mining', 'data visualization', 'deep learning', 'git', 'machine learning', 'matplotlib', 'neural network', 'nlp', 'numpy', 'pandas', 'python', 'pytorch', 'scikit', 'sql', 'statistics', 'tableau', 'tensorflow']"
740,ARTS,2.5,4.17,0.0,1,23,['r'],"['agile', 'aws', 'azure', 'communication', 'computer vision', 'data analysis', 'data mining', 'data visualization', 'deep learning', 'git', 'machine learning', 'matplotlib', 'neural network', 'nlp', 'numpy', 'pandas', 'python', 'pytorch', 'scikit', 'sql', 'statistics', 'tableau', 'tensorflow']"
741,ARTS,2.5,4.17,0.0,1,23,['r'],"['agile', 'aws', 'azure', 'communication', 'computer vision', 'data analysis', 'data mining', 'data visualization', 'deep learning', 'git', 'machine learning', 'matplotlib', 'neural network', 'nlp', 'numpy', 'pandas', 'python', 'pytorch', 'scikit', 'sql', 'statistics', 'tableau', 'tensorflow']"
742,ARTS,2.5,4.17,0.0,1,23,['r'],"['agile', 'aws', 'azure', 'communication', 'computer vision', 'data analysis', 'data mining', 'data visualization', 'deep learning', 'git', 'machine learning', 'matplotlib', 'neural network', 'nlp', 'numpy', 'pandas', 'python', 'pytorch', 'scikit', 'sql', 'statistics', 'tableau', 'tensorflow']"
743,ARTS,2.5,4.17,0.0,1,23,['r'],"['agile', 'aws', 'azure', 'communication', 'computer vision', 'data analysis', 'data mining', 'data visualization', 'deep learning', 'git', 'machine learning', 'matplotlib', 'neural network', 'nlp', 'numpy', 'pandas', 'python', 'pytorch', 'scikit', 'sql', 'statistics', 'tableau', 'tensorflow']"
744,ARTS,2.5,4.17,0.0,1,23,['r'],"['agile', 'aws', 'azure', 'communication', 'computer vision', 'data analysis', 'data mining', 'data visualization', 'deep learning', 'git', 'machine learning', 'matplotlib', 'neural network', 'nlp', 'numpy', 'pandas', 'python', 'pytorch', 'scikit', 'sql', 'statistics', 'tableau', 'tensorflow']"
745,ARTS,2.5,4.17,0.0,1,23,['r'],"['agile', 'aws', 'azure', 'communication', 'computer vision', 'data analysis', 'data mining', 'data visualization', 'deep learning', 'git', 'machine learning', 'matplotlib', 'neural network', 'nlp', 'numpy', 'pandas', 'python', 'pytorch', 'scikit', 'sql', 'statistics', 'tableau', 'tensorflow']"
746,ARTS,2.5,4.17,0.0,1,23,['r'],"['agile', 'aws', 'azure', 'communication', 'computer vision', 'data analysis', 'data mining', 'data visualization', 'deep learning', 'git', 'machine learning', 'matplotlib', 'neural network', 'nlp', 'numpy', 'pandas', 'python', 'pytorch', 'scikit', 'sql', 'statistics', 'tableau', 'tensorflow']"
747,ARTS,2.5,4.17,0.0,1,23,['r'],"['agile', 'aws', 'azure', 'communication', 'computer vision', 'data analysis', 'data mining', 'data visualization', 'deep learning', 'git', 'machine learning', 'matplotlib', 'neural network', 'nlp', 'numpy', 'pandas', 'python', 'pytorch', 'scikit', 'sql', 'statistics', 'tableau', 'tensorflow']"
748,ARTS,2.5,4.17,0.0,1,23,['r'],"['agile', 'aws', 'azure', 'communication', 'computer vision', 'data analysis', 'data mining', 'data visualization', 'deep learning', 'git', 'machine learning', 'matplotlib', 'neural network', 'nlp', 'numpy', 'pandas', 'python', 'pytorch', 'scikit', 'sql', 'statistics', 'tableau', 'tensorflow']"
749,ARTS,2.5,4.17,0.0,1,23,['r'],"['agile', 'aws', 'azure', 'communication', 'computer vision', 'data analysis', 'data mining', 'data visualization', 'deep learning', 'git', 'machine learning', 'matplotlib', 'neural network', 'nlp', 'numpy', 'pandas', 'python', 'pytorch', 'scikit', 'sql', 'statistics', 'tableau', 'tensorflow']"
750,ARTS,2.5,4.17,0.0,1,23,['r'],"['agile', 'aws', 'azure', 'communication', 'computer vision', 'data analysis', 'data mining', 'data visualization', 'deep learning', 'git', 'machine learning', 'matplotlib', 'neural network', 'nlp', 'numpy', 'pandas', 'python', 'pytorch', 'scikit', 'sql', 'statistics', 'tableau', 'tensorflow']"
751,ARTS,2.5,4.17,0.0,1,23,['r'],"['agile', 'aws', 'azure', 'communication', 'computer vision', 'data analysis', 'data mining', 'data visualization', 'deep learning', 'git', 'machine learning', 'matplotlib', 'neural network', 'nlp', 'numpy', 'pandas', 'python', 'pytorch', 'scikit', 'sql', 'statistics', 'tableau', 'tensorflow']"
752,ARTS,2.5,4.17,0.0,1,23,['r'],"['agile', 'aws', 'azure', 'communication', 'computer vision', 'data analysis', 'data mining', 'data visualization', 'deep learning', 'git', 'machine learning', 'matplotlib', 'neural network', 'nlp', 'numpy', 'pandas', 'python', 'pytorch', 'scikit', 'sql', 'statistics', 'tableau', 'tensorflow']"
753,ARTS,2.5,4.17,0.0,1,23,['r'],"['agile', 'aws', 'azure', 'communication', 'computer vision', 'data analysis', 'data mining', 'data visualization', 'deep learning', 'git', 'machine learning', 'matplotlib', 'neural network', 'nlp', 'numpy', 'pandas', 'python', 'pytorch', 'scikit', 'sql', 'statistics', 'tableau', 'tensorflow']"
754,ARTS,2.5,4.17,0.0,1,23,['r'],"['agile', 'aws', 'azure', 'communication', 'computer vision', 'data analysis', 'data mining', 'data visualization', 'deep learning', 'git', 'machine learning', 'matplotlib', 'neural network', 'nlp', 'numpy', 'pandas', 'python', 'pytorch', 'scikit', 'sql', 'statistics', 'tableau', 'tensorflow']"
755,ARTS,2.5,4.17,0.0,1,23,['r'],"['agile', 'aws', 'azure', 'communication', 'computer vision', 'data analysis', 'data mining', 'data visualization', 'deep learning', 'git', 'machine learning', 'matplotlib', 'neural network', 'nlp', 'numpy', 'pandas', 'python', 'pytorch', 'scikit', 'sql', 'statistics', 'tableau', 'tensorflow']"
756,ARTS,2.5,4.17,0.0,1,23,['r'],"['agile', 'aws', 'azure', 'communication', 'computer vision', 'data analysis', 'data mining', 'data visualization', 'deep learning', 'git', 'machine learning', 'matplotlib', 'neural network', 'nlp', 'numpy', 'pandas', 'python', 'pytorch', 'scikit', 'sql', 'statistics', 'tableau', 'tensorflow']"
757,ARTS,2.5,4.17,0.0,1,23,['r'],"['agile', 'aws', 'azure', 'communication', 'computer vision', 'data analysis', 'data mining', 'data visualization', 'deep learning', 'git', 'machine learning', 'matplotlib', 'neural network', 'nlp', 'numpy', 'pandas', 'python', 'pytorch', 'scikit', 'sql', 'statistics', 'tableau', 'tensorflow']"
758,ARTS,2.5,4.17,0.0,1,23,['r'],"['agile', 'aws', 'azure', 'communication', 'computer vision', 'data analysis', 'data mining', 'data visualization', 'deep learning', 'git', 'machine learning', 'matplotlib', 'neural network', 'nlp', 'numpy', 'pandas', 'python', 'pytorch', 'scikit', 'sql', 'statistics', 'tableau', 'tensorflow']"
759,ARTS,2.5,4.17,0.0,1,23,['r'],"['agile', 'aws', 'azure', 'communication', 'computer vision', 'data analysis', 'data mining', 'data visualization', 'deep learning', 'git', 'machine learning', 'matplotlib', 'neural network', 'nlp', 'numpy', 'pandas', 'python', 'pytorch', 'scikit', 'sql', 'statistics', 'tableau', 'tensorflow']"
760,ARTS,2.5,4.17,0.0,1,23,['r'],"['agile', 'aws', 'azure', 'communication', 'computer vision', 'data analysis', 'data mining', 'data visualization', 'deep learning', 'git', 'machine learning', 'matplotlib', 'neural network', 'nlp', 'numpy', 'pandas', 'python', 'pytorch', 'scikit', 'sql', 'statistics', 'tableau', 'tensorflow']"
761,ARTS,2.5,4.17,0.0,1,23,['r'],"['agile', 'aws', 'azure', 'communication', 'computer vision', 'data analysis', 'data mining', 'data visualization', 'deep learning', 'git', 'machine learning', 'matplotlib', 'neural network', 'nlp', 'numpy', 'pandas', 'python', 'pytorch', 'scikit', 'sql', 'statistics', 'tableau', 'tensorflow']"
762,ARTS,2.5,4.17,0.0,1,23,['r'],"['agile', 'aws', 'azure', 'communication', 'computer vision', 'data analysis', 'data mining', 'data visualization', 'deep learning', 'git', 'machine learning', 'matplotlib', 'neural network', 'nlp', 'numpy', 'pandas', 'python', 'pytorch', 'scikit', 'sql', 'statistics', 'tableau', 'tensorflow']"
763,ARTS,2.5,4.17,0.0,1,23,['r'],"['agile', 'aws', 'azure', 'communication', 'computer vision', 'data analysis', 'data mining', 'data visualization', 'deep learning', 'git', 'machine learning', 'matplotlib', 'neural network', 'nlp', 'numpy', 'pandas', 'python', 'pytorch', 'scikit', 'sql', 'statistics', 'tableau', 'tensorflow']"
764,ARTS,2.5,4.17,0.0,1,23,['r'],"['agile', 'aws', 'azure', 'communication', 'computer vision', 'data analysis', 'data mining', 'data visualization', 'deep learning', 'git', 'machine learning', 'matplotlib', 'neural network', 'nlp', 'numpy', 'pandas', 'python', 'pytorch', 'scikit', 'sql', 'statistics', 'tableau', 'tensorflow']"
765,ARTS,2.5,4.17,0.0,1,23,['r'],"['agile', 'aws', 'azure', 'communication', 'computer vision', 'data analysis', 'data mining', 'data visualization', 'deep learning', 'git', 'machine learning', 'matplotlib', 'neural network', 'nlp', 'numpy', 'pandas', 'python', 'pytorch', 'scikit', 'sql', 'statistics', 'tableau', 'tensorflow']"
766,ARTS,2.5,4.17,0.0,1,23,['r'],"['agile', 'aws', 'azure', 'communication', 'computer vision', 'data analysis', 'data mining', 'data visualization', 'deep learning', 'git', 'machine learning', 'matplotlib', 'neural network', 'nlp', 'numpy', 'pandas', 'python', 'pytorch', 'scikit', 'sql', 'statistics', 'tableau', 'tensorflow']"
767,ARTS,2.5,4.17,0.0,1,23,['r'],"['agile', 'aws', 'azure', 'communication', 'computer vision', 'data analysis', 'data mining', 'data visualization', 'deep learning', 'git', 'machine learning', 'matplotlib', 'neural network', 'nlp', 'numpy', 'pandas', 'python', 'pytorch', 'scikit', 'sql', 'statistics', 'tableau', 'tensorflow']"
768,BANKING,2.5,4.17,0.0,1,23,['r'],"['agile', 'aws', 'azure', 'communication', 'computer vision', 'data analysis', 'data mining', 'data visualization', 'deep learning', 'git', 'machine learning', 'matplotlib', 'neural network', 'nlp', 'numpy', 'pandas', 'python', 'pytorch', 'scikit', 'sql', 'statistics', 'tableau', 'tensorflow']"
769,BANKING,2.5,4.17,0.0,1,23,['r'],"['agile', 'aws', 'azure', 'communication', 'computer vision', 'data analysis', 'data mining', 'data visualization', 'deep learning', 'git', 'machine learning', 'matplotlib', 'neural network', 'nlp', 'numpy', 'pandas', 'python', 'pytorch', 'scikit', 'sql', 'statistics', 'tableau', 'tensorflow']"
770,BANKING,2.5,4.17,0.0,1,23,['r'],"['agile', 'aws', 'azure', 'communication', 'computer vision', 'data analysis', 'data mining', 'data visualization', 'deep learning', 'git', 'machine learning', 'matplotlib', 'neural network', 'nlp', 'numpy', 'pandas', 'python', 'pytorch', 'scikit', 'sql', 'statistics', 'tableau', 'tensorflow']"
771,BANKING,2.5,4.17,0.0,1,23,['r'],"['agile', 'aws', 'azure', 'communication', 'computer vision', 'data analysis', 'data mining', 'data visualization', 'deep learning', 'git', 'machine learning', 'matplotlib', 'neural network', 'nlp', 'numpy', 'pandas', 'python', 'pytorch', 'scikit', 'sql', 'statistics', 'tableau', 'tensorflow']"
772,BANKING,2.5,4.17,0.0,1,23,['r'],"['agile', 'aws', 'azure', 'communication', 'computer vision', 'data analysis', 'data mining', 'data visualization', 'deep learning', 'git', 'machine learning', 'matplotlib', 'neural network', 'nlp', 'numpy', 'pandas', 'python', 'pytorch', 'scikit', 'sql', 'statistics', 'tableau', 'tensorflow']"
773,BANKING,2.5,4.17,0.0,1,23,['r'],"['agile', 'aws', 'azure', 'communication', 'computer vision', 'data analysis', 'data mining', 'data visualization', 'deep learning', 'git', 'machine learning', 'matplotlib', 'neural network', 'nlp', 'numpy', 'pandas', 'python', 'pytorch', 'scikit', 'sql', 'statistics', 'tableau', 'tensorflow']"
774,BANKING,2.5,4.17,0.0,1,23,['r'],"['agile', 'aws', 'azure', 'communication', 'computer vision', 'data analysis', 'data mining', 'data visualization', 'deep learning', 'git', 'machine learning', 'matplotlib', 'neural network', 'nlp', 'numpy', 'pandas', 'python', 'pytorch', 'scikit', 'sql', 'statistics', 'tableau', 'tensorflow']"
775,BANKING,2.5,4.17,0.0,1,23,['r'],"['agile', 'aws', 'azure', 'communication', 'computer vision', 'data analysis', 'data mining', 'data visualization', 'deep learning', 'git', 'machine learning', 'matplotlib', 'neural network', 'nlp', 'numpy', 'pandas', 'python', 'pytorch', 'scikit', 'sql', 'statistics', 'tableau', 'tensorflow']"
776,BANKING,2.5,4.17,0.0,1,23,['r'],"['agile', 'aws', 'azure', 'communication', 'computer vision', 'data analysis', 'data mining', 'data visualization', 'deep learning', 'git', 'machine learning', 'matplotlib', 'neural network', 'nlp', 'numpy', 'pandas', 'python', 'pytorch', 'scikit', 'sql', 'statistics', 'tableau', 'tensorflow']"
777,BANKING,2.5,4.17,0.0,1,23,['r'],"['agile', 'aws', 'azure', 'communication', 'computer vision', 'data analysis', 'data mining', 'data visualization', 'deep learning', 'git', 'machine learning', 'matplotlib', 'neural network', 'nlp', 'numpy', 'pandas', 'python', 'pytorch', 'scikit', 'sql', 'statistics', 'tableau', 'tensorflow']"
778,BANKING,2.5,4.17,0.0,1,23,['r'],"['agile', 'aws', 'azure', 'communication', 'computer vision', 'data analysis', 'data mining', 'data visualization', 'deep learning', 'git', 'machine learning', 'matplotlib', 'neural network', 'nlp', 'numpy', 'pandas', 'python', 'pytorch', 'scikit', 'sql', 'statistics', 'tableau', 'tensorflow']"
779,BANKING,2.5,4.17,0.0,1,23,['r'],"['agile', 'aws', 'azure', 'communication', 'computer vision', 'data analysis', 'data mining', 'data visualization', 'deep learning', 'git', 'machine learning', 'matplotlib', 'neural network', 'nlp', 'numpy', 'pandas', 'python', 'pytorch', 'scikit', 'sql', 'statistics', 'tableau', 'tensorflow']"
780,BANKING,2.5,4.17,0.0,1,23,['r'],"['agile', 'aws', 'azure', 'communication', 'computer vision', 'data analysis', 'data mining', 'data visualization', 'deep learning', 'git', 'machine learning', 'matplotlib', 'neural network', 'nlp', 'numpy', 'pandas', 'python', 'pytorch', 'scikit', 'sql', 'statistics', 'tableau', 'tensorflow']"
781,BANKING,2.5,4.17,0.0,1,23,['r'],"['agile', 'aws', 'azure', 'communication', 'computer vision', 'data analysis', 'data mining', 'data visualization', 'deep learning', 'git', 'machine learning', 'matplotlib', 'neural network', 'nlp', 'numpy', 'pandas', 'python', 'pytorch', 'scikit', 'sql', 'statistics', 'tableau', 'tensorflow']"
782,BANKING,2.5,4.17,0.0,1,23,['r'],"['agile', 'aws', 'azure', 'communication', 'computer vision', 'data analysis', 'data mining', 'data visualization', 'deep learning', 'git', 'machine learning', 'matplotlib', 'neural network', 'nlp', 'numpy', 'pandas', 'python', 'pytorch', 'scikit', 'sql', 'statistics', 'tableau', 'tensorflow']"
783,BANKING,2.5,4.17,0.0,1,23,['r'],"['agile', 'aws', 'azure', 'communication', 'computer vision', 'data analysis', 'data mining', 'data visualization', 'deep learning', 'git', 'machine learning', 'matplotlib', 'neural network', 'nlp', 'numpy', 'pandas', 'python', 'pytorch', 'scikit', 'sql', 'statistics', 'tableau', 'tensorflow']"
784,BANKING,2.5,4.17,0.0,1,23,['r'],"['agile', 'aws', 'azure', 'communication', 'computer vision', 'data analysis', 'data mining', 'data visualization', 'deep learning', 'git', 'machine learning', 'matplotlib', 'neural network', 'nlp', 'numpy', 'pandas', 'python', 'pytorch', 'scikit', 'sql', 'statistics', 'tableau', 'tensorflow']"
785,BANKING,2.5,4.17,0.0,1,23,['r'],"['agile', 'aws', 'azure', 'communication', 'computer vision', 'data analysis', 'data mining', 'data visualization', 'deep learning', 'git', 'machine learning', 'matplotlib', 'neural network', 'nlp', 'numpy', 'pandas', 'python', 'pytorch', 'scikit', 'sql', 'statistics', 'tableau', 'tensorflow']"
786,BANKING,2.5,4.17,0.0,1,23,['r'],"['agile', 'aws', 'azure', 'communication', 'computer vision', 'data analysis', 'data mining', 'data visualization', 'deep learning', 'git', 'machine learning', 'matplotlib', 'neural network', 'nlp', 'numpy', 'pandas', 'python', 'pytorch', 'scikit', 'sql', 'statistics', 'tableau', 'tensorflow']"
787,BANKING,2.5,4.17,0.0,1,23,['r'],"['agile', 'aws', 'azure', 'communication', 'computer vision', 'data analysis', 'data mining', 'data visualization', 'deep learning', 'git', 'machine learning', 'matplotlib', 'neural network', 'nlp', 'numpy', 'pandas', 'python', 'pytorch', 'scikit', 'sql', 'statistics', 'tableau', 'tensorflow']"
788,BANKING,2.5,4.17,0.0,1,23,['r'],"['agile', 'aws', 'azure', 'communication', 'computer vision', 'data analysis', 'data mining', 'data visualization', 'deep learning', 'git', 'machine learning', 'matplotlib', 'neural network', 'nlp', 'numpy', 'pandas', 'python', 'pytorch', 'scikit', 'sql', 'statistics', 'tableau', 'tensorflow']"
789,BANKING,2.5,4.17,0.0,1,23,['r'],"['agile', 'aws', 'azure', 'communication', 'computer vision', 'data analysis', 'data mining', 'data visualization', 'deep learning', 'git', 'machine learning', 'matplotlib', 'neural network', 'nlp', 'numpy', 'pandas', 'python', 'pytorch', 'scikit', 'sql', 'statistics', 'tableau', 'tensorflow']"
790,BANKING,2.5,4.17,0.0,1,23,['r'],"['agile', 'aws', 'azure', 'communication', 'computer vision', 'data analysis', 'data mining', 'data visualization', 'deep learning', 'git', 'machine learning', 'matplotlib', 'neural network', 'nlp', 'numpy', 'pandas', 'python', 'pytorch', 'scikit', 'sql', 'statistics', 'tableau', 'tensorflow']"
791,BANKING,2.5,4.17,0.0,1,23,['r'],"['agile', 'aws', 'azure', 'communication', 'computer vision', 'data analysis', 'data mining', 'data visualization', 'deep learning', 'git', 'machine learning', 'matplotlib', 'neural network', 'nlp', 'numpy', 'pandas', 'python', 'pytorch', 'scikit', 'sql', 'statistics', 'tableau', 'tensorflow']"
792,BANKING,2.5,4.17,0.0,1,23,['r'],"['agile', 'aws', 'azure', 'communication', 'computer vision', 'data analysis', 'data mining', 'data visualization', 'deep learning', 'git', 'machine learning', 'matplotlib', 'neural network', 'nlp', 'numpy', 'pandas', 'python', 'pytorch', 'scikit', 'sql', 'statistics', 'tableau', 'tensorflow']"
793,BANKING,2.5,4.17,0.0,1,23,['r'],"['agile', 'aws', 'azure', 'communication', 'computer vision', 'data analysis', 'data mining', 'data visualization', 'deep learning', 'git', 'machine learning', 'matplotlib', 'neural network', 'nlp', 'numpy', 'pandas', 'python', 'pytorch', 'scikit', 'sql', 'statistics', 'tableau', 'tensorflow']"
794,BANKING,2.5,4.17,0.0,1,23,['r'],"['agile', 'aws', 'azure', 'communication', 'computer vision', 'data analysis', 'data mining', 'data visualization', 'deep learning', 'git', 'machine learning', 'matplotlib', 'neural network', 'nlp', 'numpy', 'pandas', 'python', 'pytorch', 'scikit', 'sql', 'statistics', 'tableau', 'tensorflow']"
795,BANKING,2.5,4.17,0.0,1,23,['r'],"['agile', 'aws', 'azure', 'communication', 'computer vision', 'data analysis', 'data mining', 'data visualization', 'deep learning', 'git', 'machine learning', 'matplotlib', 'neural network', 'nlp', 'numpy', 'pandas', 'python', 'pytorch', 'scikit', 'sql', 'statistics', 'tableau', 'tensorflow']"
796,BANKING,2.5,4.17,0.0,1,23,['r'],"['agile', 'aws', 'azure', 'communication', 'computer vision', 'data analysis', 'data mining', 'data visualization', 'deep learning', 'git', 'machine learning', 'matplotlib', 'neural network', 'nlp', 'numpy', 'pandas', 'python', 'pytorch', 'scikit', 'sql', 'statistics', 'tableau', 'tensorflow']"
797,BANKING,2.5,4.17,0.0,1,23,['r'],"['agile', 'aws', 'azure', 'communication', 'computer vision', 'data analysis', 'data mining', 'data visualization', 'deep learning', 'git', 'machine learning', 'matplotlib', 'neural network', 'nlp', 'numpy', 'pandas', 'python', 'pytorch', 'scikit', 'sql', 'statistics', 'tableau', 'tensorflow']"
798,BANKING,2.5,4.17,0.0,1,23,['r'],"['agile', 'aws', 'azure', 'communication', 'computer vision', 'data analysis', 'data mining', 'data visualization', 'deep learning', 'git', 'machine learning', 'matplotlib', 'neural network', 'nlp', 'numpy', 'pandas', 'python', 'pytorch', 'scikit', 'sql', 'statistics', 'tableau', 'tensorflow']"
799,BANKING,2.5,4.17,0.0,1,23,['r'],"['agile', 'aws', 'azure', 'communication', 'computer vision', 'data analysis', 'data mining', 'data visualization', 'deep learning', 'git', 'machine learning', 'matplotlib', 'neural network', 'nlp', 'numpy', 'pandas', 'python', 'pytorch', 'scikit', 'sql', 'statistics', 'tableau', 'tensorflow']"
800,BANKING,2.5,4.17,0.0,1,23,['r'],"['agile', 'aws', 'azure', 'communication', 'computer vision', 'data analysis', 'data mining', 'data visualization', 'deep learning', 'git', 'machine learning', 'matplotlib', 'neural network', 'nlp', 'numpy', 'pandas', 'python', 'pytorch', 'scikit', 'sql', 'statistics', 'tableau', 'tensorflow']"
801,BANKING,2.5,4.17,0.0,1,23,['r'],"['agile', 'aws', 'azure', 'communication', 'computer vision', 'data analysis', 'data mining', 'data visualization', 'deep learning', 'git', 'machine learning', 'matplotlib', 'neural network', 'nlp', 'numpy', 'pandas', 'python', 'pytorch', 'scikit', 'sql', 'statistics', 'tableau', 'tensorflow']"
802,BANKING,2.5,4.17,0.0,1,23,['r'],"['agile', 'aws', 'azure', 'communication', 'computer vision', 'data analysis', 'data mining', 'data visualization', 'deep learning', 'git', 'machine learning', 'matplotlib', 'neural network', 'nlp', 'numpy', 'pandas', 'python', 'pytorch', 'scikit', 'sql', 'statistics', 'tableau', 'tensorflow']"
803,BANKING,2.5,4.17,0.0,1,23,['r'],"['agile', 'aws', 'azure', 'communication', 'computer vision', 'data analysis', 'data mining', 'data visualization', 'deep learning', 'git', 'machine learning', 'matplotlib', 'neural network', 'nlp', 'numpy', 'pandas', 'python', 'pytorch', 'scikit', 'sql', 'statistics', 'tableau', 'tensorflow']"
804,BANKING,2.5,4.17,0.0,1,23,['r'],"['agile', 'aws', 'azure', 'communication', 'computer vision', 'data analysis', 'data mining', 'data visualization', 'deep learning', 'git', 'machine learning', 'matplotlib', 'neural network', 'nlp', 'numpy', 'pandas', 'python', 'pytorch', 'scikit', 'sql', 'statistics', 'tableau', 'tensorflow']"
805,BANKING,2.5,4.17,0.0,1,23,['r'],"['agile', 'aws', 'azure', 'communication', 'computer vision', 'data analysis', 'data mining', 'data visualization', 'deep learning', 'git', 'machine learning', 'matplotlib', 'neural network', 'nlp', 'numpy', 'pandas', 'python', 'pytorch', 'scikit', 'sql', 'statistics', 'tableau', 'tensorflow']"
806,BANKING,2.5,4.17,0.0,1,23,['r'],"['agile', 'aws', 'azure', 'communication', 'computer vision', 'data analysis', 'data mining', 'data visualization', 'deep learning', 'git', 'machine learning', 'matplotlib', 'neural network', 'nlp', 'numpy', 'pandas', 'python', 'pytorch', 'scikit', 'sql', 'statistics', 'tableau', 'tensorflow']"
807,BANKING,2.5,4.17,0.0,1,23,['r'],"['agile', 'aws', 'azure', 'communication', 'computer vision', 'data analysis', 'data mining', 'data visualization', 'deep learning', 'git', 'machine learning', 'matplotlib', 'neural network', 'nlp', 'numpy', 'pandas', 'python', 'pytorch', 'scikit', 'sql', 'statistics', 'tableau', 'tensorflow']"
808,BANKING,2.5,4.17,0.0,1,23,['r'],"['agile', 'aws', 'azure', 'communication', 'computer vision', 'data analysis', 'data mining', 'data visualization', 'deep learning', 'git', 'machine learning', 'matplotlib', 'neural network', 'nlp', 'numpy', 'pandas', 'python', 'pytorch', 'scikit', 'sql', 'statistics', 'tableau', 'tensorflow']"
809,BANKING,2.5,4.17,0.0,1,23,['r'],"['agile', 'aws', 'azure', 'communication', 'computer vision', 'data analysis', 'data mining', 'data visualization', 'deep learning', 'git', 'machine learning', 'matplotlib', 'neural network', 'nlp', 'numpy', 'pandas', 'python', 'pytorch', 'scikit', 'sql', 'statistics', 'tableau', 'tensorflow']"
810,BANKING,2.5,4.17,0.0,1,23,['r'],"['agile', 'aws', 'azure', 'communication', 'computer vision', 'data analysis', 'data mining', 'data visualization', 'deep learning', 'git', 'machine learning', 'matplotlib', 'neural network', 'nlp', 'numpy', 'pandas', 'python', 'pytorch', 'scikit', 'sql', 'statistics', 'tableau', 'tensorflow']"
811,BANKING,2.5,4.17,0.0,1,23,['r'],"['agile', 'aws', 'azure', 'communication', 'computer vision', 'data analysis', 'data mining', 'data visualization', 'deep learning', 'git', 'machine learning', 'matplotlib', 'neural network', 'nlp', 'numpy', 'pandas', 'python', 'pytorch', 'scikit', 'sql', 'statistics', 'tableau', 'tensorflow']"
812,BANKING,2.5,4.17,0.0,1,23,['r'],"['agile', 'aws', 'azure', 'communication', 'computer vision', 'data analysis', 'data mining', 'data visualization', 'deep learning', 'git', 'machine learning', 'matplotlib', 'neural network', 'nlp', 'numpy', 'pandas', 'python', 'pytorch', 'scikit', 'sql', 'statistics', 'tableau', 'tensorflow']"
813,BANKING,2.5,4.17,0.0,1,23,['r'],"['agile', 'aws', 'azure', 'communication', 'computer vision', 'data analysis', 'data mining', 'data visualization', 'deep learning', 'git', 'machine learning', 'matplotlib', 'neural network', 'nlp', 'numpy', 'pandas', 'python', 'pytorch', 'scikit', 'sql', 'statistics', 'tableau', 'tensorflow']"
814,BANKING,2.5,4.17,0.0,1,23,['r'],"['agile', 'aws', 'azure', 'communication', 'computer vision', 'data analysis', 'data mining', 'data visualization', 'deep learning', 'git', 'machine learning', 'matplotlib', 'neural network', 'nlp', 'numpy', 'pandas', 'python', 'pytorch', 'scikit', 'sql', 'statistics', 'tableau', 'tensorflow']"
815,BANKING,2.5,4.17,0.0,1,23,['r'],"['agile', 'aws', 'azure', 'communication', 'computer vision', 'data analysis', 'data mining', 'data visualization', 'deep learning', 'git', 'machine learning', 'matplotlib', 'neural network', 'nlp', 'numpy', 'pandas', 'python', 'pytorch', 'scikit', 'sql', 'statistics', 'tableau', 'tensorflow']"
816,BANKING,2.5,4.17,0.0,1,23,['r'],"['agile', 'aws', 'azure', 'communication', 'computer vision', 'data analysis', 'data mining', 'data visualization', 'deep learning', 'git', 'machine learning', 'matplotlib', 'neural network', 'nlp', 'numpy', 'pandas', 'python', 'pytorch', 'scikit', 'sql', 'statistics', 'tableau', 'tensorflow']"
817,BANKING,2.5,4.17,0.0,1,23,['r'],"['agile', 'aws', 'azure', 'communication', 'computer vision', 'data analysis', 'data mining', 'data visualization', 'deep learning', 'git', 'machine learning', 'matplotlib', 'neural network', 'nlp', 'numpy', 'pandas', 'python', 'pytorch', 'scikit', 'sql', 'statistics', 'tableau', 'tensorflow']"
818,BANKING,2.5,4.17,0.0,1,23,['r'],"['agile', 'aws', 'azure', 'communication', 'computer vision', 'data analysis', 'data mining', 'data visualization', 'deep learning', 'git', 'machine learning', 'matplotlib', 'neural network', 'nlp', 'numpy', 'pandas', 'python', 'pytorch', 'scikit', 'sql', 'statistics', 'tableau', 'tensorflow']"
819,BANKING,2.5,4.17,0.0,1,23,['r'],"['agile', 'aws', 'azure', 'communication', 'computer vision', 'data analysis', 'data mining', 'data visualization', 'deep learning', 'git', 'machine learning', 'matplotlib', 'neural network', 'nlp', 'numpy', 'pandas', 'python', 'pytorch', 'scikit', 'sql', 'statistics', 'tableau', 'tensorflow']"
820,BANKING,2.5,4.17,0.0,1,23,['r'],"['agile', 'aws', 'azure', 'communication', 'computer vision', 'data analysis', 'data mining', 'data visualization', 'deep learning', 'git', 'machine learning', 'matplotlib', 'neural network', 'nlp', 'numpy', 'pandas', 'python', 'pytorch', 'scikit', 'sql', 'statistics', 'tableau', 'tensorflow']"
821,BANKING,2.5,4.17,0.0,1,23,['r'],"['agile', 'aws', 'azure', 'communication', 'computer vision', 'data analysis', 'data mining', 'data visualization', 'deep learning', 'git', 'machine learning', 'matplotlib', 'neural network', 'nlp', 'numpy', 'pandas', 'python', 'pytorch', 'scikit', 'sql', 'statistics', 'tableau', 'tensorflow']"
822,BANKING,2.5,4.17,0.0,1,23,['r'],"['agile', 'aws', 'azure', 'communication', 'computer vision', 'data analysis', 'data mining', 'data visualization', 'deep learning', 'git', 'machine learning', 'matplotlib', 'neural network', 'nlp', 'numpy', 'pandas', 'python', 'pytorch', 'scikit', 'sql', 'statistics', 'tableau', 'tensorflow']"
823,BANKING,2.5,4.17,0.0,1,23,['r'],"['agile', 'aws', 'azure', 'communication', 'computer vision', 'data analysis', 'data mining', 'data visualization', 'deep learning', 'git', 'machine learning', 'matplotlib', 'neural network', 'nlp', 'numpy', 'pandas', 'python', 'pytorch', 'scikit', 'sql', 'statistics', 'tableau', 'tensorflow']"
824,BANKING,2.5,4.17,0.0,1,23,['r'],"['agile', 'aws', 'azure', 'communication', 'computer vision', 'data analysis', 'data mining', 'data visualization', 'deep learning', 'git', 'machine learning', 'matplotlib', 'neural network', 'nlp', 'numpy', 'pandas', 'python', 'pytorch', 'scikit', 'sql', 'statistics', 'tableau', 'tensorflow']"
825,BANKING,2.5,4.17,0.0,1,23,['r'],"['agile', 'aws', 'azure', 'communication', 'computer vision', 'data analysis', 'data mining', 'data visualization', 'deep learning', 'git', 'machine learning', 'matplotlib', 'neural network', 'nlp', 'numpy', 'pandas', 'python', 'pytorch', 'scikit', 'sql', 'statistics', 'tableau', 'tensorflow']"
826,BANKING,2.5,4.17,0.0,1,23,['r'],"['agile', 'aws', 'azure', 'communication', 'computer vision', 'data analysis', 'data mining', 'data visualization', 'deep learning', 'git', 'machine learning', 'matplotlib', 'neural network', 'nlp', 'numpy', 'pandas', 'python', 'pytorch', 'scikit', 'sql', 'statistics', 'tableau', 'tensorflow']"
827,BANKING,2.5,4.17,0.0,1,23,['r'],"['agile', 'aws', 'azure', 'communication', 'computer vision', 'data analysis', 'data mining', 'data visualization', 'deep learning', 'git', 'machine learning', 'matplotlib', 'neural network', 'nlp', 'numpy', 'pandas', 'python', 'pytorch', 'scikit', 'sql', 'statistics', 'tableau', 'tensorflow']"
828,BANKING,2.5,4.17,0.0,1,23,['r'],"['agile', 'aws', 'azure', 'communication', 'computer vision', 'data analysis', 'data mining', 'data visualization', 'deep learning', 'git', 'machine learning', 'matplotlib', 'neural network', 'nlp', 'numpy', 'pandas', 'python', 'pytorch', 'scikit', 'sql', 'statistics', 'tableau', 'tensorflow']"
829,BANKING,2.5,4.17,0.0,1,23,['r'],"['agile', 'aws', 'azure', 'communication', 'computer vision', 'data analysis', 'data mining', 'data visualization', 'deep learning', 'git', 'machine learning', 'matplotlib', 'neural network', 'nlp', 'numpy', 'pandas', 'python', 'pytorch', 'scikit', 'sql', 'statistics', 'tableau', 'tensorflow']"
830,BANKING,2.5,4.17,0.0,1,23,['r'],"['agile', 'aws', 'azure', 'communication', 'computer vision', 'data analysis', 'data mining', 'data visualization', 'deep learning', 'git', 'machine learning', 'matplotlib', 'neural network', 'nlp', 'numpy', 'pandas', 'python', 'pytorch', 'scikit', 'sql', 'statistics', 'tableau', 'tensorflow']"
831,BANKING,2.5,4.17,0.0,1,23,['r'],"['agile', 'aws', 'azure', 'communication', 'computer vision', 'data analysis', 'data mining', 'data visualization', 'deep learning', 'git', 'machine learning', 'matplotlib', 'neural network', 'nlp', 'numpy', 'pandas', 'python', 'pytorch', 'scikit', 'sql', 'statistics', 'tableau', 'tensorflow']"
832,BANKING,2.5,4.17,0.0,1,23,['r'],"['agile', 'aws', 'azure', 'communication', 'computer vision', 'data analysis', 'data mining', 'data visualization', 'deep learning', 'git', 'machine learning', 'matplotlib', 'neural network', 'nlp', 'numpy', 'pandas', 'python', 'pytorch', 'scikit', 'sql', 'statistics', 'tableau', 'tensorflow']"
833,BANKING,2.5,4.17,0.0,1,23,['r'],"['agile', 'aws', 'azure', 'communication', 'computer vision', 'data analysis', 'data mining', 'data visualization', 'deep learning', 'git', 'machine learning', 'matplotlib', 'neural network', 'nlp', 'numpy', 'pandas', 'python', 'pytorch', 'scikit', 'sql', 'statistics', 'tableau', 'tensorflow']"
834,BANKING,2.5,4.17,0.0,1,23,['r'],"['agile', 'aws', 'azure', 'communication', 'computer vision', 'data analysis', 'data mining', 'data visualization', 'deep learning', 'git', 'machine learning', 'matplotlib', 'neural network', 'nlp', 'numpy', 'pandas', 'python', 'pytorch', 'scikit', 'sql', 'statistics', 'tableau', 'tensorflow']"
835,BANKING,2.5,4.17,0.0,1,23,['r'],"['agile', 'aws', 'azure', 'communication', 'computer vision', 'data analysis', 'data mining', 'data visualization', 'deep learning', 'git', 'machine learning', 'matplotlib', 'neural network', 'nlp', 'numpy', 'pandas', 'python', 'pytorch', 'scikit', 'sql', 'statistics', 'tableau', 'tensorflow']"
836,BANKING,2.5,4.17,0.0,1,23,['r'],"['agile', 'aws', 'azure', 'communication', 'computer vision', 'data analysis', 'data mining', 'data visualization', 'deep learning', 'git', 'machine learning', 'matplotlib', 'neural network', 'nlp', 'numpy', 'pandas', 'python', 'pytorch', 'scikit', 'sql', 'statistics', 'tableau', 'tensorflow']"
837,BANKING,2.5,4.17,0.0,1,23,['r'],"['agile', 'aws', 'azure', 'communication', 'computer vision', 'data analysis', 'data mining', 'data visualization', 'deep learning', 'git', 'machine learning', 'matplotlib', 'neural network', 'nlp', 'numpy', 'pandas', 'python', 'pytorch', 'scikit', 'sql', 'statistics', 'tableau', 'tensorflow']"
838,BANKING,2.5,4.17,0.0,1,23,['r'],"['agile', 'aws', 'azure', 'communication', 'computer vision', 'data analysis', 'data mining', 'data visualization', 'deep learning', 'git', 'machine learning', 'matplotlib', 'neural network', 'nlp', 'numpy', 'pandas', 'python', 'pytorch', 'scikit', 'sql', 'statistics', 'tableau', 'tensorflow']"
839,BANKING,2.5,4.17,0.0,1,23,['r'],"['agile', 'aws', 'azure', 'communication', 'computer vision', 'data analysis', 'data mining', 'data visualization', 'deep learning', 'git', 'machine learning', 'matplotlib', 'neural network', 'nlp', 'numpy', 'pandas', 'python', 'pytorch', 'scikit', 'sql', 'statistics', 'tableau', 'tensorflow']"
840,BANKING,2.5,4.17,0.0,1,23,['r'],"['agile', 'aws', 'azure', 'communication', 'computer vision', 'data analysis', 'data mining', 'data visualization', 'deep learning', 'git', 'machine learning', 'matplotlib', 'neural network', 'nlp', 'numpy', 'pandas', 'python', 'pytorch', 'scikit', 'sql', 'statistics', 'tableau', 'tensorflow']"
841,BANKING,2.5,4.17,0.0,1,23,['r'],"['agile', 'aws', 'azure', 'communication', 'computer vision', 'data analysis', 'data mining', 'data visualization', 'deep learning', 'git', 'machine learning', 'matplotlib', 'neural network', 'nlp', 'numpy', 'pandas', 'python', 'pytorch', 'scikit', 'sql', 'statistics', 'tableau', 'tensorflow']"
842,BANKING,2.5,4.17,0.0,1,23,['r'],"['agile', 'aws', 'azure', 'communication', 'computer vision', 'data analysis', 'data mining', 'data visualization', 'deep learning', 'git', 'machine learning', 'matplotlib', 'neural network', 'nlp', 'numpy', 'pandas', 'python', 'pytorch', 'scikit', 'sql', 'statistics', 'tableau', 'tensorflow']"
843,AVIATION,2.5,4.17,0.0,1,23,['r'],"['agile', 'aws', 'azure', 'communication', 'computer vision', 'data analysis', 'data mining', 'data visualization', 'deep learning', 'git', 'machine learning', 'matplotlib', 'neural network', 'nlp', 'numpy', 'pandas', 'python', 'pytorch', 'scikit', 'sql', 'statistics', 'tableau', 'tensorflow']"
844,AVIATION,2.5,4.17,0.0,1,23,['r'],"['agile', 'aws', 'azure', 'communication', 'computer vision', 'data analysis', 'data mining', 'data visualization', 'deep learning', 'git', 'machine learning', 'matplotlib', 'neural network', 'nlp', 'numpy', 'pandas', 'python', 'pytorch', 'scikit', 'sql', 'statistics', 'tableau', 'tensorflow']"
845,AVIATION,2.5,4.17,0.0,1,23,['r'],"['agile', 'aws', 'azure', 'communication', 'computer vision', 'data analysis', 'data mining', 'data visualization', 'deep learning', 'git', 'machine learning', 'matplotlib', 'neural network', 'nlp', 'numpy', 'pandas', 'python', 'pytorch', 'scikit', 'sql', 'statistics', 'tableau', 'tensorflow']"
846,AVIATION,2.5,4.17,0.0,1,23,['r'],"['agile', 'aws', 'azure', 'communication', 'computer vision', 'data analysis', 'data mining', 'data visualization', 'deep learning', 'git', 'machine learning', 'matplotlib', 'neural network', 'nlp', 'numpy', 'pandas', 'python', 'pytorch', 'scikit', 'sql', 'statistics', 'tableau', 'tensorflow']"
847,AVIATION,2.5,4.17,0.0,1,23,['r'],"['agile', 'aws', 'azure', 'communication', 'computer vision', 'data analysis', 'data mining', 'data visualization', 'deep learning', 'git', 'machine learning', 'matplotlib', 'neural network', 'nlp', 'numpy', 'pandas', 'python', 'pytorch', 'scikit', 'sql', 'statistics', 'tableau', 'tensorflow']"
848,AVIATION,2.5,4.17,0.0,1,23,['r'],"['agile', 'aws', 'azure', 'communication', 'computer vision', 'data analysis', 'data mining', 'data visualization', 'deep learning', 'git', 'machine learning', 'matplotlib', 'neural network', 'nlp', 'numpy', 'pandas', 'python', 'pytorch', 'scikit', 'sql', 'statistics', 'tableau', 'tensorflow']"
849,AVIATION,2.5,4.17,0.0,1,23,['r'],"['agile', 'aws', 'azure', 'communication', 'computer vision', 'data analysis', 'data mining', 'data visualization', 'deep learning', 'git', 'machine learning', 'matplotlib', 'neural network', 'nlp', 'numpy', 'pandas', 'python', 'pytorch', 'scikit', 'sql', 'statistics', 'tableau', 'tensorflow']"
850,AVIATION,2.5,4.17,0.0,1,23,['r'],"['agile', 'aws', 'azure', 'communication', 'computer vision', 'data analysis', 'data mining', 'data visualization', 'deep learning', 'git', 'machine learning', 'matplotlib', 'neural network', 'nlp', 'numpy', 'pandas', 'python', 'pytorch', 'scikit', 'sql', 'statistics', 'tableau', 'tensorflow']"
851,ARTS,2.5,4.17,0.0,1,23,['r'],"['agile', 'aws', 'azure', 'communication', 'computer vision', 'data analysis', 'data mining', 'data visualization', 'deep learning', 'git', 'machine learning', 'matplotlib', 'neural network', 'nlp', 'numpy', 'pandas', 'python', 'pytorch', 'scikit', 'sql', 'statistics', 'tableau', 'tensorflow']"
852,AVIATION,2.5,4.17,0.0,1,23,['r'],"['agile', 'aws', 'azure', 'communication', 'computer vision', 'data analysis', 'data mining', 'data visualization', 'deep learning', 'git', 'machine learning', 'matplotlib', 'neural network', 'nlp', 'numpy', 'pandas', 'python', 'pytorch', 'scikit', 'sql', 'statistics', 'tableau', 'tensorflow']"
853,AVIATION,2.5,4.17,0.0,1,23,['r'],"['agile', 'aws', 'azure', 'communication', 'computer vision', 'data analysis', 'data mining', 'data visualization', 'deep learning', 'git', 'machine learning', 'matplotlib', 'neural network', 'nlp', 'numpy', 'pandas', 'python', 'pytorch', 'scikit', 'sql', 'statistics', 'tableau', 'tensorflow']"
854,AVIATION,2.5,4.17,0.0,1,23,['r'],"['agile', 'aws', 'azure', 'communication', 'computer vision', 'data analysis', 'data mining', 'data visualization', 'deep learning', 'git', 'machine learning', 'matplotlib', 'neural network', 'nlp', 'numpy', 'pandas', 'python', 'pytorch', 'scikit', 'sql', 'statistics', 'tableau', 'tensorflow']"
855,AVIATION,2.5,4.17,0.0,1,23,['r'],"['agile', 'aws', 'azure', 'communication', 'computer vision', 'data analysis', 'data mining', 'data visualization', 'deep learning', 'git', 'machine learning', 'matplotlib', 'neural network', 'nlp', 'numpy', 'pandas', 'python', 'pytorch', 'scikit', 'sql', 'statistics', 'tableau', 'tensorflow']"
856,AVIATION,2.5,4.17,0.0,1,23,['r'],"['agile', 'aws', 'azure', 'communication', 'computer vision', 'data analysis', 'data mining', 'data visualization', 'deep learning', 'git', 'machine learning', 'matplotlib', 'neural network', 'nlp', 'numpy', 'pandas', 'python', 'pytorch', 'scikit', 'sql', 'statistics', 'tableau', 'tensorflow']"
857,AVIATION,2.5,4.17,0.0,1,23,['r'],"['agile', 'aws', 'azure', 'communication', 'computer vision', 'data analysis', 'data mining', 'data visualization', 'deep learning', 'git', 'machine learning', 'matplotlib', 'neural network', 'nlp', 'numpy', 'pandas', 'python', 'pytorch', 'scikit', 'sql', 'statistics', 'tableau', 'tensorflow']"
858,AVIATION,2.5,4.17,0.0,1,23,['r'],"['agile', 'aws', 'azure', 'communication', 'computer vision', 'data analysis', 'data mining', 'data visualization', 'deep learning', 'git', 'machine learning', 'matplotlib', 'neural network', 'nlp', 'numpy', 'pandas', 'python', 'pytorch', 'scikit', 'sql', 'statistics', 'tableau', 'tensorflow']"
859,AVIATION,2.5,4.17,0.0,1,23,['r'],"['agile', 'aws', 'azure', 'communication', 'computer vision', 'data analysis', 'data mining', 'data visualization', 'deep learning', 'git', 'machine learning', 'matplotlib', 'neural network', 'nlp', 'numpy', 'pandas', 'python', 'pytorch', 'scikit', 'sql', 'statistics', 'tableau', 'tensorflow']"
860,AVIATION,2.5,4.17,0.0,1,23,['r'],"['agile', 'aws', 'azure', 'communication', 'computer vision', 'data analysis', 'data mining', 'data visualization', 'deep learning', 'git', 'machine learning', 'matplotlib', 'neural network', 'nlp', 'numpy', 'pandas', 'python', 'pytorch', 'scikit', 'sql', 'statistics', 'tableau', 'tensorflow']"
861,AVIATION,2.5,4.17,0.0,1,23,['r'],"['agile', 'aws', 'azure', 'communication', 'computer vision', 'data analysis', 'data mining', 'data visualization', 'deep learning', 'git', 'machine learning', 'matplotlib', 'neural network', 'nlp', 'numpy', 'pandas', 'python', 'pytorch', 'scikit', 'sql', 'statistics', 'tableau', 'tensorflow']"
862,AVIATION,2.5,4.17,0.0,1,23,['r'],"['agile', 'aws', 'azure', 'communication', 'computer vision', 'data analysis', 'data mining', 'data visualization', 'deep learning', 'git', 'machine learning', 'matplotlib', 'neural network', 'nlp', 'numpy', 'pandas', 'python', 'pytorch', 'scikit', 'sql', 'statistics', 'tableau', 'tensorflow']"
863,AVIATION,2.5,4.17,0.0,1,23,['r'],"['agile', 'aws', 'azure', 'communication', 'computer vision', 'data analysis', 'data mining', 'data visualization', 'deep learning', 'git', 'machine learning', 'matplotlib', 'neural network', 'nlp', 'numpy', 'pandas', 'python', 'pytorch', 'scikit', 'sql', 'statistics', 'tableau', 'tensorflow']"
864,AVIATION,2.5,4.17,0.0,1,23,['r'],"['agile', 'aws', 'azure', 'communication', 'computer vision', 'data analysis', 'data mining', 'data visualization', 'deep learning', 'git', 'machine learning', 'matplotlib', 'neural network', 'nlp', 'numpy', 'pandas', 'python', 'pytorch', 'scikit', 'sql', 'statistics', 'tableau', 'tensorflow']"
865,AVIATION,2.5,4.17,0.0,1,23,['r'],"['agile', 'aws', 'azure', 'communication', 'computer vision', 'data analysis', 'data mining', 'data visualization', 'deep learning', 'git', 'machine learning', 'matplotlib', 'neural network', 'nlp', 'numpy', 'pandas', 'python', 'pytorch', 'scikit', 'sql', 'statistics', 'tableau', 'tensorflow']"
866,AVIATION,2.5,4.17,0.0,1,23,['r'],"['agile', 'aws', 'azure', 'communication', 'computer vision', 'data analysis', 'data mining', 'data visualization', 'deep learning', 'git', 'machine learning', 'matplotlib', 'neural network', 'nlp', 'numpy', 'pandas', 'python', 'pytorch', 'scikit', 'sql', 'statistics', 'tableau', 'tensorflow']"
867,AVIATION,2.5,4.17,0.0,1,23,['r'],"['agile', 'aws', 'azure', 'communication', 'computer vision', 'data analysis', 'data mining', 'data visualization', 'deep learning', 'git', 'machine learning', 'matplotlib', 'neural network', 'nlp', 'numpy', 'pandas', 'python', 'pytorch', 'scikit', 'sql', 'statistics', 'tableau', 'tensorflow']"
868,AVIATION,2.5,4.17,0.0,1,23,['r'],"['agile', 'aws', 'azure', 'communication', 'computer vision', 'data analysis', 'data mining', 'data visualization', 'deep learning', 'git', 'machine learning', 'matplotlib', 'neural network', 'nlp', 'numpy', 'pandas', 'python', 'pytorch', 'scikit', 'sql', 'statistics', 'tableau', 'tensorflow']"
869,AVIATION,2.5,4.17,0.0,1,23,['r'],"['agile', 'aws', 'azure', 'communication', 'computer vision', 'data analysis', 'data mining', 'data visualization', 'deep learning', 'git', 'machine learning', 'matplotlib', 'neural network', 'nlp', 'numpy', 'pandas', 'python', 'pytorch', 'scikit', 'sql', 'statistics', 'tableau', 'tensorflow']"
870,AVIATION,2.5,4.17,0.0,1,23,['r'],"['agile', 'aws', 'azure', 'communication', 'computer vision', 'data analysis', 'data mining', 'data visualization', 'deep learning', 'git', 'machine learning', 'matplotlib', 'neural network', 'nlp', 'numpy', 'pandas', 'python', 'pytorch', 'scikit', 'sql', 'statistics', 'tableau', 'tensorflow']"
871,AVIATION,2.5,4.17,0.0,1,23,['r'],"['agile', 'aws', 'azure', 'communication', 'computer vision', 'data analysis', 'data mining', 'data visualization', 'deep learning', 'git', 'machine learning', 'matplotlib', 'neural network', 'nlp', 'numpy', 'pandas', 'python', 'pytorch', 'scikit', 'sql', 'statistics', 'tableau', 'tensorflow']"
872,AVIATION,2.5,4.17,0.0,1,23,['r'],"['agile', 'aws', 'azure', 'communication', 'computer vision', 'data analysis', 'data mining', 'data visualization', 'deep learning', 'git', 'machine learning', 'matplotlib', 'neural network', 'nlp', 'numpy', 'pandas', 'python', 'pytorch', 'scikit', 'sql', 'statistics', 'tableau', 'tensorflow']"
873,AVIATION,2.5,4.17,0.0,1,23,['r'],"['agile', 'aws', 'azure', 'communication', 'computer vision', 'data analysis', 'data mining', 'data visualization', 'deep learning', 'git', 'machine learning', 'matplotlib', 'neural network', 'nlp', 'numpy', 'pandas', 'python', 'pytorch', 'scikit', 'sql', 'statistics', 'tableau', 'tensorflow']"
874,AVIATION,2.5,4.17,0.0,1,23,['r'],"['agile', 'aws', 'azure', 'communication', 'computer vision', 'data analysis', 'data mining', 'data visualization', 'deep learning', 'git', 'machine learning', 'matplotlib', 'neural network', 'nlp', 'numpy', 'pandas', 'python', 'pytorch', 'scikit', 'sql', 'statistics', 'tableau', 'tensorflow']"
875,AVIATION,2.5,4.17,0.0,1,23,['r'],"['agile', 'aws', 'azure', 'communication', 'computer vision', 'data analysis', 'data mining', 'data visualization', 'deep learning', 'git', 'machine learning', 'matplotlib', 'neural network', 'nlp', 'numpy', 'pandas', 'python', 'pytorch', 'scikit', 'sql', 'statistics', 'tableau', 'tensorflow']"
876,AVIATION,2.5,4.17,0.0,1,23,['r'],"['agile', 'aws', 'azure', 'communication', 'computer vision', 'data analysis', 'data mining', 'data visualization', 'deep learning', 'git', 'machine learning', 'matplotlib', 'neural network', 'nlp', 'numpy', 'pandas', 'python', 'pytorch', 'scikit', 'sql', 'statistics', 'tableau', 'tensorflow']"
877,AVIATION,2.5,4.17,0.0,1,23,['r'],"['agile', 'aws', 'azure', 'communication', 'computer vision', 'data analysis', 'data mining', 'data visualization', 'deep learning', 'git', 'machine learning', 'matplotlib', 'neural network', 'nlp', 'numpy', 'pandas', 'python', 'pytorch', 'scikit', 'sql', 'statistics', 'tableau', 'tensorflow']"
878,AVIATION,2.5,4.17,0.0,1,23,['r'],"['agile', 'aws', 'azure', 'communication', 'computer vision', 'data analysis', 'data mining', 'data visualization', 'deep learning', 'git', 'machine learning', 'matplotlib', 'neural network', 'nlp', 'numpy', 'pandas', 'python', 'pytorch', 'scikit', 'sql', 'statistics', 'tableau', 'tensorflow']"
879,AVIATION,2.5,4.17,0.0,1,23,['r'],"['agile', 'aws', 'azure', 'communication', 'computer vision', 'data analysis', 'data mining', 'data visualization', 'deep learning', 'git', 'machine learning', 'matplotlib', 'neural network', 'nlp', 'numpy', 'pandas', 'python', 'pytorch', 'scikit', 'sql', 'statistics', 'tableau', 'tensorflow']"
880,AVIATION,2.5,4.17,0.0,1,23,['r'],"['agile', 'aws', 'azure', 'communication', 'computer vision', 'data analysis', 'data mining', 'data visualization', 'deep learning', 'git', 'machine learning', 'matplotlib', 'neural network', 'nlp', 'numpy', 'pandas', 'python', 'pytorch', 'scikit', 'sql', 'statistics', 'tableau', 'tensorflow']"
881,AVIATION,2.5,4.17,0.0,1,23,['r'],"['agile', 'aws', 'azure', 'communication', 'computer vision', 'data analysis', 'data mining', 'data visualization', 'deep learning', 'git', 'machine learning', 'matplotlib', 'neural network', 'nlp', 'numpy', 'pandas', 'python', 'pytorch', 'scikit', 'sql', 'statistics', 'tableau', 'tensorflow']"
882,HR,2.5,4.17,0.0,1,23,['r'],"['agile', 'aws', 'azure', 'communication', 'computer vision', 'data analysis', 'data mining', 'data visualization', 'deep learning', 'git', 'machine learning', 'matplotlib', 'neural network', 'nlp', 'numpy', 'pandas', 'python', 'pytorch', 'scikit', 'sql', 'statistics', 'tableau', 'tensorflow']"
883,AVIATION,2.5,4.17,0.0,1,23,['r'],"['agile', 'aws', 'azure', 'communication', 'computer vision', 'data analysis', 'data mining', 'data visualization', 'deep learning', 'git', 'machine learning', 'matplotlib', 'neural network', 'nlp', 'numpy', 'pandas', 'python', 'pytorch', 'scikit', 'sql', 'statistics', 'tableau', 'tensorflow']"
884,HR,2.5,4.17,0.0,1,23,['r'],"['agile', 'aws', 'azure', 'communication', 'computer vision', 'data analysis', 'data mining', 'data visualization', 'deep learning', 'git', 'machine learning', 'matplotlib', 'neural network', 'nlp', 'numpy', 'pandas', 'python', 'pytorch', 'scikit', 'sql', 'statistics', 'tableau', 'tensorflow']"
885,HR,2.5,4.17,0.0,1,23,['r'],"['agile', 'aws', 'azure', 'communication', 'computer vision', 'data analysis', 'data mining', 'data visualization', 'deep learning', 'git', 'machine learning', 'matplotlib', 'neural network', 'nlp', 'numpy', 'pandas', 'python', 'pytorch', 'scikit', 'sql', 'statistics', 'tableau', 'tensorflow']"
886,HR,2.5,4.17,0.0,1,23,['r'],"['agile', 'aws', 'azure', 'communication', 'computer vision', 'data analysis', 'data mining', 'data visualization', 'deep learning', 'git', 'machine learning', 'matplotlib', 'neural network', 'nlp', 'numpy', 'pandas', 'python', 'pytorch', 'scikit', 'sql', 'statistics', 'tableau', 'tensorflow']"
887,HR,2.5,4.17,0.0,1,23,['r'],"['agile', 'aws', 'azure', 'communication', 'computer vision', 'data analysis', 'data mining', 'data visualization', 'deep learning', 'git', 'machine learning', 'matplotlib', 'neural network', 'nlp', 'numpy', 'pandas', 'python', 'pytorch', 'scikit', 'sql', 'statistics', 'tableau', 'tensorflow']"
888,AVIATION,2.5,4.17,0.0,1,23,['r'],"['agile', 'aws', 'azure', 'communication', 'computer vision', 'data analysis', 'data mining', 'data visualization', 'deep learning', 'git', 'machine learning', 'matplotlib', 'neural network', 'nlp', 'numpy', 'pandas', 'python', 'pytorch', 'scikit', 'sql', 'statistics', 'tableau', 'tensorflow']"
889,HR,2.5,4.17,0.0,1,23,['r'],"['agile', 'aws', 'azure', 'communication', 'computer vision', 'data analysis', 'data mining', 'data visualization', 'deep learning', 'git', 'machine learning', 'matplotlib', 'neural network', 'nlp', 'numpy', 'pandas', 'python', 'pytorch', 'scikit', 'sql', 'statistics', 'tableau', 'tensorflow']"
890,HR,2.5,4.17,0.0,1,23,['r'],"['agile', 'aws', 'azure', 'communication', 'computer vision', 'data analysis', 'data mining', 'data visualization', 'deep learning', 'git', 'machine learning', 'matplotlib', 'neural network', 'nlp', 'numpy', 'pandas', 'python', 'pytorch', 'scikit', 'sql', 'statistics', 'tableau', 'tensorflow']"
891,HR,2.5,4.17,0.0,1,23,['r'],"['agile', 'aws', 'azure', 'communication', 'computer vision', 'data analysis', 'data mining', 'data visualization', 'deep learning', 'git', 'machine learning', 'matplotlib', 'neural network', 'nlp', 'numpy', 'pandas', 'python', 'pytorch', 'scikit', 'sql', 'statistics', 'tableau', 'tensorflow']"
892,HR,2.5,4.17,0.0,1,23,['r'],"['agile', 'aws', 'azure', 'communication', 'computer vision', 'data analysis', 'data mining', 'data visualization', 'deep learning', 'git', 'machine learning', 'matplotlib', 'neural network', 'nlp', 'numpy', 'pandas', 'python', 'pytorch', 'scikit', 'sql', 'statistics', 'tableau', 'tensorflow']"
893,HR,2.5,4.17,0.0,1,23,['r'],"['agile', 'aws', 'azure', 'communication', 'computer vision', 'data analysis', 'data mining', 'data visualization', 'deep learning', 'git', 'machine learning', 'matplotlib', 'neural network', 'nlp', 'numpy', 'pandas', 'python', 'pytorch', 'scikit', 'sql', 'statistics', 'tableau', 'tensorflow']"
894,HR,2.5,4.17,0.0,1,23,['r'],"['agile', 'aws', 'azure', 'communication', 'computer vision', 'data analysis', 'data mining', 'data visualization', 'deep learning', 'git', 'machine learning', 'matplotlib', 'neural network', 'nlp', 'numpy', 'pandas', 'python', 'pytorch', 'scikit', 'sql', 'statistics', 'tableau', 'tensorflow']"
895,HR,2.5,4.17,0.0,1,23,['r'],"['agile', 'aws', 'azure', 'communication', 'computer vision', 'data analysis', 'data mining', 'data visualization', 'deep learning', 'git', 'machine learning', 'matplotlib', 'neural network', 'nlp', 'numpy', 'pandas', 'python', 'pytorch', 'scikit', 'sql', 'statistics', 'tableau', 'tensorflow']"
896,HR,2.5,4.17,0.0,1,23,['r'],"['agile', 'aws', 'azure', 'communication', 'computer vision', 'data analysis', 'data mining', 'data visualization', 'deep learning', 'git', 'machine learning', 'matplotlib', 'neural network', 'nlp', 'numpy', 'pandas', 'python', 'pytorch', 'scikit', 'sql', 'statistics', 'tableau', 'tensorflow']"
897,HR,2.5,4.17,0.0,1,23,['r'],"['agile', 'aws', 'azure', 'communication', 'computer vision', 'data analysis', 'data mining', 'data visualization', 'deep learning', 'git', 'machine learning', 'matplotlib', 'neural network', 'nlp', 'numpy', 'pandas', 'python', 'pytorch', 'scikit', 'sql', 'statistics', 'tableau', 'tensorflow']"
898,HR,2.5,4.17,0.0,1,23,['r'],"['agile', 'aws', 'azure', 'communication', 'computer vision', 'data analysis', 'data mining', 'data visualization', 'deep learning', 'git', 'machine learning', 'matplotlib', 'neural network', 'nlp', 'numpy', 'pandas', 'python', 'pytorch', 'scikit', 'sql', 'statistics', 'tableau', 'tensorflow']"
899,AVIATION,2.5,4.17,0.0,1,23,['r'],"['agile', 'aws', 'azure', 'communication', 'computer vision', 'data analysis', 'data mining', 'data visualization', 'deep learning', 'git', 'machine learning', 'matplotlib', 'neural network', 'nlp', 'numpy', 'pandas', 'python', 'pytorch', 'scikit', 'sql', 'statistics', 'tableau', 'tensorflow']"
900,AVIATION,2.5,4.17,0.0,1,23,['r'],"['agile', 'aws', 'azure', 'communication', 'computer vision', 'data analysis', 'data mining', 'data visualization', 'deep learning', 'git', 'machine learning', 'matplotlib', 'neural network', 'nlp', 'numpy', 'pandas', 'python', 'pytorch', 'scikit', 'sql', 'statistics', 'tableau', 'tensorflow']"
901,AVIATION,2.5,4.17,0.0,1,23,['r'],"['agile', 'aws', 'azure', 'communication', 'computer vision', 'data analysis', 'data mining', 'data visualization', 'deep learning', 'git', 'machine learning', 'matplotlib', 'neural network', 'nlp', 'numpy', 'pandas', 'python', 'pytorch', 'scikit', 'sql', 'statistics', 'tableau', 'tensorflow']"
902,AVIATION,2.5,4.17,0.0,1,23,['r'],"['agile', 'aws', 'azure', 'communication', 'computer vision', 'data analysis', 'data mining', 'data visualization', 'deep learning', 'git', 'machine learning', 'matplotlib', 'neural network', 'nlp', 'numpy', 'pandas', 'python', 'pytorch', 'scikit', 'sql', 'statistics', 'tableau', 'tensorflow']"
903,AVIATION,2.5,4.17,0.0,1,23,['r'],"['agile', 'aws', 'azure', 'communication', 'computer vision', 'data analysis', 'data mining', 'data visualization', 'deep learning', 'git', 'machine learning', 'matplotlib', 'neural network', 'nlp', 'numpy', 'pandas', 'python', 'pytorch', 'scikit', 'sql', 'statistics', 'tableau', 'tensorflow']"
904,AVIATION,2.5,4.17,0.0,1,23,['r'],"['agile', 'aws', 'azure', 'communication', 'computer vision', 'data analysis', 'data mining', 'data visualization', 'deep learning', 'git', 'machine learning', 'matplotlib', 'neural network', 'nlp', 'numpy', 'pandas', 'python', 'pytorch', 'scikit', 'sql', 'statistics', 'tableau', 'tensorflow']"
905,AVIATION,2.5,4.17,0.0,1,23,['r'],"['agile', 'aws', 'azure', 'communication', 'computer vision', 'data analysis', 'data mining', 'data visualization', 'deep learning', 'git', 'machine learning', 'matplotlib', 'neural network', 'nlp', 'numpy', 'pandas', 'python', 'pytorch', 'scikit', 'sql', 'statistics', 'tableau', 'tensorflow']"
906,AVIATION,2.5,4.17,0.0,1,23,['r'],"['agile', 'aws', 'azure', 'communication', 'computer vision', 'data analysis', 'data mining', 'data visualization', 'deep learning', 'git', 'machine learning', 'matplotlib', 'neural network', 'nlp', 'numpy', 'pandas', 'python', 'pytorch', 'scikit', 'sql', 'statistics', 'tableau', 'tensorflow']"
907,AVIATION,2.5,4.17,0.0,1,23,['r'],"['agile', 'aws', 'azure', 'communication', 'computer vision', 'data analysis', 'data mining', 'data visualization', 'deep learning', 'git', 'machine learning', 'matplotlib', 'neural network', 'nlp', 'numpy', 'pandas', 'python', 'pytorch', 'scikit', 'sql', 'statistics', 'tableau', 'tensorflow']"
908,AVIATION,2.5,4.17,0.0,1,23,['r'],"['agile', 'aws', 'azure', 'communication', 'computer vision', 'data analysis', 'data mining', 'data visualization', 'deep learning', 'git', 'machine learning', 'matplotlib', 'neural network', 'nlp', 'numpy', 'pandas', 'python', 'pytorch', 'scikit', 'sql', 'statistics', 'tableau', 'tensorflow']"
909,AVIATION,2.5,4.17,0.0,1,23,['r'],"['agile', 'aws', 'azure', 'communication', 'computer vision', 'data analysis', 'data mining', 'data visualization', 'deep learning', 'git', 'machine learning', 'matplotlib', 'neural network', 'nlp', 'numpy', 'pandas', 'python', 'pytorch', 'scikit', 'sql', 'statistics', 'tableau', 'tensorflow']"
910,AVIATION,2.5,4.17,0.0,1,23,['r'],"['agile', 'aws', 'azure', 'communication', 'computer vision', 'data analysis', 'data mining', 'data visualization', 'deep learning', 'git', 'machine learning', 'matplotlib', 'neural network', 'nlp', 'numpy', 'pandas', 'python', 'pytorch', 'scikit', 'sql', 'statistics', 'tableau', 'tensorflow']"
911,AVIATION,2.5,4.17,0.0,1,23,['r'],"['agile', 'aws', 'azure', 'communication', 'computer vision', 'data analysis', 'data mining', 'data visualization', 'deep learning', 'git', 'machine learning', 'matplotlib', 'neural network', 'nlp', 'numpy', 'pandas', 'python', 'pytorch', 'scikit', 'sql', 'statistics', 'tableau', 'tensorflow']"
912,AVIATION,2.5,4.17,0.0,1,23,['r'],"['agile', 'aws', 'azure', 'communication', 'computer vision', 'data analysis', 'data mining', 'data visualization', 'deep learning', 'git', 'machine learning', 'matplotlib', 'neural network', 'nlp', 'numpy', 'pandas', 'python', 'pytorch', 'scikit', 'sql', 'statistics', 'tableau', 'tensorflow']"
913,AVIATION,2.5,4.17,0.0,1,23,['r'],"['agile', 'aws', 'azure', 'communication', 'computer vision', 'data analysis', 'data mining', 'data visualization', 'deep learning', 'git', 'machine learning', 'matplotlib', 'neural network', 'nlp', 'numpy', 'pandas', 'python', 'pytorch', 'scikit', 'sql', 'statistics', 'tableau', 'tensorflow']"
914,AVIATION,2.5,4.17,0.0,1,23,['r'],"['agile', 'aws', 'azure', 'communication', 'computer vision', 'data analysis', 'data mining', 'data visualization', 'deep learning', 'git', 'machine learning', 'matplotlib', 'neural network', 'nlp', 'numpy', 'pandas', 'python', 'pytorch', 'scikit', 'sql', 'statistics', 'tableau', 'tensorflow']"
915,AVIATION,2.5,4.17,0.0,1,23,['r'],"['agile', 'aws', 'azure', 'communication', 'computer vision', 'data analysis', 'data mining', 'data visualization', 'deep learning', 'git', 'machine learning', 'matplotlib', 'neural network', 'nlp', 'numpy', 'pandas', 'python', 'pytorch', 'scikit', 'sql', 'statistics', 'tableau', 'tensorflow']"
916,AVIATION,2.5,4.17,0.0,1,23,['r'],"['agile', 'aws', 'azure', 'communication', 'computer vision', 'data analysis', 'data mining', 'data visualization', 'deep learning', 'git', 'machine learning', 'matplotlib', 'neural network', 'nlp', 'numpy', 'pandas', 'python', 'pytorch', 'scikit', 'sql', 'statistics', 'tableau', 'tensorflow']"
917,HR,2.5,4.17,0.0,1,23,['r'],"['agile', 'aws', 'azure', 'communication', 'computer vision', 'data analysis', 'data mining', 'data visualization', 'deep learning', 'git', 'machine learning', 'matplotlib', 'neural network', 'nlp', 'numpy', 'pandas', 'python', 'pytorch', 'scikit', 'sql', 'statistics', 'tableau', 'tensorflow']"
918,ARTS,2.5,4.17,0.0,1,23,['r'],"['agile', 'aws', 'azure', 'communication', 'computer vision', 'data analysis', 'data mining', 'data visualization', 'deep learning', 'git', 'machine learning', 'matplotlib', 'neural network', 'nlp', 'numpy', 'pandas', 'python', 'pytorch', 'scikit', 'sql', 'statistics', 'tableau', 'tensorflow']"
919,ARTS,2.5,4.17,0.0,1,23,['r'],"['agile', 'aws', 'azure', 'communication', 'computer vision', 'data analysis', 'data mining', 'data visualization', 'deep learning', 'git', 'machine learning', 'matplotlib', 'neural network', 'nlp', 'numpy', 'pandas', 'python', 'pytorch', 'scikit', 'sql', 'statistics', 'tableau', 'tensorflow']"
920,ARTS,2.5,4.17,0.0,1,23,['r'],"['agile', 'aws', 'azure', 'communication', 'computer vision', 'data analysis', 'data mining', 'data visualization', 'deep learning', 'git', 'machine learning', 'matplotlib', 'neural network', 'nlp', 'numpy', 'pandas', 'python', 'pytorch', 'scikit', 'sql', 'statistics', 'tableau', 'tensorflow']"
921,ARTS,2.5,4.17,0.0,1,23,['r'],"['agile', 'aws', 'azure', 'communication', 'computer vision', 'data analysis', 'data mining', 'data visualization', 'deep learning', 'git', 'machine learning', 'matplotlib', 'neural network', 'nlp', 'numpy', 'pandas', 'python', 'pytorch', 'scikit', 'sql', 'statistics', 'tableau', 'tensorflow']"
922,ARTS,2.5,4.17,0.0,1,23,['r'],"['agile', 'aws', 'azure', 'communication', 'computer vision', 'data analysis', 'data mining', 'data visualization', 'deep learning', 'git', 'machine learning', 'matplotlib', 'neural network', 'nlp', 'numpy', 'pandas', 'python', 'pytorch', 'scikit', 'sql', 'statistics', 'tableau', 'tensorflow']"
923,ARTS,2.5,4.17,0.0,1,23,['r'],"['agile', 'aws', 'azure', 'communication', 'computer vision', 'data analysis', 'data mining', 'data visualization', 'deep learning', 'git', 'machine learning', 'matplotlib', 'neural network', 'nlp', 'numpy', 'pandas', 'python', 'pytorch', 'scikit', 'sql', 'statistics', 'tableau', 'tensorflow']"
924,ARTS,2.5,4.17,0.0,1,23,['r'],"['agile', 'aws', 'azure', 'communication', 'computer vision', 'data analysis', 'data mining', 'data visualization', 'deep learning', 'git', 'machine learning', 'matplotlib', 'neural network', 'nlp', 'numpy', 'pandas', 'python', 'pytorch', 'scikit', 'sql', 'statistics', 'tableau', 'tensorflow']"
925,ARTS,2.5,4.17,0.0,1,23,['r'],"['agile', 'aws', 'azure', 'communication', 'computer vision', 'data analysis', 'data mining', 'data visualization', 'deep learning', 'git', 'machine learning', 'matplotlib', 'neural network', 'nlp', 'numpy', 'pandas', 'python', 'pytorch', 'scikit', 'sql', 'statistics', 'tableau', 'tensorflow']"
926,AVIATION,2.5,4.17,0.0,1,23,['r'],"['agile', 'aws', 'azure', 'communication', 'computer vision', 'data analysis', 'data mining', 'data visualization', 'deep learning', 'git', 'machine learning', 'matplotlib', 'neural network', 'nlp', 'numpy', 'pandas', 'python', 'pytorch', 'scikit', 'sql', 'statistics', 'tableau', 'tensorflow']"
927,ARTS,2.5,4.17,0.0,1,23,['r'],"['agile', 'aws', 'azure', 'communication', 'computer vision', 'data analysis', 'data mining', 'data visualization', 'deep learning', 'git', 'machine learning', 'matplotlib', 'neural network', 'nlp', 'numpy', 'pandas', 'python', 'pytorch', 'scikit', 'sql', 'statistics', 'tableau', 'tensorflow']"
928,ARTS,2.5,4.17,0.0,1,23,['r'],"['agile', 'aws', 'azure', 'communication', 'computer vision', 'data analysis', 'data mining', 'data visualization', 'deep learning', 'git', 'machine learning', 'matplotlib', 'neural network', 'nlp', 'numpy', 'pandas', 'python', 'pytorch', 'scikit', 'sql', 'statistics', 'tableau', 'tensorflow']"
929,ARTS,2.5,4.17,0.0,1,23,['r'],"['agile', 'aws', 'azure', 'communication', 'computer vision', 'data analysis', 'data mining', 'data visualization', 'deep learning', 'git', 'machine learning', 'matplotlib', 'neural network', 'nlp', 'numpy', 'pandas', 'python', 'pytorch', 'scikit', 'sql', 'statistics', 'tableau', 'tensorflow']"
930,ARTS,2.5,4.17,0.0,1,23,['r'],"['agile', 'aws', 'azure', 'communication', 'computer vision', 'data analysis', 'data mining', 'data visualization', 'deep learning', 'git', 'machine learning', 'matplotlib', 'neural network', 'nlp', 'numpy', 'pandas', 'python', 'pytorch', 'scikit', 'sql', 'statistics', 'tableau', 'tensorflow']"
931,ARTS,2.5,4.17,0.0,1,23,['r'],"['agile', 'aws', 'azure', 'communication', 'computer vision', 'data analysis', 'data mining', 'data visualization', 'deep learning', 'git', 'machine learning', 'matplotlib', 'neural network', 'nlp', 'numpy', 'pandas', 'python', 'pytorch', 'scikit', 'sql', 'statistics', 'tableau', 'tensorflow']"
932,ARTS,2.5,4.17,0.0,1,23,['r'],"['agile', 'aws', 'azure', 'communication', 'computer vision', 'data analysis', 'data mining', 'data visualization', 'deep learning', 'git', 'machine learning', 'matplotlib', 'neural network', 'nlp', 'numpy', 'pandas', 'python', 'pytorch', 'scikit', 'sql', 'statistics', 'tableau', 'tensorflow']"
933,ARTS,2.5,4.17,0.0,1,23,['r'],"['agile', 'aws', 'azure', 'communication', 'computer vision', 'data analysis', 'data mining', 'data visualization', 'deep learning', 'git', 'machine learning', 'matplotlib', 'neural network', 'nlp', 'numpy', 'pandas', 'python', 'pytorch', 'scikit', 'sql', 'statistics', 'tableau', 'tensorflow']"
934,ARTS,2.5,4.17,0.0,1,23,['r'],"['agile', 'aws', 'azure', 'communication', 'computer vision', 'data analysis', 'data mining', 'data visualization', 'deep learning', 'git', 'machine learning', 'matplotlib', 'neural network', 'nlp', 'numpy', 'pandas', 'python', 'pytorch', 'scikit', 'sql', 'statistics', 'tableau', 'tensorflow']"
935,ARTS,2.5,4.17,0.0,1,23,['r'],"['agile', 'aws', 'azure', 'communication', 'computer vision', 'data analysis', 'data mining', 'data visualization', 'deep learning', 'git', 'machine learning', 'matplotlib', 'neural network', 'nlp', 'numpy', 'pandas', 'python', 'pytorch', 'scikit', 'sql', 'statistics', 'tableau', 'tensorflow']"
936,ARTS,2.5,4.17,0.0,1,23,['r'],"['agile', 'aws', 'azure', 'communication', 'computer vision', 'data analysis', 'data mining', 'data visualization', 'deep learning', 'git', 'machine learning', 'matplotlib', 'neural network', 'nlp', 'numpy', 'pandas', 'python', 'pytorch', 'scikit', 'sql', 'statistics', 'tableau', 'tensorflow']"
937,ARTS,2.5,4.17,0.0,1,23,['r'],"['agile', 'aws', 'azure', 'communication', 'computer vision', 'data analysis', 'data mining', 'data visualization', 'deep learning', 'git', 'machine learning', 'matplotlib', 'neural network', 'nlp', 'numpy', 'pandas', 'python', 'pytorch', 'scikit', 'sql', 'statistics', 'tableau', 'tensorflow']"
938,ARTS,2.5,4.17,0.0,1,23,['r'],"['agile', 'aws', 'azure', 'communication', 'computer vision', 'data analysis', 'data mining', 'data visualization', 'deep learning', 'git', 'machine learning', 'matplotlib', 'neural network', 'nlp', 'numpy', 'pandas', 'python', 'pytorch', 'scikit', 'sql', 'statistics', 'tableau', 'tensorflow']"
939,ARTS,2.5,4.17,0.0,1,23,['r'],"['agile', 'aws', 'azure', 'communication', 'computer vision', 'data analysis', 'data mining', 'data visualization', 'deep learning', 'git', 'machine learning', 'matplotlib', 'neural network', 'nlp', 'numpy', 'pandas', 'python', 'pytorch', 'scikit', 'sql', 'statistics', 'tableau', 'tensorflow']"
940,ARTS,2.5,4.17,0.0,1,23,['r'],"['agile', 'aws', 'azure', 'communication', 'computer vision', 'data analysis', 'data mining', 'data visualization', 'deep learning', 'git', 'machine learning', 'matplotlib', 'neural network', 'nlp', 'numpy', 'pandas', 'python', 'pytorch', 'scikit', 'sql', 'statistics', 'tableau', 'tensorflow']"
941,ARTS,2.5,4.17,0.0,1,23,['r'],"['agile', 'aws', 'azure', 'communication', 'computer vision', 'data analysis', 'data mining', 'data visualization', 'deep learning', 'git', 'machine learning', 'matplotlib', 'neural network', 'nlp', 'numpy', 'pandas', 'python', 'pytorch', 'scikit', 'sql', 'statistics', 'tableau', 'tensorflow']"
942,ARTS,2.5,4.17,0.0,1,23,['r'],"['agile', 'aws', 'azure', 'communication', 'computer vision', 'data analysis', 'data mining', 'data visualization', 'deep learning', 'git', 'machine learning', 'matplotlib', 'neural network', 'nlp', 'numpy', 'pandas', 'python', 'pytorch', 'scikit', 'sql', 'statistics', 'tableau', 'tensorflow']"
943,ARTS,2.5,4.17,0.0,1,23,['r'],"['agile', 'aws', 'azure', 'communication', 'computer vision', 'data analysis', 'data mining', 'data visualization', 'deep learning', 'git', 'machine learning', 'matplotlib', 'neural network', 'nlp', 'numpy', 'pandas', 'python', 'pytorch', 'scikit', 'sql', 'statistics', 'tableau', 'tensorflow']"
944,ARTS,2.5,4.17,0.0,1,23,['r'],"['agile', 'aws', 'azure', 'communication', 'computer vision', 'data analysis', 'data mining', 'data visualization', 'deep learning', 'git', 'machine learning', 'matplotlib', 'neural network', 'nlp', 'numpy', 'pandas', 'python', 'pytorch', 'scikit', 'sql', 'statistics', 'tableau', 'tensorflow']"
945,ARTS,2.5,4.17,0.0,1,23,['r'],"['agile', 'aws', 'azure', 'communication', 'computer vision', 'data analysis', 'data mining', 'data visualization', 'deep learning', 'git', 'machine learning', 'matplotlib', 'neural network', 'nlp', 'numpy', 'pandas', 'python', 'pytorch', 'scikit', 'sql', 'statistics', 'tableau', 'tensorflow']"
946,ARTS,2.5,4.17,0.0,1,23,['r'],"['agile', 'aws', 'azure', 'communication', 'computer vision', 'data analysis', 'data mining', 'data visualization', 'deep learning', 'git', 'machine learning', 'matplotlib', 'neural network', 'nlp', 'numpy', 'pandas', 'python', 'pytorch', 'scikit', 'sql', 'statistics', 'tableau', 'tensorflow']"
947,ARTS,2.5,4.17,0.0,1,23,['r'],"['agile', 'aws', 'azure', 'communication', 'computer vision', 'data analysis', 'data mining', 'data visualization', 'deep learning', 'git', 'machine learning', 'matplotlib', 'neural network', 'nlp', 'numpy', 'pandas', 'python', 'pytorch', 'scikit', 'sql', 'statistics', 'tableau', 'tensorflow']"
948,ARTS,2.5,4.17,0.0,1,23,['r'],"['agile', 'aws', 'azure', 'communication', 'computer vision', 'data analysis', 'data mining', 'data visualization', 'deep learning', 'git', 'machine learning', 'matplotlib', 'neural network', 'nlp', 'numpy', 'pandas', 'python', 'pytorch', 'scikit', 'sql', 'statistics', 'tableau', 'tensorflow']"
949,ARTS,2.5,4.17,0.0,1,23,['r'],"['agile', 'aws', 'azure', 'communication', 'computer vision', 'data analysis', 'data mining', 'data visualization', 'deep learning', 'git', 'machine learning', 'matplotlib', 'neural network', 'nlp', 'numpy', 'pandas', 'python', 'pytorch', 'scikit', 'sql', 'statistics', 'tableau', 'tensorflow']"
950,ARTS,2.5,4.17,0.0,1,23,['r'],"['agile', 'aws', 'azure', 'communication', 'computer vision', 'data analysis', 'data mining', 'data visualization', 'deep learning', 'git', 'machine learning', 'matplotlib', 'neural network', 'nlp', 'numpy', 'pandas', 'python', 'pytorch', 'scikit', 'sql', 'statistics', 'tableau', 'tensorflow']"
951,ARTS,2.5,4.17,0.0,1,23,['r'],"['agile', 'aws', 'azure', 'communication', 'computer vision', 'data analysis', 'data mining', 'data visualization', 'deep learning', 'git', 'machine learning', 'matplotlib', 'neural network', 'nlp', 'numpy', 'pandas', 'python', 'pytorch', 'scikit', 'sql', 'statistics', 'tableau', 'tensorflow']"
952,ARTS,2.5,4.17,0.0,1,23,['r'],"['agile', 'aws', 'azure', 'communication', 'computer vision', 'data analysis', 'data mining', 'data visualization', 'deep learning', 'git', 'machine learning', 'matplotlib', 'neural network', 'nlp', 'numpy', 'pandas', 'python', 'pytorch', 'scikit', 'sql', 'statistics', 'tableau', 'tensorflow']"
953,ARTS,2.5,4.17,0.0,1,23,['r'],"['agile', 'aws', 'azure', 'communication', 'computer vision', 'data analysis', 'data mining', 'data visualization', 'deep learning', 'git', 'machine learning', 'matplotlib', 'neural network', 'nlp', 'numpy', 'pandas', 'python', 'pytorch', 'scikit', 'sql', 'statistics', 'tableau', 'tensorflow']"
954,ARTS,2.5,4.17,0.0,1,23,['r'],"['agile', 'aws', 'azure', 'communication', 'computer vision', 'data analysis', 'data mining', 'data visualization', 'deep learning', 'git', 'machine learning', 'matplotlib', 'neural network', 'nlp', 'numpy', 'pandas', 'python', 'pytorch', 'scikit', 'sql', 'statistics', 'tableau', 'tensorflow']"
955,AVIATION,2.5,4.17,0.0,1,23,['r'],"['agile', 'aws', 'azure', 'communication', 'computer vision', 'data analysis', 'data mining', 'data visualization', 'deep learning', 'git', 'machine learning', 'matplotlib', 'neural network', 'nlp', 'numpy', 'pandas', 'python', 'pytorch', 'scikit', 'sql', 'statistics', 'tableau', 'tensorflow']"
956,AVIATION,2.5,4.17,0.0,1,23,['r'],"['agile', 'aws', 'azure', 'communication', 'computer vision', 'data analysis', 'data mining', 'data visualization', 'deep learning', 'git', 'machine learning', 'matplotlib', 'neural network', 'nlp', 'numpy', 'pandas', 'python', 'pytorch', 'scikit', 'sql', 'statistics', 'tableau', 'tensorflow']"
957,AVIATION,2.5,4.17,0.0,1,23,['r'],"['agile', 'aws', 'azure', 'communication', 'computer vision', 'data analysis', 'data mining', 'data visualization', 'deep learning', 'git', 'machine learning', 'matplotlib', 'neural network', 'nlp', 'numpy', 'pandas', 'python', 'pytorch', 'scikit', 'sql', 'statistics', 'tableau', 'tensorflow']"
958,AVIATION,2.5,4.17,0.0,1,23,['r'],"['agile', 'aws', 'azure', 'communication', 'computer vision', 'data analysis', 'data mining', 'data visualization', 'deep learning', 'git', 'machine learning', 'matplotlib', 'neural network', 'nlp', 'numpy', 'pandas', 'python', 'pytorch', 'scikit', 'sql', 'statistics', 'tableau', 'tensorflow']"
959,AVIATION,2.5,4.17,0.0,1,23,['r'],"['agile', 'aws', 'azure', 'communication', 'computer vision', 'data analysis', 'data mining', 'data visualization', 'deep learning', 'git', 'machine learning', 'matplotlib', 'neural network', 'nlp', 'numpy', 'pandas', 'python', 'pytorch', 'scikit', 'sql', 'statistics', 'tableau', 'tensorflow']"
960,AVIATION,2.5,4.17,0.0,1,23,['r'],"['agile', 'aws', 'azure', 'communication', 'computer vision', 'data analysis', 'data mining', 'data visualization', 'deep learning', 'git', 'machine learning', 'matplotlib', 'neural network', 'nlp', 'numpy', 'pandas', 'python', 'pytorch', 'scikit', 'sql', 'statistics', 'tableau', 'tensorflow']"
961,AVIATION,2.5,4.17,0.0,1,23,['r'],"['agile', 'aws', 'azure', 'communication', 'computer vision', 'data analysis', 'data mining', 'data visualization', 'deep learning', 'git', 'machine learning', 'matplotlib', 'neural network', 'nlp', 'numpy', 'pandas', 'python', 'pytorch', 'scikit', 'sql', 'statistics', 'tableau', 'tensorflow']"
962,AVIATION,2.5,4.17,0.0,1,23,['r'],"['agile', 'aws', 'azure', 'communication', 'computer vision', 'data analysis', 'data mining', 'data visualization', 'deep learning', 'git', 'machine learning', 'matplotlib', 'neural network', 'nlp', 'numpy', 'pandas', 'python', 'pytorch', 'scikit', 'sql', 'statistics', 'tableau', 'tensorflow']"
963,ARTS,2.5,4.17,0.0,1,23,['r'],"['agile', 'aws', 'azure', 'communication', 'computer vision', 'data analysis', 'data mining', 'data visualization', 'deep learning', 'git', 'machine learning', 'matplotlib', 'neural network', 'nlp', 'numpy', 'pandas', 'python', 'pytorch', 'scikit', 'sql', 'statistics', 'tableau', 'tensorflow']"
964,AVIATION,2.5,4.17,0.0,1,23,['r'],"['agile', 'aws', 'azure', 'communication', 'computer vision', 'data analysis', 'data mining', 'data visualization', 'deep learning', 'git', 'machine learning', 'matplotlib', 'neural network', 'nlp', 'numpy', 'pandas', 'python', 'pytorch', 'scikit', 'sql', 'statistics', 'tableau', 'tensorflow']"
965,AVIATION,2.5,4.17,0.0,1,23,['r'],"['agile', 'aws', 'azure', 'communication', 'computer vision', 'data analysis', 'data mining', 'data visualization', 'deep learning', 'git', 'machine learning', 'matplotlib', 'neural network', 'nlp', 'numpy', 'pandas', 'python', 'pytorch', 'scikit', 'sql', 'statistics', 'tableau', 'tensorflow']"
966,AVIATION,2.5,4.17,0.0,1,23,['r'],"['agile', 'aws', 'azure', 'communication', 'computer vision', 'data analysis', 'data mining', 'data visualization', 'deep learning', 'git', 'machine learning', 'matplotlib', 'neural network', 'nlp', 'numpy', 'pandas', 'python', 'pytorch', 'scikit', 'sql', 'statistics', 'tableau', 'tensorflow']"
967,AVIATION,2.5,4.17,0.0,1,23,['r'],"['agile', 'aws', 'azure', 'communication', 'computer vision', 'data analysis', 'data mining', 'data visualization', 'deep learning', 'git', 'machine learning', 'matplotlib', 'neural network', 'nlp', 'numpy', 'pandas', 'python', 'pytorch', 'scikit', 'sql', 'statistics', 'tableau', 'tensorflow']"
968,AVIATION,2.5,4.17,0.0,1,23,['r'],"['agile', 'aws', 'azure', 'communication', 'computer vision', 'data analysis', 'data mining', 'data visualization', 'deep learning', 'git', 'machine learning', 'matplotlib', 'neural network', 'nlp', 'numpy', 'pandas', 'python', 'pytorch', 'scikit', 'sql', 'statistics', 'tableau', 'tensorflow']"
969,AVIATION,2.5,4.17,0.0,1,23,['r'],"['agile', 'aws', 'azure', 'communication', 'computer vision', 'data analysis', 'data mining', 'data visualization', 'deep learning', 'git', 'machine learning', 'matplotlib', 'neural network', 'nlp', 'numpy', 'pandas', 'python', 'pytorch', 'scikit', 'sql', 'statistics', 'tableau', 'tensorflow']"
970,AVIATION,2.5,4.17,0.0,1,23,['r'],"['agile', 'aws', 'azure', 'communication', 'computer vision', 'data analysis', 'data mining', 'data visualization', 'deep learning', 'git', 'machine learning', 'matplotlib', 'neural network', 'nlp', 'numpy', 'pandas', 'python', 'pytorch', 'scikit', 'sql', 'statistics', 'tableau', 'tensorflow']"
971,AVIATION,2.5,4.17,0.0,1,23,['r'],"['agile', 'aws', 'azure', 'communication', 'computer vision', 'data analysis', 'data mining', 'data visualization', 'deep learning', 'git', 'machine learning', 'matplotlib', 'neural network', 'nlp', 'numpy', 'pandas', 'python', 'pytorch', 'scikit', 'sql', 'statistics', 'tableau', 'tensorflow']"
972,AVIATION,2.5,4.17,0.0,1,23,['r'],"['agile', 'aws', 'azure', 'communication', 'computer vision', 'data analysis', 'data mining', 'data visualization', 'deep learning', 'git', 'machine learning', 'matplotlib', 'neural network', 'nlp', 'numpy', 'pandas', 'python', 'pytorch', 'scikit', 'sql', 'statistics', 'tableau', 'tensorflow']"
973,AVIATION,2.5,4.17,0.0,1,23,['r'],"['agile', 'aws', 'azure', 'communication', 'computer vision', 'data analysis', 'data mining', 'data visualization', 'deep learning', 'git', 'machine learning', 'matplotlib', 'neural network', 'nlp', 'numpy', 'pandas', 'python', 'pytorch', 'scikit', 'sql', 'statistics', 'tableau', 'tensorflow']"
974,ARTS,2.5,4.17,0.0,1,23,['r'],"['agile', 'aws', 'azure', 'communication', 'computer vision', 'data analysis', 'data mining', 'data visualization', 'deep learning', 'git', 'machine learning', 'matplotlib', 'neural network', 'nlp', 'numpy', 'pandas', 'python', 'pytorch', 'scikit', 'sql', 'statistics', 'tableau', 'tensorflow']"
975,ARTS,2.5,4.17,0.0,1,23,['r'],"['agile', 'aws', 'azure', 'communication', 'computer vision', 'data analysis', 'data mining', 'data visualization', 'deep learning', 'git', 'machine learning', 'matplotlib', 'neural network', 'nlp', 'numpy', 'pandas', 'python', 'pytorch', 'scikit', 'sql', 'statistics', 'tableau', 'tensorflow']"
976,AVIATION,2.5,4.17,0.0,1,23,['r'],"['agile', 'aws', 'azure', 'communication', 'computer vision', 'data analysis', 'data mining', 'data visualization', 'deep learning', 'git', 'machine learning', 'matplotlib', 'neural network', 'nlp', 'numpy', 'pandas', 'python', 'pytorch', 'scikit', 'sql', 'statistics', 'tableau', 'tensorflow']"
977,AVIATION,2.5,4.17,0.0,1,23,['r'],"['agile', 'aws', 'azure', 'communication', 'computer vision', 'data analysis', 'data mining', 'data visualization', 'deep learning', 'git', 'machine learning', 'matplotlib', 'neural network', 'nlp', 'numpy', 'pandas', 'python', 'pytorch', 'scikit', 'sql', 'statistics', 'tableau', 'tensorflow']"
978,AVIATION,2.5,4.17,0.0,1,23,['r'],"['agile', 'aws', 'azure', 'communication', 'computer vision', 'data analysis', 'data mining', 'data visualization', 'deep learning', 'git', 'machine learning', 'matplotlib', 'neural network', 'nlp', 'numpy', 'pandas', 'python', 'pytorch', 'scikit', 'sql', 'statistics', 'tableau', 'tensorflow']"
979,AVIATION,2.5,4.17,0.0,1,23,['r'],"['agile', 'aws', 'azure', 'communication', 'computer vision', 'data analysis', 'data mining', 'data visualization', 'deep learning', 'git', 'machine learning', 'matplotlib', 'neural network', 'nlp', 'numpy', 'pandas', 'python', 'pytorch', 'scikit', 'sql', 'statistics', 'tableau', 'tensorflow']"
980,AVIATION,2.5,4.17,0.0,1,23,['r'],"['agile', 'aws', 'azure', 'communication', 'computer vision', 'data analysis', 'data mining', 'data visualization', 'deep learning', 'git', 'machine learning', 'matplotlib', 'neural network', 'nlp', 'numpy', 'pandas', 'python', 'pytorch', 'scikit', 'sql', 'statistics', 'tableau', 'tensorflow']"
981,AVIATION,2.5,4.17,0.0,1,23,['r'],"['agile', 'aws', 'azure', 'communication', 'computer vision', 'data analysis', 'data mining', 'data visualization', 'deep learning', 'git', 'machine learning', 'matplotlib', 'neural network', 'nlp', 'numpy', 'pandas', 'python', 'pytorch', 'scikit', 'sql', 'statistics', 'tableau', 'tensorflow']"
982,AVIATION,2.5,4.17,0.0,1,23,['r'],"['agile', 'aws', 'azure', 'communication', 'computer vision', 'data analysis', 'data mining', 'data visualization', 'deep learning', 'git', 'machine learning', 'matplotlib', 'neural network', 'nlp', 'numpy', 'pandas', 'python', 'pytorch', 'scikit', 'sql', 'statistics', 'tableau', 'tensorflow']"
983,AVIATION,2.5,4.17,0.0,1,23,['r'],"['agile', 'aws', 'azure', 'communication', 'computer vision', 'data analysis', 'data mining', 'data visualization', 'deep learning', 'git', 'machine learning', 'matplotlib', 'neural network', 'nlp', 'numpy', 'pandas', 'python', 'pytorch', 'scikit', 'sql', 'statistics', 'tableau', 'tensorflow']"
984,AVIATION,2.5,4.17,0.0,1,23,['r'],"['agile', 'aws', 'azure', 'communication', 'computer vision', 'data analysis', 'data mining', 'data visualization', 'deep learning', 'git', 'machine learning', 'matplotlib', 'neural network', 'nlp', 'numpy', 'pandas', 'python', 'pytorch', 'scikit', 'sql', 'statistics', 'tableau', 'tensorflow']"
985,AVIATION,2.5,4.17,0.0,1,23,['r'],"['agile', 'aws', 'azure', 'communication', 'computer vision', 'data analysis', 'data mining', 'data visualization', 'deep learning', 'git', 'machine learning', 'matplotlib', 'neural network', 'nlp', 'numpy', 'pandas', 'python', 'pytorch', 'scikit', 'sql', 'statistics', 'tableau', 'tensorflow']"
986,AVIATION,2.5,4.17,0.0,1,23,['r'],"['agile', 'aws', 'azure', 'communication', 'computer vision', 'data analysis', 'data mining', 'data visualization', 'deep learning', 'git', 'machine learning', 'matplotlib', 'neural network', 'nlp', 'numpy', 'pandas', 'python', 'pytorch', 'scikit', 'sql', 'statistics', 'tableau', 'tensorflow']"
987,AVIATION,2.5,4.17,0.0,1,23,['r'],"['agile', 'aws', 'azure', 'communication', 'computer vision', 'data analysis', 'data mining', 'data visualization', 'deep learning', 'git', 'machine learning', 'matplotlib', 'neural network', 'nlp', 'numpy', 'pandas', 'python', 'pytorch', 'scikit', 'sql', 'statistics', 'tableau', 'tensorflow']"
988,AVIATION,2.5,4.17,0.0,1,23,['r'],"['agile', 'aws', 'azure', 'communication', 'computer vision', 'data analysis', 'data mining', 'data visualization', 'deep learning', 'git', 'machine learning', 'matplotlib', 'neural network', 'nlp', 'numpy', 'pandas', 'python', 'pytorch', 'scikit', 'sql', 'statistics', 'tableau', 'tensorflow']"
989,AVIATION,2.5,4.17,0.0,1,23,['r'],"['agile', 'aws', 'azure', 'communication', 'computer vision', 'data analysis', 'data mining', 'data visualization', 'deep learning', 'git', 'machine learning', 'matplotlib', 'neural network', 'nlp', 'numpy', 'pandas', 'python', 'pytorch', 'scikit', 'sql', 'statistics', 'tableau', 'tensorflow']"
990,AVIATION,2.5,4.17,0.0,1,23,['r'],"['agile', 'aws', 'azure', 'communication', 'computer vision', 'data analysis', 'data mining', 'data visualization', 'deep learning', 'git', 'machine learning', 'matplotlib', 'neural network', 'nlp', 'numpy', 'pandas', 'python', 'pytorch', 'scikit', 'sql', 'statistics', 'tableau', 'tensorflow']"
991,AVIATION,2.5,4.17,0.0,1,23,['r'],"['agile', 'aws', 'azure', 'communication', 'computer vision', 'data analysis', 'data mining', 'data visualization', 'deep learning', 'git', 'machine learning', 'matplotlib', 'neural network', 'nlp', 'numpy', 'pandas', 'python', 'pytorch', 'scikit', 'sql', 'statistics', 'tableau', 'tensorflow']"
992,AVIATION,2.5,4.17,0.0,1,23,['r'],"['agile', 'aws', 'azure', 'communication', 'computer vision', 'data analysis', 'data mining', 'data visualization', 'deep learning', 'git', 'machine learning', 'matplotlib', 'neural network', 'nlp', 'numpy', 'pandas', 'python', 'pytorch', 'scikit', 'sql', 'statistics', 'tableau', 'tensorflow']"
993,CONSTRUCTION,2.5,4.17,0.0,1,23,['r'],"['agile', 'aws', 'azure', 'communication', 'computer vision', 'data analysis', 'data mining', 'data visualization', 'deep learning', 'git', 'machine learning', 'matplotlib', 'neural network', 'nlp', 'numpy', 'pandas', 'python', 'pytorch', 'scikit', 'sql', 'statistics', 'tableau', 'tensorflow']"
994,CONSTRUCTION,2.5,4.17,0.0,1,23,['r'],"['agile', 'aws', 'azure', 'communication', 'computer vision', 'data analysis', 'data mining', 'data visualization', 'deep learning', 'git', 'machine learning', 'matplotlib', 'neural network', 'nlp', 'numpy', 'pandas', 'python', 'pytorch', 'scikit', 'sql', 'statistics', 'tableau', 'tensorflow']"
995,CONSTRUCTION,2.5,4.17,0.0,1,23,['r'],"['agile', 'aws', 'azure', 'communication', 'computer vision', 'data analysis', 'data mining', 'data visualization', 'deep learning', 'git', 'machine learning', 'matplotlib', 'neural network', 'nlp', 'numpy', 'pandas', 'python', 'pytorch', 'scikit', 'sql', 'statistics', 'tableau', 'tensorflow']"
996,CONSTRUCTION,2.5,4.17,0.0,1,23,['r'],"['agile', 'aws', 'azure', 'communication', 'computer vision', 'data analysis', 'data mining', 'data visualization', 'deep learning', 'git', 'machine learning', 'matplotlib', 'neural network', 'nlp', 'numpy', 'pandas', 'python', 'pytorch', 'scikit', 'sql', 'statistics', 'tableau', 'tensorflow']"
997,CONSTRUCTION,2.5,4.17,0.0,1,23,['r'],"['agile', 'aws', 'azure', 'communication', 'computer vision', 'data analysis', 'data mining', 'data visualization', 'deep learning', 'git', 'machine learning', 'matplotlib', 'neural network', 'nlp', 'numpy', 'pandas', 'python', 'pytorch', 'scikit', 'sql', 'statistics', 'tableau', 'tensorflow']"
998,CONSTRUCTION,2.5,4.17,0.0,1,23,['r'],"['agile', 'aws', 'azure', 'communication', 'computer vision', 'data analysis', 'data mining', 'data visualization', 'deep learning', 'git', 'machine learning', 'matplotlib', 'neural network', 'nlp', 'numpy', 'pandas', 'python', 'pytorch', 'scikit', 'sql', 'statistics', 'tableau', 'tensorflow']"
999,CONSTRUCTION,2.5,4.17,0.0,1,23,['r'],"['agile', 'aws', 'azure', 'communication', 'computer vision', 'data analysis', 'data mining', 'data visualization', 'deep learning', 'git', 'machine learning', 'matplotlib', 'neural network', 'nlp', 'numpy', 'pandas', 'python', 'pytorch', 'scikit', 'sql', 'statistics', 'tableau', 'tensorflow']"
1000,CONSTRUCTION,2.5,4.17,0.0,1,23,['r'],"['agile', 'aws', 'azure', 'communication', 'computer vision', 'data analysis', 'data mining', 'data visualization', 'deep learning', 'git', 'machine learning', 'matplotlib', 'neural network', 'nlp', 'numpy', 'pandas', 'python', 'pytorch', 'scikit', 'sql', 'statistics', 'tableau', 'tensorflow']"
1001,BANKING,2.5,4.17,0.0,1,23,['r'],"['agile', 'aws', 'azure', 'communication', 'computer vision', 'data analysis', 'data mining', 'data visualization', 'deep learning', 'git', 'machine learning', 'matplotlib', 'neural network', 'nlp', 'numpy', 'pandas', 'python', 'pytorch', 'scikit', 'sql', 'statistics', 'tableau', 'tensorflow']"
1002,CONSTRUCTION,2.5,4.17,0.0,1,23,['r'],"['agile', 'aws', 'azure', 'communication', 'computer vision', 'data analysis', 'data mining', 'data visualization', 'deep learning', 'git', 'machine learning', 'matplotlib', 'neural network', 'nlp', 'numpy', 'pandas', 'python', 'pytorch', 'scikit', 'sql', 'statistics', 'tableau', 'tensorflow']"
1003,CONSTRUCTION,2.5,4.17,0.0,1,23,['r'],"['agile', 'aws', 'azure', 'communication', 'computer vision', 'data analysis', 'data mining', 'data visualization', 'deep learning', 'git', 'machine learning', 'matplotlib', 'neural network', 'nlp', 'numpy', 'pandas', 'python', 'pytorch', 'scikit', 'sql', 'statistics', 'tableau', 'tensorflow']"
1004,CONSTRUCTION,2.5,4.17,0.0,1,23,['r'],"['agile', 'aws', 'azure', 'communication', 'computer vision', 'data analysis', 'data mining', 'data visualization', 'deep learning', 'git', 'machine learning', 'matplotlib', 'neural network', 'nlp', 'numpy', 'pandas', 'python', 'pytorch', 'scikit', 'sql', 'statistics', 'tableau', 'tensorflow']"
1005,CONSTRUCTION,2.5,4.17,0.0,1,23,['r'],"['agile', 'aws', 'azure', 'communication', 'computer vision', 'data analysis', 'data mining', 'data visualization', 'deep learning', 'git', 'machine learning', 'matplotlib', 'neural network', 'nlp', 'numpy', 'pandas', 'python', 'pytorch', 'scikit', 'sql', 'statistics', 'tableau', 'tensorflow']"
1006,CONSTRUCTION,2.5,4.17,0.0,1,23,['r'],"['agile', 'aws', 'azure', 'communication', 'computer vision', 'data analysis', 'data mining', 'data visualization', 'deep learning', 'git', 'machine learning', 'matplotlib', 'neural network', 'nlp', 'numpy', 'pandas', 'python', 'pytorch', 'scikit', 'sql', 'statistics', 'tableau', 'tensorflow']"
1007,CONSTRUCTION,2.5,4.17,0.0,1,23,['r'],"['agile', 'aws', 'azure', 'communication', 'computer vision', 'data analysis', 'data mining', 'data visualization', 'deep learning', 'git', 'machine learning', 'matplotlib', 'neural network', 'nlp', 'numpy', 'pandas', 'python', 'pytorch', 'scikit', 'sql', 'statistics', 'tableau', 'tensorflow']"
1008,CONSTRUCTION,2.5,4.17,0.0,1,23,['r'],"['agile', 'aws', 'azure', 'communication', 'computer vision', 'data analysis', 'data mining', 'data visualization', 'deep learning', 'git', 'machine learning', 'matplotlib', 'neural network', 'nlp', 'numpy', 'pandas', 'python', 'pytorch', 'scikit', 'sql', 'statistics', 'tableau', 'tensorflow']"
1009,CONSTRUCTION,2.5,4.17,0.0,1,23,['r'],"['agile', 'aws', 'azure', 'communication', 'computer vision', 'data analysis', 'data mining', 'data visualization', 'deep learning', 'git', 'machine learning', 'matplotlib', 'neural network', 'nlp', 'numpy', 'pandas', 'python', 'pytorch', 'scikit', 'sql', 'statistics', 'tableau', 'tensorflow']"
1010,CONSTRUCTION,2.5,4.17,0.0,1,23,['r'],"['agile', 'aws', 'azure', 'communication', 'computer vision', 'data analysis', 'data mining', 'data visualization', 'deep learning', 'git', 'machine learning', 'matplotlib', 'neural network', 'nlp', 'numpy', 'pandas', 'python', 'pytorch', 'scikit', 'sql', 'statistics', 'tableau', 'tensorflow']"
1011,ACCOUNTANT,2.5,4.17,0.0,1,23,['r'],"['agile', 'aws', 'azure', 'communication', 'computer vision', 'data analysis', 'data mining', 'data visualization', 'deep learning', 'git', 'machine learning', 'matplotlib', 'neural network', 'nlp', 'numpy', 'pandas', 'python', 'pytorch', 'scikit', 'sql', 'statistics', 'tableau', 'tensorflow']"
1012,ACCOUNTANT,2.5,4.17,0.0,1,23,['r'],"['agile', 'aws', 'azure', 'communication', 'computer vision', 'data analysis', 'data mining', 'data visualization', 'deep learning', 'git', 'machine learning', 'matplotlib', 'neural network', 'nlp', 'numpy', 'pandas', 'python', 'pytorch', 'scikit', 'sql', 'statistics', 'tableau', 'tensorflow']"
1013,ACCOUNTANT,2.5,4.17,0.0,1,23,['r'],"['agile', 'aws', 'azure', 'communication', 'computer vision', 'data analysis', 'data mining', 'data visualization', 'deep learning', 'git', 'machine learning', 'matplotlib', 'neural network', 'nlp', 'numpy', 'pandas', 'python', 'pytorch', 'scikit', 'sql', 'statistics', 'tableau', 'tensorflow']"
1014,ACCOUNTANT,2.5,4.17,0.0,1,23,['r'],"['agile', 'aws', 'azure', 'communication', 'computer vision', 'data analysis', 'data mining', 'data visualization', 'deep learning', 'git', 'machine learning', 'matplotlib', 'neural network', 'nlp', 'numpy', 'pandas', 'python', 'pytorch', 'scikit', 'sql', 'statistics', 'tableau', 'tensorflow']"
1015,ACCOUNTANT,2.5,4.17,0.0,1,23,['r'],"['agile', 'aws', 'azure', 'communication', 'computer vision', 'data analysis', 'data mining', 'data visualization', 'deep learning', 'git', 'machine learning', 'matplotlib', 'neural network', 'nlp', 'numpy', 'pandas', 'python', 'pytorch', 'scikit', 'sql', 'statistics', 'tableau', 'tensorflow']"
1016,ACCOUNTANT,2.5,4.17,0.0,1,23,['r'],"['agile', 'aws', 'azure', 'communication', 'computer vision', 'data analysis', 'data mining', 'data visualization', 'deep learning', 'git', 'machine learning', 'matplotlib', 'neural network', 'nlp', 'numpy', 'pandas', 'python', 'pytorch', 'scikit', 'sql', 'statistics', 'tableau', 'tensorflow']"
1017,ACCOUNTANT,2.5,4.17,0.0,1,23,['r'],"['agile', 'aws', 'azure', 'communication', 'computer vision', 'data analysis', 'data mining', 'data visualization', 'deep learning', 'git', 'machine learning', 'matplotlib', 'neural network', 'nlp', 'numpy', 'pandas', 'python', 'pytorch', 'scikit', 'sql', 'statistics', 'tableau', 'tensorflow']"
1018,ACCOUNTANT,2.5,4.17,0.0,1,23,['r'],"['agile', 'aws', 'azure', 'communication', 'computer vision', 'data analysis', 'data mining', 'data visualization', 'deep learning', 'git', 'machine learning', 'matplotlib', 'neural network', 'nlp', 'numpy', 'pandas', 'python', 'pytorch', 'scikit', 'sql', 'statistics', 'tableau', 'tensorflow']"
1019,ACCOUNTANT,2.5,4.17,0.0,1,23,['r'],"['agile', 'aws', 'azure', 'communication', 'computer vision', 'data analysis', 'data mining', 'data visualization', 'deep learning', 'git', 'machine learning', 'matplotlib', 'neural network', 'nlp', 'numpy', 'pandas', 'python', 'pytorch', 'scikit', 'sql', 'statistics', 'tableau', 'tensorflow']"
1020,ACCOUNTANT,2.5,4.17,0.0,1,23,['r'],"['agile', 'aws', 'azure', 'communication', 'computer vision', 'data analysis', 'data mining', 'data visualization', 'deep learning', 'git', 'machine learning', 'matplotlib', 'neural network', 'nlp', 'numpy', 'pandas', 'python', 'pytorch', 'scikit', 'sql', 'statistics', 'tableau', 'tensorflow']"
1021,ACCOUNTANT,2.5,4.17,0.0,1,23,['r'],"['agile', 'aws', 'azure', 'communication', 'computer vision', 'data analysis', 'data mining', 'data visualization', 'deep learning', 'git', 'machine learning', 'matplotlib', 'neural network', 'nlp', 'numpy', 'pandas', 'python', 'pytorch', 'scikit', 'sql', 'statistics', 'tableau', 'tensorflow']"
1022,ACCOUNTANT,2.5,4.17,0.0,1,23,['r'],"['agile', 'aws', 'azure', 'communication', 'computer vision', 'data analysis', 'data mining', 'data visualization', 'deep learning', 'git', 'machine learning', 'matplotlib', 'neural network', 'nlp', 'numpy', 'pandas', 'python', 'pytorch', 'scikit', 'sql', 'statistics', 'tableau', 'tensorflow']"
1023,ACCOUNTANT,2.5,4.17,0.0,1,23,['r'],"['agile', 'aws', 'azure', 'communication', 'computer vision', 'data analysis', 'data mining', 'data visualization', 'deep learning', 'git', 'machine learning', 'matplotlib', 'neural network', 'nlp', 'numpy', 'pandas', 'python', 'pytorch', 'scikit', 'sql', 'statistics', 'tableau', 'tensorflow']"
1024,ACCOUNTANT,2.5,4.17,0.0,1,23,['r'],"['agile', 'aws', 'azure', 'communication', 'computer vision', 'data analysis', 'data mining', 'data visualization', 'deep learning', 'git', 'machine learning', 'matplotlib', 'neural network', 'nlp', 'numpy', 'pandas', 'python', 'pytorch', 'scikit', 'sql', 'statistics', 'tableau', 'tensorflow']"
1025,ACCOUNTANT,2.5,4.17,0.0,1,23,['r'],"['agile', 'aws', 'azure', 'communication', 'computer vision', 'data analysis', 'data mining', 'data visualization', 'deep learning', 'git', 'machine learning', 'matplotlib', 'neural network', 'nlp', 'numpy', 'pandas', 'python', 'pytorch', 'scikit', 'sql', 'statistics', 'tableau', 'tensorflow']"
1026,ACCOUNTANT,2.5,4.17,0.0,1,23,['r'],"['agile', 'aws', 'azure', 'communication', 'computer vision', 'data analysis', 'data mining', 'data visualization', 'deep learning', 'git', 'machine learning', 'matplotlib', 'neural network', 'nlp', 'numpy', 'pandas', 'python', 'pytorch', 'scikit', 'sql', 'statistics', 'tableau', 'tensorflow']"
1027,ACCOUNTANT,2.5,4.17,0.0,1,23,['r'],"['agile', 'aws', 'azure', 'communication', 'computer vision', 'data analysis', 'data mining', 'data visualization', 'deep learning', 'git', 'machine learning', 'matplotlib', 'neural network', 'nlp', 'numpy', 'pandas', 'python', 'pytorch', 'scikit', 'sql', 'statistics', 'tableau', 'tensorflow']"
1028,ACCOUNTANT,2.5,4.17,0.0,1,23,['r'],"['agile', 'aws', 'azure', 'communication', 'computer vision', 'data analysis', 'data mining', 'data visualization', 'deep learning', 'git', 'machine learning', 'matplotlib', 'neural network', 'nlp', 'numpy', 'pandas', 'python', 'pytorch', 'scikit', 'sql', 'statistics', 'tableau', 'tensorflow']"
1029,ACCOUNTANT,2.5,4.17,0.0,1,23,['r'],"['agile', 'aws', 'azure', 'communication', 'computer vision', 'data analysis', 'data mining', 'data visualization', 'deep learning', 'git', 'machine learning', 'matplotlib', 'neural network', 'nlp', 'numpy', 'pandas', 'python', 'pytorch', 'scikit', 'sql', 'statistics', 'tableau', 'tensorflow']"
1030,CONSTRUCTION,2.5,4.17,0.0,1,23,['r'],"['agile', 'aws', 'azure', 'communication', 'computer vision', 'data analysis', 'data mining', 'data visualization', 'deep learning', 'git', 'machine learning', 'matplotlib', 'neural network', 'nlp', 'numpy', 'pandas', 'python', 'pytorch', 'scikit', 'sql', 'statistics', 'tableau', 'tensorflow']"
1031,CONSTRUCTION,2.5,4.17,0.0,1,23,['r'],"['agile', 'aws', 'azure', 'communication', 'computer vision', 'data analysis', 'data mining', 'data visualization', 'deep learning', 'git', 'machine learning', 'matplotlib', 'neural network', 'nlp', 'numpy', 'pandas', 'python', 'pytorch', 'scikit', 'sql', 'statistics', 'tableau', 'tensorflow']"
1032,CONSTRUCTION,2.5,4.17,0.0,1,23,['r'],"['agile', 'aws', 'azure', 'communication', 'computer vision', 'data analysis', 'data mining', 'data visualization', 'deep learning', 'git', 'machine learning', 'matplotlib', 'neural network', 'nlp', 'numpy', 'pandas', 'python', 'pytorch', 'scikit', 'sql', 'statistics', 'tableau', 'tensorflow']"
1033,CONSTRUCTION,2.5,4.17,0.0,1,23,['r'],"['agile', 'aws', 'azure', 'communication', 'computer vision', 'data analysis', 'data mining', 'data visualization', 'deep learning', 'git', 'machine learning', 'matplotlib', 'neural network', 'nlp', 'numpy', 'pandas', 'python', 'pytorch', 'scikit', 'sql', 'statistics', 'tableau', 'tensorflow']"
1034,CONSTRUCTION,2.5,4.17,0.0,1,23,['r'],"['agile', 'aws', 'azure', 'communication', 'computer vision', 'data analysis', 'data mining', 'data visualization', 'deep learning', 'git', 'machine learning', 'matplotlib', 'neural network', 'nlp', 'numpy', 'pandas', 'python', 'pytorch', 'scikit', 'sql', 'statistics', 'tableau', 'tensorflow']"
1035,CONSTRUCTION,2.5,4.17,0.0,1,23,['r'],"['agile', 'aws', 'azure', 'communication', 'computer vision', 'data analysis', 'data mining', 'data visualization', 'deep learning', 'git', 'machine learning', 'matplotlib', 'neural network', 'nlp', 'numpy', 'pandas', 'python', 'pytorch', 'scikit', 'sql', 'statistics', 'tableau', 'tensorflow']"
1036,CONSTRUCTION,2.5,4.17,0.0,1,23,['r'],"['agile', 'aws', 'azure', 'communication', 'computer vision', 'data analysis', 'data mining', 'data visualization', 'deep learning', 'git', 'machine learning', 'matplotlib', 'neural network', 'nlp', 'numpy', 'pandas', 'python', 'pytorch', 'scikit', 'sql', 'statistics', 'tableau', 'tensorflow']"
1037,CONSTRUCTION,2.5,4.17,0.0,1,23,['r'],"['agile', 'aws', 'azure', 'communication', 'computer vision', 'data analysis', 'data mining', 'data visualization', 'deep learning', 'git', 'machine learning', 'matplotlib', 'neural network', 'nlp', 'numpy', 'pandas', 'python', 'pytorch', 'scikit', 'sql', 'statistics', 'tableau', 'tensorflow']"
1038,CONSTRUCTION,2.5,4.17,0.0,1,23,['r'],"['agile', 'aws', 'azure', 'communication', 'computer vision', 'data analysis', 'data mining', 'data visualization', 'deep learning', 'git', 'machine learning', 'matplotlib', 'neural network', 'nlp', 'numpy', 'pandas', 'python', 'pytorch', 'scikit', 'sql', 'statistics', 'tableau', 'tensorflow']"
1039,CONSTRUCTION,2.5,4.17,0.0,1,23,['r'],"['agile', 'aws', 'azure', 'communication', 'computer vision', 'data analysis', 'data mining', 'data visualization', 'deep learning', 'git', 'machine learning', 'matplotlib', 'neural network', 'nlp', 'numpy', 'pandas', 'python', 'pytorch', 'scikit', 'sql', 'statistics', 'tableau', 'tensorflow']"
1040,CONSTRUCTION,2.5,4.17,0.0,1,23,['r'],"['agile', 'aws', 'azure', 'communication', 'computer vision', 'data analysis', 'data mining', 'data visualization', 'deep learning', 'git', 'machine learning', 'matplotlib', 'neural network', 'nlp', 'numpy', 'pandas', 'python', 'pytorch', 'scikit', 'sql', 'statistics', 'tableau', 'tensorflow']"
1041,CONSTRUCTION,2.5,4.17,0.0,1,23,['r'],"['agile', 'aws', 'azure', 'communication', 'computer vision', 'data analysis', 'data mining', 'data visualization', 'deep learning', 'git', 'machine learning', 'matplotlib', 'neural network', 'nlp', 'numpy', 'pandas', 'python', 'pytorch', 'scikit', 'sql', 'statistics', 'tableau', 'tensorflow']"
1042,CONSTRUCTION,2.5,4.17,0.0,1,23,['r'],"['agile', 'aws', 'azure', 'communication', 'computer vision', 'data analysis', 'data mining', 'data visualization', 'deep learning', 'git', 'machine learning', 'matplotlib', 'neural network', 'nlp', 'numpy', 'pandas', 'python', 'pytorch', 'scikit', 'sql', 'statistics', 'tableau', 'tensorflow']"
1043,CONSTRUCTION,2.5,4.17,0.0,1,23,['r'],"['agile', 'aws', 'azure', 'communication', 'computer vision', 'data analysis', 'data mining', 'data visualization', 'deep learning', 'git', 'machine learning', 'matplotlib', 'neural network', 'nlp', 'numpy', 'pandas', 'python', 'pytorch', 'scikit', 'sql', 'statistics', 'tableau', 'tensorflow']"
1044,CONSTRUCTION,2.5,4.17,0.0,1,23,['r'],"['agile', 'aws', 'azure', 'communication', 'computer vision', 'data analysis', 'data mining', 'data visualization', 'deep learning', 'git', 'machine learning', 'matplotlib', 'neural network', 'nlp', 'numpy', 'pandas', 'python', 'pytorch', 'scikit', 'sql', 'statistics', 'tableau', 'tensorflow']"
1045,CONSTRUCTION,2.5,4.17,0.0,1,23,['r'],"['agile', 'aws', 'azure', 'communication', 'computer vision', 'data analysis', 'data mining', 'data visualization', 'deep learning', 'git', 'machine learning', 'matplotlib', 'neural network', 'nlp', 'numpy', 'pandas', 'python', 'pytorch', 'scikit', 'sql', 'statistics', 'tableau', 'tensorflow']"
1046,CONSTRUCTION,2.5,4.17,0.0,1,23,['r'],"['agile', 'aws', 'azure', 'communication', 'computer vision', 'data analysis', 'data mining', 'data visualization', 'deep learning', 'git', 'machine learning', 'matplotlib', 'neural network', 'nlp', 'numpy', 'pandas', 'python', 'pytorch', 'scikit', 'sql', 'statistics', 'tableau', 'tensorflow']"
1047,CONSTRUCTION,2.5,4.17,0.0,1,23,['r'],"['agile', 'aws', 'azure', 'communication', 'computer vision', 'data analysis', 'data mining', 'data visualization', 'deep learning', 'git', 'machine learning', 'matplotlib', 'neural network', 'nlp', 'numpy', 'pandas', 'python', 'pytorch', 'scikit', 'sql', 'statistics', 'tableau', 'tensorflow']"
1048,CONSTRUCTION,2.5,4.17,0.0,1,23,['r'],"['agile', 'aws', 'azure', 'communication', 'computer vision', 'data analysis', 'data mining', 'data visualization', 'deep learning', 'git', 'machine learning', 'matplotlib', 'neural network', 'nlp', 'numpy', 'pandas', 'python', 'pytorch', 'scikit', 'sql', 'statistics', 'tableau', 'tensorflow']"
1049,CONSTRUCTION,2.5,4.17,0.0,1,23,['r'],"['agile', 'aws', 'azure', 'communication', 'computer vision', 'data analysis', 'data mining', 'data visualization', 'deep learning', 'git', 'machine learning', 'matplotlib', 'neural network', 'nlp', 'numpy', 'pandas', 'python', 'pytorch', 'scikit', 'sql', 'statistics', 'tableau', 'tensorflow']"
1050,CONSTRUCTION,2.5,4.17,0.0,1,23,['r'],"['agile', 'aws', 'azure', 'communication', 'computer vision', 'data analysis', 'data mining', 'data visualization', 'deep learning', 'git', 'machine learning', 'matplotlib', 'neural network', 'nlp', 'numpy', 'pandas', 'python', 'pytorch', 'scikit', 'sql', 'statistics', 'tableau', 'tensorflow']"
1051,CONSTRUCTION,2.5,4.17,0.0,1,23,['r'],"['agile', 'aws', 'azure', 'communication', 'computer vision', 'data analysis', 'data mining', 'data visualization', 'deep learning', 'git', 'machine learning', 'matplotlib', 'neural network', 'nlp', 'numpy', 'pandas', 'python', 'pytorch', 'scikit', 'sql', 'statistics', 'tableau', 'tensorflow']"
1052,CONSTRUCTION,2.5,4.17,0.0,1,23,['r'],"['agile', 'aws', 'azure', 'communication', 'computer vision', 'data analysis', 'data mining', 'data visualization', 'deep learning', 'git', 'machine learning', 'matplotlib', 'neural network', 'nlp', 'numpy', 'pandas', 'python', 'pytorch', 'scikit', 'sql', 'statistics', 'tableau', 'tensorflow']"
1053,CONSTRUCTION,2.5,4.17,0.0,1,23,['r'],"['agile', 'aws', 'azure', 'communication', 'computer vision', 'data analysis', 'data mining', 'data visualization', 'deep learning', 'git', 'machine learning', 'matplotlib', 'neural network', 'nlp', 'numpy', 'pandas', 'python', 'pytorch', 'scikit', 'sql', 'statistics', 'tableau', 'tensorflow']"
1054,CONSTRUCTION,2.5,4.17,0.0,1,23,['r'],"['agile', 'aws', 'azure', 'communication', 'computer vision', 'data analysis', 'data mining', 'data visualization', 'deep learning', 'git', 'machine learning', 'matplotlib', 'neural network', 'nlp', 'numpy', 'pandas', 'python', 'pytorch', 'scikit', 'sql', 'statistics', 'tableau', 'tensorflow']"
1055,CONSTRUCTION,2.5,4.17,0.0,1,23,['r'],"['agile', 'aws', 'azure', 'communication', 'computer vision', 'data analysis', 'data mining', 'data visualization', 'deep learning', 'git', 'machine learning', 'matplotlib', 'neural network', 'nlp', 'numpy', 'pandas', 'python', 'pytorch', 'scikit', 'sql', 'statistics', 'tableau', 'tensorflow']"
1056,CONSTRUCTION,2.5,4.17,0.0,1,23,['r'],"['agile', 'aws', 'azure', 'communication', 'computer vision', 'data analysis', 'data mining', 'data visualization', 'deep learning', 'git', 'machine learning', 'matplotlib', 'neural network', 'nlp', 'numpy', 'pandas', 'python', 'pytorch', 'scikit', 'sql', 'statistics', 'tableau', 'tensorflow']"
1057,CONSTRUCTION,2.5,4.17,0.0,1,23,['r'],"['agile', 'aws', 'azure', 'communication', 'computer vision', 'data analysis', 'data mining', 'data visualization', 'deep learning', 'git', 'machine learning', 'matplotlib', 'neural network', 'nlp', 'numpy', 'pandas', 'python', 'pytorch', 'scikit', 'sql', 'statistics', 'tableau', 'tensorflow']"
1058,CONSTRUCTION,2.5,4.17,0.0,1,23,['r'],"['agile', 'aws', 'azure', 'communication', 'computer vision', 'data analysis', 'data mining', 'data visualization', 'deep learning', 'git', 'machine learning', 'matplotlib', 'neural network', 'nlp', 'numpy', 'pandas', 'python', 'pytorch', 'scikit', 'sql', 'statistics', 'tableau', 'tensorflow']"
1059,CONSTRUCTION,2.5,4.17,0.0,1,23,['r'],"['agile', 'aws', 'azure', 'communication', 'computer vision', 'data analysis', 'data mining', 'data visualization', 'deep learning', 'git', 'machine learning', 'matplotlib', 'neural network', 'nlp', 'numpy', 'pandas', 'python', 'pytorch', 'scikit', 'sql', 'statistics', 'tableau', 'tensorflow']"
1060,CONSTRUCTION,2.5,4.17,0.0,1,23,['r'],"['agile', 'aws', 'azure', 'communication', 'computer vision', 'data analysis', 'data mining', 'data visualization', 'deep learning', 'git', 'machine learning', 'matplotlib', 'neural network', 'nlp', 'numpy', 'pandas', 'python', 'pytorch', 'scikit', 'sql', 'statistics', 'tableau', 'tensorflow']"
1061,CONSTRUCTION,2.5,4.17,0.0,1,23,['r'],"['agile', 'aws', 'azure', 'communication', 'computer vision', 'data analysis', 'data mining', 'data visualization', 'deep learning', 'git', 'machine learning', 'matplotlib', 'neural network', 'nlp', 'numpy', 'pandas', 'python', 'pytorch', 'scikit', 'sql', 'statistics', 'tableau', 'tensorflow']"
1062,CONSTRUCTION,2.5,4.17,0.0,1,23,['r'],"['agile', 'aws', 'azure', 'communication', 'computer vision', 'data analysis', 'data mining', 'data visualization', 'deep learning', 'git', 'machine learning', 'matplotlib', 'neural network', 'nlp', 'numpy', 'pandas', 'python', 'pytorch', 'scikit', 'sql', 'statistics', 'tableau', 'tensorflow']"
1063,CONSTRUCTION,2.5,4.17,0.0,1,23,['r'],"['agile', 'aws', 'azure', 'communication', 'computer vision', 'data analysis', 'data mining', 'data visualization', 'deep learning', 'git', 'machine learning', 'matplotlib', 'neural network', 'nlp', 'numpy', 'pandas', 'python', 'pytorch', 'scikit', 'sql', 'statistics', 'tableau', 'tensorflow']"
1064,CONSTRUCTION,2.5,4.17,0.0,1,23,['r'],"['agile', 'aws', 'azure', 'communication', 'computer vision', 'data analysis', 'data mining', 'data visualization', 'deep learning', 'git', 'machine learning', 'matplotlib', 'neural network', 'nlp', 'numpy', 'pandas', 'python', 'pytorch', 'scikit', 'sql', 'statistics', 'tableau', 'tensorflow']"
1065,CONSTRUCTION,2.5,4.17,0.0,1,23,['r'],"['agile', 'aws', 'azure', 'communication', 'computer vision', 'data analysis', 'data mining', 'data visualization', 'deep learning', 'git', 'machine learning', 'matplotlib', 'neural network', 'nlp', 'numpy', 'pandas', 'python', 'pytorch', 'scikit', 'sql', 'statistics', 'tableau', 'tensorflow']"
1066,CONSTRUCTION,2.5,4.17,0.0,1,23,['r'],"['agile', 'aws', 'azure', 'communication', 'computer vision', 'data analysis', 'data mining', 'data visualization', 'deep learning', 'git', 'machine learning', 'matplotlib', 'neural network', 'nlp', 'numpy', 'pandas', 'python', 'pytorch', 'scikit', 'sql', 'statistics', 'tableau', 'tensorflow']"
1067,ACCOUNTANT,2.5,4.17,0.0,1,23,['r'],"['agile', 'aws', 'azure', 'communication', 'computer vision', 'data analysis', 'data mining', 'data visualization', 'deep learning', 'git', 'machine learning', 'matplotlib', 'neural network', 'nlp', 'numpy', 'pandas', 'python', 'pytorch', 'scikit', 'sql', 'statistics', 'tableau', 'tensorflow']"
1068,ACCOUNTANT,2.5,4.17,0.0,1,23,['r'],"['agile', 'aws', 'azure', 'communication', 'computer vision', 'data analysis', 'data mining', 'data visualization', 'deep learning', 'git', 'machine learning', 'matplotlib', 'neural network', 'nlp', 'numpy', 'pandas', 'python', 'pytorch', 'scikit', 'sql', 'statistics', 'tableau', 'tensorflow']"
1069,ACCOUNTANT,2.5,4.17,0.0,1,23,['r'],"['agile', 'aws', 'azure', 'communication', 'computer vision', 'data analysis', 'data mining', 'data visualization', 'deep learning', 'git', 'machine learning', 'matplotlib', 'neural network', 'nlp', 'numpy', 'pandas', 'python', 'pytorch', 'scikit', 'sql', 'statistics', 'tableau', 'tensorflow']"
1070,ACCOUNTANT,2.5,4.17,0.0,1,23,['r'],"['agile', 'aws', 'azure', 'communication', 'computer vision', 'data analysis', 'data mining', 'data visualization', 'deep learning', 'git', 'machine learning', 'matplotlib', 'neural network', 'nlp', 'numpy', 'pandas', 'python', 'pytorch', 'scikit', 'sql', 'statistics', 'tableau', 'tensorflow']"
1071,ACCOUNTANT,2.5,4.17,0.0,1,23,['r'],"['agile', 'aws', 'azure', 'communication', 'computer vision', 'data analysis', 'data mining', 'data visualization', 'deep learning', 'git', 'machine learning', 'matplotlib', 'neural network', 'nlp', 'numpy', 'pandas', 'python', 'pytorch', 'scikit', 'sql', 'statistics', 'tableau', 'tensorflow']"
1072,ACCOUNTANT,2.5,4.17,0.0,1,23,['r'],"['agile', 'aws', 'azure', 'communication', 'computer vision', 'data analysis', 'data mining', 'data visualization', 'deep learning', 'git', 'machine learning', 'matplotlib', 'neural network', 'nlp', 'numpy', 'pandas', 'python', 'pytorch', 'scikit', 'sql', 'statistics', 'tableau', 'tensorflow']"
1073,ACCOUNTANT,2.5,4.17,0.0,1,23,['r'],"['agile', 'aws', 'azure', 'communication', 'computer vision', 'data analysis', 'data mining', 'data visualization', 'deep learning', 'git', 'machine learning', 'matplotlib', 'neural network', 'nlp', 'numpy', 'pandas', 'python', 'pytorch', 'scikit', 'sql', 'statistics', 'tableau', 'tensorflow']"
1074,ACCOUNTANT,2.5,4.17,0.0,1,23,['r'],"['agile', 'aws', 'azure', 'communication', 'computer vision', 'data analysis', 'data mining', 'data visualization', 'deep learning', 'git', 'machine learning', 'matplotlib', 'neural network', 'nlp', 'numpy', 'pandas', 'python', 'pytorch', 'scikit', 'sql', 'statistics', 'tableau', 'tensorflow']"
1075,ACCOUNTANT,2.5,4.17,0.0,1,23,['r'],"['agile', 'aws', 'azure', 'communication', 'computer vision', 'data analysis', 'data mining', 'data visualization', 'deep learning', 'git', 'machine learning', 'matplotlib', 'neural network', 'nlp', 'numpy', 'pandas', 'python', 'pytorch', 'scikit', 'sql', 'statistics', 'tableau', 'tensorflow']"
1076,ACCOUNTANT,2.5,4.17,0.0,1,23,['r'],"['agile', 'aws', 'azure', 'communication', 'computer vision', 'data analysis', 'data mining', 'data visualization', 'deep learning', 'git', 'machine learning', 'matplotlib', 'neural network', 'nlp', 'numpy', 'pandas', 'python', 'pytorch', 'scikit', 'sql', 'statistics', 'tableau', 'tensorflow']"
1077,ACCOUNTANT,2.5,4.17,0.0,1,23,['r'],"['agile', 'aws', 'azure', 'communication', 'computer vision', 'data analysis', 'data mining', 'data visualization', 'deep learning', 'git', 'machine learning', 'matplotlib', 'neural network', 'nlp', 'numpy', 'pandas', 'python', 'pytorch', 'scikit', 'sql', 'statistics', 'tableau', 'tensorflow']"
1078,ACCOUNTANT,2.5,4.17,0.0,1,23,['r'],"['agile', 'aws', 'azure', 'communication', 'computer vision', 'data analysis', 'data mining', 'data visualization', 'deep learning', 'git', 'machine learning', 'matplotlib', 'neural network', 'nlp', 'numpy', 'pandas', 'python', 'pytorch', 'scikit', 'sql', 'statistics', 'tableau', 'tensorflow']"
1079,ACCOUNTANT,2.5,4.17,0.0,1,23,['r'],"['agile', 'aws', 'azure', 'communication', 'computer vision', 'data analysis', 'data mining', 'data visualization', 'deep learning', 'git', 'machine learning', 'matplotlib', 'neural network', 'nlp', 'numpy', 'pandas', 'python', 'pytorch', 'scikit', 'sql', 'statistics', 'tableau', 'tensorflow']"
1080,ACCOUNTANT,2.5,4.17,0.0,1,23,['r'],"['agile', 'aws', 'azure', 'communication', 'computer vision', 'data analysis', 'data mining', 'data visualization', 'deep learning', 'git', 'machine learning', 'matplotlib', 'neural network', 'nlp', 'numpy', 'pandas', 'python', 'pytorch', 'scikit', 'sql', 'statistics', 'tableau', 'tensorflow']"
1081,ACCOUNTANT,2.5,4.17,0.0,1,23,['r'],"['agile', 'aws', 'azure', 'communication', 'computer vision', 'data analysis', 'data mining', 'data visualization', 'deep learning', 'git', 'machine learning', 'matplotlib', 'neural network', 'nlp', 'numpy', 'pandas', 'python', 'pytorch', 'scikit', 'sql', 'statistics', 'tableau', 'tensorflow']"
1082,ACCOUNTANT,2.5,4.17,0.0,1,23,['r'],"['agile', 'aws', 'azure', 'communication', 'computer vision', 'data analysis', 'data mining', 'data visualization', 'deep learning', 'git', 'machine learning', 'matplotlib', 'neural network', 'nlp', 'numpy', 'pandas', 'python', 'pytorch', 'scikit', 'sql', 'statistics', 'tableau', 'tensorflow']"
1083,ACCOUNTANT,2.5,4.17,0.0,1,23,['r'],"['agile', 'aws', 'azure', 'communication', 'computer vision', 'data analysis', 'data mining', 'data visualization', 'deep learning', 'git', 'machine learning', 'matplotlib', 'neural network', 'nlp', 'numpy', 'pandas', 'python', 'pytorch', 'scikit', 'sql', 'statistics', 'tableau', 'tensorflow']"
1084,ACCOUNTANT,2.5,4.17,0.0,1,23,['r'],"['agile', 'aws', 'azure', 'communication', 'computer vision', 'data analysis', 'data mining', 'data visualization', 'deep learning', 'git', 'machine learning', 'matplotlib', 'neural network', 'nlp', 'numpy', 'pandas', 'python', 'pytorch', 'scikit', 'sql', 'statistics', 'tableau', 'tensorflow']"
1085,ACCOUNTANT,2.5,4.17,0.0,1,23,['r'],"['agile', 'aws', 'azure', 'communication', 'computer vision', 'data analysis', 'data mining', 'data visualization', 'deep learning', 'git', 'machine learning', 'matplotlib', 'neural network', 'nlp', 'numpy', 'pandas', 'python', 'pytorch', 'scikit', 'sql', 'statistics', 'tableau', 'tensorflow']"
1086,ACCOUNTANT,2.5,4.17,0.0,1,23,['r'],"['agile', 'aws', 'azure', 'communication', 'computer vision', 'data analysis', 'data mining', 'data visualization', 'deep learning', 'git', 'machine learning', 'matplotlib', 'neural network', 'nlp', 'numpy', 'pandas', 'python', 'pytorch', 'scikit', 'sql', 'statistics', 'tableau', 'tensorflow']"
1087,ACCOUNTANT,2.5,4.17,0.0,1,23,['r'],"['agile', 'aws', 'azure', 'communication', 'computer vision', 'data analysis', 'data mining', 'data visualization', 'deep learning', 'git', 'machine learning', 'matplotlib', 'neural network', 'nlp', 'numpy', 'pandas', 'python', 'pytorch', 'scikit', 'sql', 'statistics', 'tableau', 'tensorflow']"
1088,ACCOUNTANT,2.5,4.17,0.0,1,23,['r'],"['agile', 'aws', 'azure', 'communication', 'computer vision', 'data analysis', 'data mining', 'data visualization', 'deep learning', 'git', 'machine learning', 'matplotlib', 'neural network', 'nlp', 'numpy', 'pandas', 'python', 'pytorch', 'scikit', 'sql', 'statistics', 'tableau', 'tensorflow']"
1089,ACCOUNTANT,2.5,4.17,0.0,1,23,['r'],"['agile', 'aws', 'azure', 'communication', 'computer vision', 'data analysis', 'data mining', 'data visualization', 'deep learning', 'git', 'machine learning', 'matplotlib', 'neural network', 'nlp', 'numpy', 'pandas', 'python', 'pytorch', 'scikit', 'sql', 'statistics', 'tableau', 'tensorflow']"
1090,ACCOUNTANT,2.5,4.17,0.0,1,23,['r'],"['agile', 'aws', 'azure', 'communication', 'computer vision', 'data analysis', 'data mining', 'data visualization', 'deep learning', 'git', 'machine learning', 'matplotlib', 'neural network', 'nlp', 'numpy', 'pandas', 'python', 'pytorch', 'scikit', 'sql', 'statistics', 'tableau', 'tensorflow']"
1091,ACCOUNTANT,2.5,4.17,0.0,1,23,['r'],"['agile', 'aws', 'azure', 'communication', 'computer vision', 'data analysis', 'data mining', 'data visualization', 'deep learning', 'git', 'machine learning', 'matplotlib', 'neural network', 'nlp', 'numpy', 'pandas', 'python', 'pytorch', 'scikit', 'sql', 'statistics', 'tableau', 'tensorflow']"
1092,ACCOUNTANT,2.5,4.17,0.0,1,23,['r'],"['agile', 'aws', 'azure', 'communication', 'computer vision', 'data analysis', 'data mining', 'data visualization', 'deep learning', 'git', 'machine learning', 'matplotlib', 'neural network', 'nlp', 'numpy', 'pandas', 'python', 'pytorch', 'scikit', 'sql', 'statistics', 'tableau', 'tensorflow']"
1093,ACCOUNTANT,2.5,4.17,0.0,1,23,['r'],"['agile', 'aws', 'azure', 'communication', 'computer vision', 'data analysis', 'data mining', 'data visualization', 'deep learning', 'git', 'machine learning', 'matplotlib', 'neural network', 'nlp', 'numpy', 'pandas', 'python', 'pytorch', 'scikit', 'sql', 'statistics', 'tableau', 'tensorflow']"
1094,ACCOUNTANT,2.5,4.17,0.0,1,23,['r'],"['agile', 'aws', 'azure', 'communication', 'computer vision', 'data analysis', 'data mining', 'data visualization', 'deep learning', 'git', 'machine learning', 'matplotlib', 'neural network', 'nlp', 'numpy', 'pandas', 'python', 'pytorch', 'scikit', 'sql', 'statistics', 'tableau', 'tensorflow']"
1095,ACCOUNTANT,2.5,4.17,0.0,1,23,['r'],"['agile', 'aws', 'azure', 'communication', 'computer vision', 'data analysis', 'data mining', 'data visualization', 'deep learning', 'git', 'machine learning', 'matplotlib', 'neural network', 'nlp', 'numpy', 'pandas', 'python', 'pytorch', 'scikit', 'sql', 'statistics', 'tableau', 'tensorflow']"
1096,ACCOUNTANT,2.5,4.17,0.0,1,23,['r'],"['agile', 'aws', 'azure', 'communication', 'computer vision', 'data analysis', 'data mining', 'data visualization', 'deep learning', 'git', 'machine learning', 'matplotlib', 'neural network', 'nlp', 'numpy', 'pandas', 'python', 'pytorch', 'scikit', 'sql', 'statistics', 'tableau', 'tensorflow']"
1097,ACCOUNTANT,2.5,4.17,0.0,1,23,['r'],"['agile', 'aws', 'azure', 'communication', 'computer vision', 'data analysis', 'data mining', 'data visualization', 'deep learning', 'git', 'machine learning', 'matplotlib', 'neural network', 'nlp', 'numpy', 'pandas', 'python', 'pytorch', 'scikit', 'sql', 'statistics', 'tableau', 'tensorflow']"
1098,ACCOUNTANT,2.5,4.17,0.0,1,23,['r'],"['agile', 'aws', 'azure', 'communication', 'computer vision', 'data analysis', 'data mining', 'data visualization', 'deep learning', 'git', 'machine learning', 'matplotlib', 'neural network', 'nlp', 'numpy', 'pandas', 'python', 'pytorch', 'scikit', 'sql', 'statistics', 'tableau', 'tensorflow']"
1099,ACCOUNTANT,2.5,4.17,0.0,1,23,['r'],"['agile', 'aws', 'azure', 'communication', 'computer vision', 'data analysis', 'data mining', 'data visualization', 'deep learning', 'git', 'machine learning', 'matplotlib', 'neural network', 'nlp', 'numpy', 'pandas', 'python', 'pytorch', 'scikit', 'sql', 'statistics', 'tableau', 'tensorflow']"
1100,ACCOUNTANT,2.5,4.17,0.0,1,23,['r'],"['agile', 'aws', 'azure', 'communication', 'computer vision', 'data analysis', 'data mining', 'data visualization', 'deep learning', 'git', 'machine learning', 'matplotlib', 'neural network', 'nlp', 'numpy', 'pandas', 'python', 'pytorch', 'scikit', 'sql', 'statistics', 'tableau', 'tensorflow']"
1101,ACCOUNTANT,2.5,4.17,0.0,1,23,['r'],"['agile', 'aws', 'azure', 'communication', 'computer vision', 'data analysis', 'data mining', 'data visualization', 'deep learning', 'git', 'machine learning', 'matplotlib', 'neural network', 'nlp', 'numpy', 'pandas', 'python', 'pytorch', 'scikit', 'sql', 'statistics', 'tableau', 'tensorflow']"
1102,ACCOUNTANT,2.5,4.17,0.0,1,23,['r'],"['agile', 'aws', 'azure', 'communication', 'computer vision', 'data analysis', 'data mining', 'data visualization', 'deep learning', 'git', 'machine learning', 'matplotlib', 'neural network', 'nlp', 'numpy', 'pandas', 'python', 'pytorch', 'scikit', 'sql', 'statistics', 'tableau', 'tensorflow']"
1103,ACCOUNTANT,2.5,4.17,0.0,1,23,['r'],"['agile', 'aws', 'azure', 'communication', 'computer vision', 'data analysis', 'data mining', 'data visualization', 'deep learning', 'git', 'machine learning', 'matplotlib', 'neural network', 'nlp', 'numpy', 'pandas', 'python', 'pytorch', 'scikit', 'sql', 'statistics', 'tableau', 'tensorflow']"
1104,ACCOUNTANT,2.5,4.17,0.0,1,23,['r'],"['agile', 'aws', 'azure', 'communication', 'computer vision', 'data analysis', 'data mining', 'data visualization', 'deep learning', 'git', 'machine learning', 'matplotlib', 'neural network', 'nlp', 'numpy', 'pandas', 'python', 'pytorch', 'scikit', 'sql', 'statistics', 'tableau', 'tensorflow']"
1105,ACCOUNTANT,2.5,4.17,0.0,1,23,['r'],"['agile', 'aws', 'azure', 'communication', 'computer vision', 'data analysis', 'data mining', 'data visualization', 'deep learning', 'git', 'machine learning', 'matplotlib', 'neural network', 'nlp', 'numpy', 'pandas', 'python', 'pytorch', 'scikit', 'sql', 'statistics', 'tableau', 'tensorflow']"
1106,ACCOUNTANT,2.5,4.17,0.0,1,23,['r'],"['agile', 'aws', 'azure', 'communication', 'computer vision', 'data analysis', 'data mining', 'data visualization', 'deep learning', 'git', 'machine learning', 'matplotlib', 'neural network', 'nlp', 'numpy', 'pandas', 'python', 'pytorch', 'scikit', 'sql', 'statistics', 'tableau', 'tensorflow']"
1107,ACCOUNTANT,2.5,4.17,0.0,1,23,['r'],"['agile', 'aws', 'azure', 'communication', 'computer vision', 'data analysis', 'data mining', 'data visualization', 'deep learning', 'git', 'machine learning', 'matplotlib', 'neural network', 'nlp', 'numpy', 'pandas', 'python', 'pytorch', 'scikit', 'sql', 'statistics', 'tableau', 'tensorflow']"
1108,ACCOUNTANT,2.5,4.17,0.0,1,23,['r'],"['agile', 'aws', 'azure', 'communication', 'computer vision', 'data analysis', 'data mining', 'data visualization', 'deep learning', 'git', 'machine learning', 'matplotlib', 'neural network', 'nlp', 'numpy', 'pandas', 'python', 'pytorch', 'scikit', 'sql', 'statistics', 'tableau', 'tensorflow']"
1109,ACCOUNTANT,2.5,4.17,0.0,1,23,['r'],"['agile', 'aws', 'azure', 'communication', 'computer vision', 'data analysis', 'data mining', 'data visualization', 'deep learning', 'git', 'machine learning', 'matplotlib', 'neural network', 'nlp', 'numpy', 'pandas', 'python', 'pytorch', 'scikit', 'sql', 'statistics', 'tableau', 'tensorflow']"
1110,ACCOUNTANT,2.5,4.17,0.0,1,23,['r'],"['agile', 'aws', 'azure', 'communication', 'computer vision', 'data analysis', 'data mining', 'data visualization', 'deep learning', 'git', 'machine learning', 'matplotlib', 'neural network', 'nlp', 'numpy', 'pandas', 'python', 'pytorch', 'scikit', 'sql', 'statistics', 'tableau', 'tensorflow']"
1111,ACCOUNTANT,2.5,4.17,0.0,1,23,['r'],"['agile', 'aws', 'azure', 'communication', 'computer vision', 'data analysis', 'data mining', 'data visualization', 'deep learning', 'git', 'machine learning', 'matplotlib', 'neural network', 'nlp', 'numpy', 'pandas', 'python', 'pytorch', 'scikit', 'sql', 'statistics', 'tableau', 'tensorflow']"
1112,ACCOUNTANT,2.5,4.17,0.0,1,23,['r'],"['agile', 'aws', 'azure', 'communication', 'computer vision', 'data analysis', 'data mining', 'data visualization', 'deep learning', 'git', 'machine learning', 'matplotlib', 'neural network', 'nlp', 'numpy', 'pandas', 'python', 'pytorch', 'scikit', 'sql', 'statistics', 'tableau', 'tensorflow']"
1113,ACCOUNTANT,2.5,4.17,0.0,1,23,['r'],"['agile', 'aws', 'azure', 'communication', 'computer vision', 'data analysis', 'data mining', 'data visualization', 'deep learning', 'git', 'machine learning', 'matplotlib', 'neural network', 'nlp', 'numpy', 'pandas', 'python', 'pytorch', 'scikit', 'sql', 'statistics', 'tableau', 'tensorflow']"
1114,ACCOUNTANT,2.5,4.17,0.0,1,23,['r'],"['agile', 'aws', 'azure', 'communication', 'computer vision', 'data analysis', 'data mining', 'data visualization', 'deep learning', 'git', 'machine learning', 'matplotlib', 'neural network', 'nlp', 'numpy', 'pandas', 'python', 'pytorch', 'scikit', 'sql', 'statistics', 'tableau', 'tensorflow']"
1115,ACCOUNTANT,2.5,4.17,0.0,1,23,['r'],"['agile', 'aws', 'azure', 'communication', 'computer vision', 'data analysis', 'data mining', 'data visualization', 'deep learning', 'git', 'machine learning', 'matplotlib', 'neural network', 'nlp', 'numpy', 'pandas', 'python', 'pytorch', 'scikit', 'sql', 'statistics', 'tableau', 'tensorflow']"
1116,ACCOUNTANT,2.5,4.17,0.0,1,23,['r'],"['agile', 'aws', 'azure', 'communication', 'computer vision', 'data analysis', 'data mining', 'data visualization', 'deep learning', 'git', 'machine learning', 'matplotlib', 'neural network', 'nlp', 'numpy', 'pandas', 'python', 'pytorch', 'scikit', 'sql', 'statistics', 'tableau', 'tensorflow']"
1117,ACCOUNTANT,2.5,4.17,0.0,1,23,['r'],"['agile', 'aws', 'azure', 'communication', 'computer vision', 'data analysis', 'data mining', 'data visualization', 'deep learning', 'git', 'machine learning', 'matplotlib', 'neural network', 'nlp', 'numpy', 'pandas', 'python', 'pytorch', 'scikit', 'sql', 'statistics', 'tableau', 'tensorflow']"
1118,ACCOUNTANT,2.5,4.17,0.0,1,23,['r'],"['agile', 'aws', 'azure', 'communication', 'computer vision', 'data analysis', 'data mining', 'data visualization', 'deep learning', 'git', 'machine learning', 'matplotlib', 'neural network', 'nlp', 'numpy', 'pandas', 'python', 'pytorch', 'scikit', 'sql', 'statistics', 'tableau', 'tensorflow']"
1119,ACCOUNTANT,2.5,4.17,0.0,1,23,['r'],"['agile', 'aws', 'azure', 'communication', 'computer vision', 'data analysis', 'data mining', 'data visualization', 'deep learning', 'git', 'machine learning', 'matplotlib', 'neural network', 'nlp', 'numpy', 'pandas', 'python', 'pytorch', 'scikit', 'sql', 'statistics', 'tableau', 'tensorflow']"
1120,ACCOUNTANT,2.5,4.17,0.0,1,23,['r'],"['agile', 'aws', 'azure', 'communication', 'computer vision', 'data analysis', 'data mining', 'data visualization', 'deep learning', 'git', 'machine learning', 'matplotlib', 'neural network', 'nlp', 'numpy', 'pandas', 'python', 'pytorch', 'scikit', 'sql', 'statistics', 'tableau', 'tensorflow']"
1121,ACCOUNTANT,2.5,4.17,0.0,1,23,['r'],"['agile', 'aws', 'azure', 'communication', 'computer vision', 'data analysis', 'data mining', 'data visualization', 'deep learning', 'git', 'machine learning', 'matplotlib', 'neural network', 'nlp', 'numpy', 'pandas', 'python', 'pytorch', 'scikit', 'sql', 'statistics', 'tableau', 'tensorflow']"
1122,ACCOUNTANT,2.5,4.17,0.0,1,23,['r'],"['agile', 'aws', 'azure', 'communication', 'computer vision', 'data analysis', 'data mining', 'data visualization', 'deep learning', 'git', 'machine learning', 'matplotlib', 'neural network', 'nlp', 'numpy', 'pandas', 'python', 'pytorch', 'scikit', 'sql', 'statistics', 'tableau', 'tensorflow']"
1123,ACCOUNTANT,2.5,4.17,0.0,1,23,['r'],"['agile', 'aws', 'azure', 'communication', 'computer vision', 'data analysis', 'data mining', 'data visualization', 'deep learning', 'git', 'machine learning', 'matplotlib', 'neural network', 'nlp', 'numpy', 'pandas', 'python', 'pytorch', 'scikit', 'sql', 'statistics', 'tableau', 'tensorflow']"
1124,ACCOUNTANT,2.5,4.17,0.0,1,23,['r'],"['agile', 'aws', 'azure', 'communication', 'computer vision', 'data analysis', 'data mining', 'data visualization', 'deep learning', 'git', 'machine learning', 'matplotlib', 'neural network', 'nlp', 'numpy', 'pandas', 'python', 'pytorch', 'scikit', 'sql', 'statistics', 'tableau', 'tensorflow']"
1125,ACCOUNTANT,2.5,4.17,0.0,1,23,['r'],"['agile', 'aws', 'azure', 'communication', 'computer vision', 'data analysis', 'data mining', 'data visualization', 'deep learning', 'git', 'machine learning', 'matplotlib', 'neural network', 'nlp', 'numpy', 'pandas', 'python', 'pytorch', 'scikit', 'sql', 'statistics', 'tableau', 'tensorflow']"
1126,ACCOUNTANT,2.5,4.17,0.0,1,23,['r'],"['agile', 'aws', 'azure', 'communication', 'computer vision', 'data analysis', 'data mining', 'data visualization', 'deep learning', 'git', 'machine learning', 'matplotlib', 'neural network', 'nlp', 'numpy', 'pandas', 'python', 'pytorch', 'scikit', 'sql', 'statistics', 'tableau', 'tensorflow']"
1127,ACCOUNTANT,2.5,4.17,0.0,1,23,['r'],"['agile', 'aws', 'azure', 'communication', 'computer vision', 'data analysis', 'data mining', 'data visualization', 'deep learning', 'git', 'machine learning', 'matplotlib', 'neural network', 'nlp', 'numpy', 'pandas', 'python', 'pytorch', 'scikit', 'sql', 'statistics', 'tableau', 'tensorflow']"
1128,ACCOUNTANT,2.5,4.17,0.0,1,23,['r'],"['agile', 'aws', 'azure', 'communication', 'computer vision', 'data analysis', 'data mining', 'data visualization', 'deep learning', 'git', 'machine learning', 'matplotlib', 'neural network', 'nlp', 'numpy', 'pandas', 'python', 'pytorch', 'scikit', 'sql', 'statistics', 'tableau', 'tensorflow']"
1129,ACCOUNTANT,2.5,4.17,0.0,1,23,['r'],"['agile', 'aws', 'azure', 'communication', 'computer vision', 'data analysis', 'data mining', 'data visualization', 'deep learning', 'git', 'machine learning', 'matplotlib', 'neural network', 'nlp', 'numpy', 'pandas', 'python', 'pytorch', 'scikit', 'sql', 'statistics', 'tableau', 'tensorflow']"
1130,DIGITAL-MEDIA,2.5,4.17,0.0,1,23,['r'],"['agile', 'aws', 'azure', 'communication', 'computer vision', 'data analysis', 'data mining', 'data visualization', 'deep learning', 'git', 'machine learning', 'matplotlib', 'neural network', 'nlp', 'numpy', 'pandas', 'python', 'pytorch', 'scikit', 'sql', 'statistics', 'tableau', 'tensorflow']"
1131,ACCOUNTANT,2.5,4.17,0.0,1,23,['r'],"['agile', 'aws', 'azure', 'communication', 'computer vision', 'data analysis', 'data mining', 'data visualization', 'deep learning', 'git', 'machine learning', 'matplotlib', 'neural network', 'nlp', 'numpy', 'pandas', 'python', 'pytorch', 'scikit', 'sql', 'statistics', 'tableau', 'tensorflow']"
1132,ACCOUNTANT,2.5,4.17,0.0,1,23,['r'],"['agile', 'aws', 'azure', 'communication', 'computer vision', 'data analysis', 'data mining', 'data visualization', 'deep learning', 'git', 'machine learning', 'matplotlib', 'neural network', 'nlp', 'numpy', 'pandas', 'python', 'pytorch', 'scikit', 'sql', 'statistics', 'tableau', 'tensorflow']"
1133,ACCOUNTANT,2.5,4.17,0.0,1,23,['r'],"['agile', 'aws', 'azure', 'communication', 'computer vision', 'data analysis', 'data mining', 'data visualization', 'deep learning', 'git', 'machine learning', 'matplotlib', 'neural network', 'nlp', 'numpy', 'pandas', 'python', 'pytorch', 'scikit', 'sql', 'statistics', 'tableau', 'tensorflow']"
1134,ACCOUNTANT,2.5,4.17,0.0,1,23,['r'],"['agile', 'aws', 'azure', 'communication', 'computer vision', 'data analysis', 'data mining', 'data visualization', 'deep learning', 'git', 'machine learning', 'matplotlib', 'neural network', 'nlp', 'numpy', 'pandas', 'python', 'pytorch', 'scikit', 'sql', 'statistics', 'tableau', 'tensorflow']"
1135,ACCOUNTANT,2.5,4.17,0.0,1,23,['r'],"['agile', 'aws', 'azure', 'communication', 'computer vision', 'data analysis', 'data mining', 'data visualization', 'deep learning', 'git', 'machine learning', 'matplotlib', 'neural network', 'nlp', 'numpy', 'pandas', 'python', 'pytorch', 'scikit', 'sql', 'statistics', 'tableau', 'tensorflow']"
1136,ACCOUNTANT,2.5,4.17,0.0,1,23,['r'],"['agile', 'aws', 'azure', 'communication', 'computer vision', 'data analysis', 'data mining', 'data visualization', 'deep learning', 'git', 'machine learning', 'matplotlib', 'neural network', 'nlp', 'numpy', 'pandas', 'python', 'pytorch', 'scikit', 'sql', 'statistics', 'tableau', 'tensorflow']"
1137,ACCOUNTANT,2.5,4.17,0.0,1,23,['r'],"['agile', 'aws', 'azure', 'communication', 'computer vision', 'data analysis', 'data mining', 'data visualization', 'deep learning', 'git', 'machine learning', 'matplotlib', 'neural network', 'nlp', 'numpy', 'pandas', 'python', 'pytorch', 'scikit', 'sql', 'statistics', 'tableau', 'tensorflow']"
1138,ACCOUNTANT,2.5,4.17,0.0,1,23,['r'],"['agile', 'aws', 'azure', 'communication', 'computer vision', 'data analysis', 'data mining', 'data visualization', 'deep learning', 'git', 'machine learning', 'matplotlib', 'neural network', 'nlp', 'numpy', 'pandas', 'python', 'pytorch', 'scikit', 'sql', 'statistics', 'tableau', 'tensorflow']"
1139,ACCOUNTANT,2.5,4.17,0.0,1,23,['r'],"['agile', 'aws', 'azure', 'communication', 'computer vision', 'data analysis', 'data mining', 'data visualization', 'deep learning', 'git', 'machine learning', 'matplotlib', 'neural network', 'nlp', 'numpy', 'pandas', 'python', 'pytorch', 'scikit', 'sql', 'statistics', 'tableau', 'tensorflow']"
1140,ACCOUNTANT,2.5,4.17,0.0,1,23,['r'],"['agile', 'aws', 'azure', 'communication', 'computer vision', 'data analysis', 'data mining', 'data visualization', 'deep learning', 'git', 'machine learning', 'matplotlib', 'neural network', 'nlp', 'numpy', 'pandas', 'python', 'pytorch', 'scikit', 'sql', 'statistics', 'tableau', 'tensorflow']"
1141,ACCOUNTANT,2.5,4.17,0.0,1,23,['r'],"['agile', 'aws', 'azure', 'communication', 'computer vision', 'data analysis', 'data mining', 'data visualization', 'deep learning', 'git', 'machine learning', 'matplotlib', 'neural network', 'nlp', 'numpy', 'pandas', 'python', 'pytorch', 'scikit', 'sql', 'statistics', 'tableau', 'tensorflow']"
1142,PUBLIC-RELATIONS,2.5,4.17,0.0,1,23,['r'],"['agile', 'aws', 'azure', 'communication', 'computer vision', 'data analysis', 'data mining', 'data visualization', 'deep learning', 'git', 'machine learning', 'matplotlib', 'neural network', 'nlp', 'numpy', 'pandas', 'python', 'pytorch', 'scikit', 'sql', 'statistics', 'tableau', 'tensorflow']"
1143,PUBLIC-RELATIONS,2.5,4.17,0.0,1,23,['r'],"['agile', 'aws', 'azure', 'communication', 'computer vision', 'data analysis', 'data mining', 'data visualization', 'deep learning', 'git', 'machine learning', 'matplotlib', 'neural network', 'nlp', 'numpy', 'pandas', 'python', 'pytorch', 'scikit', 'sql', 'statistics', 'tableau', 'tensorflow']"
1144,PUBLIC-RELATIONS,2.5,4.17,0.0,1,23,['r'],"['agile', 'aws', 'azure', 'communication', 'computer vision', 'data analysis', 'data mining', 'data visualization', 'deep learning', 'git', 'machine learning', 'matplotlib', 'neural network', 'nlp', 'numpy', 'pandas', 'python', 'pytorch', 'scikit', 'sql', 'statistics', 'tableau', 'tensorflow']"
1145,PUBLIC-RELATIONS,2.5,4.17,0.0,1,23,['r'],"['agile', 'aws', 'azure', 'communication', 'computer vision', 'data analysis', 'data mining', 'data visualization', 'deep learning', 'git', 'machine learning', 'matplotlib', 'neural network', 'nlp', 'numpy', 'pandas', 'python', 'pytorch', 'scikit', 'sql', 'statistics', 'tableau', 'tensorflow']"
1146,PUBLIC-RELATIONS,2.5,4.17,0.0,1,23,['r'],"['agile', 'aws', 'azure', 'communication', 'computer vision', 'data analysis', 'data mining', 'data visualization', 'deep learning', 'git', 'machine learning', 'matplotlib', 'neural network', 'nlp', 'numpy', 'pandas', 'python', 'pytorch', 'scikit', 'sql', 'statistics', 'tableau', 'tensorflow']"
1147,PUBLIC-RELATIONS,2.5,4.17,0.0,1,23,['r'],"['agile', 'aws', 'azure', 'communication', 'computer vision', 'data analysis', 'data mining', 'data visualization', 'deep learning', 'git', 'machine learning', 'matplotlib', 'neural network', 'nlp', 'numpy', 'pandas', 'python', 'pytorch', 'scikit', 'sql', 'statistics', 'tableau', 'tensorflow']"
1148,PUBLIC-RELATIONS,2.5,4.17,0.0,1,23,['r'],"['agile', 'aws', 'azure', 'communication', 'computer vision', 'data analysis', 'data mining', 'data visualization', 'deep learning', 'git', 'machine learning', 'matplotlib', 'neural network', 'nlp', 'numpy', 'pandas', 'python', 'pytorch', 'scikit', 'sql', 'statistics', 'tableau', 'tensorflow']"
1149,PUBLIC-RELATIONS,2.5,4.17,0.0,1,23,['r'],"['agile', 'aws', 'azure', 'communication', 'computer vision', 'data analysis', 'data mining', 'data visualization', 'deep learning', 'git', 'machine learning', 'matplotlib', 'neural network', 'nlp', 'numpy', 'pandas', 'python', 'pytorch', 'scikit', 'sql', 'statistics', 'tableau', 'tensorflow']"
1150,CONSTRUCTION,2.5,4.17,0.0,1,23,['r'],"['agile', 'aws', 'azure', 'communication', 'computer vision', 'data analysis', 'data mining', 'data visualization', 'deep learning', 'git', 'machine learning', 'matplotlib', 'neural network', 'nlp', 'numpy', 'pandas', 'python', 'pytorch', 'scikit', 'sql', 'statistics', 'tableau', 'tensorflow']"
1151,PUBLIC-RELATIONS,2.5,4.17,0.0,1,23,['r'],"['agile', 'aws', 'azure', 'communication', 'computer vision', 'data analysis', 'data mining', 'data visualization', 'deep learning', 'git', 'machine learning', 'matplotlib', 'neural network', 'nlp', 'numpy', 'pandas', 'python', 'pytorch', 'scikit', 'sql', 'statistics', 'tableau', 'tensorflow']"
1152,PUBLIC-RELATIONS,2.5,4.17,0.0,1,23,['r'],"['agile', 'aws', 'azure', 'communication', 'computer vision', 'data analysis', 'data mining', 'data visualization', 'deep learning', 'git', 'machine learning', 'matplotlib', 'neural network', 'nlp', 'numpy', 'pandas', 'python', 'pytorch', 'scikit', 'sql', 'statistics', 'tableau', 'tensorflow']"
1153,PUBLIC-RELATIONS,2.5,4.17,0.0,1,23,['r'],"['agile', 'aws', 'azure', 'communication', 'computer vision', 'data analysis', 'data mining', 'data visualization', 'deep learning', 'git', 'machine learning', 'matplotlib', 'neural network', 'nlp', 'numpy', 'pandas', 'python', 'pytorch', 'scikit', 'sql', 'statistics', 'tableau', 'tensorflow']"
1154,PUBLIC-RELATIONS,2.5,4.17,0.0,1,23,['r'],"['agile', 'aws', 'azure', 'communication', 'computer vision', 'data analysis', 'data mining', 'data visualization', 'deep learning', 'git', 'machine learning', 'matplotlib', 'neural network', 'nlp', 'numpy', 'pandas', 'python', 'pytorch', 'scikit', 'sql', 'statistics', 'tableau', 'tensorflow']"
1155,PUBLIC-RELATIONS,2.5,4.17,0.0,1,23,['r'],"['agile', 'aws', 'azure', 'communication', 'computer vision', 'data analysis', 'data mining', 'data visualization', 'deep learning', 'git', 'machine learning', 'matplotlib', 'neural network', 'nlp', 'numpy', 'pandas', 'python', 'pytorch', 'scikit', 'sql', 'statistics', 'tableau', 'tensorflow']"
1156,PUBLIC-RELATIONS,2.5,4.17,0.0,1,23,['r'],"['agile', 'aws', 'azure', 'communication', 'computer vision', 'data analysis', 'data mining', 'data visualization', 'deep learning', 'git', 'machine learning', 'matplotlib', 'neural network', 'nlp', 'numpy', 'pandas', 'python', 'pytorch', 'scikit', 'sql', 'statistics', 'tableau', 'tensorflow']"
1157,PUBLIC-RELATIONS,2.5,4.17,0.0,1,23,['r'],"['agile', 'aws', 'azure', 'communication', 'computer vision', 'data analysis', 'data mining', 'data visualization', 'deep learning', 'git', 'machine learning', 'matplotlib', 'neural network', 'nlp', 'numpy', 'pandas', 'python', 'pytorch', 'scikit', 'sql', 'statistics', 'tableau', 'tensorflow']"
1158,PUBLIC-RELATIONS,2.5,4.17,0.0,1,23,['r'],"['agile', 'aws', 'azure', 'communication', 'computer vision', 'data analysis', 'data mining', 'data visualization', 'deep learning', 'git', 'machine learning', 'matplotlib', 'neural network', 'nlp', 'numpy', 'pandas', 'python', 'pytorch', 'scikit', 'sql', 'statistics', 'tableau', 'tensorflow']"
1159,PUBLIC-RELATIONS,2.5,4.17,0.0,1,23,['r'],"['agile', 'aws', 'azure', 'communication', 'computer vision', 'data analysis', 'data mining', 'data visualization', 'deep learning', 'git', 'machine learning', 'matplotlib', 'neural network', 'nlp', 'numpy', 'pandas', 'python', 'pytorch', 'scikit', 'sql', 'statistics', 'tableau', 'tensorflow']"
1160,PUBLIC-RELATIONS,2.5,4.17,0.0,1,23,['r'],"['agile', 'aws', 'azure', 'communication', 'computer vision', 'data analysis', 'data mining', 'data visualization', 'deep learning', 'git', 'machine learning', 'matplotlib', 'neural network', 'nlp', 'numpy', 'pandas', 'python', 'pytorch', 'scikit', 'sql', 'statistics', 'tableau', 'tensorflow']"
1161,PUBLIC-RELATIONS,2.5,4.17,0.0,1,23,['r'],"['agile', 'aws', 'azure', 'communication', 'computer vision', 'data analysis', 'data mining', 'data visualization', 'deep learning', 'git', 'machine learning', 'matplotlib', 'neural network', 'nlp', 'numpy', 'pandas', 'python', 'pytorch', 'scikit', 'sql', 'statistics', 'tableau', 'tensorflow']"
1162,PUBLIC-RELATIONS,2.5,4.17,0.0,1,23,['r'],"['agile', 'aws', 'azure', 'communication', 'computer vision', 'data analysis', 'data mining', 'data visualization', 'deep learning', 'git', 'machine learning', 'matplotlib', 'neural network', 'nlp', 'numpy', 'pandas', 'python', 'pytorch', 'scikit', 'sql', 'statistics', 'tableau', 'tensorflow']"
1163,PUBLIC-RELATIONS,2.5,4.17,0.0,1,23,['r'],"['agile', 'aws', 'azure', 'communication', 'computer vision', 'data analysis', 'data mining', 'data visualization', 'deep learning', 'git', 'machine learning', 'matplotlib', 'neural network', 'nlp', 'numpy', 'pandas', 'python', 'pytorch', 'scikit', 'sql', 'statistics', 'tableau', 'tensorflow']"
1164,PUBLIC-RELATIONS,2.5,4.17,0.0,1,23,['r'],"['agile', 'aws', 'azure', 'communication', 'computer vision', 'data analysis', 'data mining', 'data visualization', 'deep learning', 'git', 'machine learning', 'matplotlib', 'neural network', 'nlp', 'numpy', 'pandas', 'python', 'pytorch', 'scikit', 'sql', 'statistics', 'tableau', 'tensorflow']"
1165,PUBLIC-RELATIONS,2.5,4.17,0.0,1,23,['r'],"['agile', 'aws', 'azure', 'communication', 'computer vision', 'data analysis', 'data mining', 'data visualization', 'deep learning', 'git', 'machine learning', 'matplotlib', 'neural network', 'nlp', 'numpy', 'pandas', 'python', 'pytorch', 'scikit', 'sql', 'statistics', 'tableau', 'tensorflow']"
1166,PUBLIC-RELATIONS,2.5,4.17,0.0,1,23,['r'],"['agile', 'aws', 'azure', 'communication', 'computer vision', 'data analysis', 'data mining', 'data visualization', 'deep learning', 'git', 'machine learning', 'matplotlib', 'neural network', 'nlp', 'numpy', 'pandas', 'python', 'pytorch', 'scikit', 'sql', 'statistics', 'tableau', 'tensorflow']"
1167,PUBLIC-RELATIONS,2.5,4.17,0.0,1,23,['r'],"['agile', 'aws', 'azure', 'communication', 'computer vision', 'data analysis', 'data mining', 'data visualization', 'deep learning', 'git', 'machine learning', 'matplotlib', 'neural network', 'nlp', 'numpy', 'pandas', 'python', 'pytorch', 'scikit', 'sql', 'statistics', 'tableau', 'tensorflow']"
1168,PUBLIC-RELATIONS,2.5,4.17,0.0,1,23,['r'],"['agile', 'aws', 'azure', 'communication', 'computer vision', 'data analysis', 'data mining', 'data visualization', 'deep learning', 'git', 'machine learning', 'matplotlib', 'neural network', 'nlp', 'numpy', 'pandas', 'python', 'pytorch', 'scikit', 'sql', 'statistics', 'tableau', 'tensorflow']"
1169,PUBLIC-RELATIONS,2.5,4.17,0.0,1,23,['r'],"['agile', 'aws', 'azure', 'communication', 'computer vision', 'data analysis', 'data mining', 'data visualization', 'deep learning', 'git', 'machine learning', 'matplotlib', 'neural network', 'nlp', 'numpy', 'pandas', 'python', 'pytorch', 'scikit', 'sql', 'statistics', 'tableau', 'tensorflow']"
1170,PUBLIC-RELATIONS,2.5,4.17,0.0,1,23,['r'],"['agile', 'aws', 'azure', 'communication', 'computer vision', 'data analysis', 'data mining', 'data visualization', 'deep learning', 'git', 'machine learning', 'matplotlib', 'neural network', 'nlp', 'numpy', 'pandas', 'python', 'pytorch', 'scikit', 'sql', 'statistics', 'tableau', 'tensorflow']"
1171,PUBLIC-RELATIONS,2.5,4.17,0.0,1,23,['r'],"['agile', 'aws', 'azure', 'communication', 'computer vision', 'data analysis', 'data mining', 'data visualization', 'deep learning', 'git', 'machine learning', 'matplotlib', 'neural network', 'nlp', 'numpy', 'pandas', 'python', 'pytorch', 'scikit', 'sql', 'statistics', 'tableau', 'tensorflow']"
1172,PUBLIC-RELATIONS,2.5,4.17,0.0,1,23,['r'],"['agile', 'aws', 'azure', 'communication', 'computer vision', 'data analysis', 'data mining', 'data visualization', 'deep learning', 'git', 'machine learning', 'matplotlib', 'neural network', 'nlp', 'numpy', 'pandas', 'python', 'pytorch', 'scikit', 'sql', 'statistics', 'tableau', 'tensorflow']"
1173,PUBLIC-RELATIONS,2.5,4.17,0.0,1,23,['r'],"['agile', 'aws', 'azure', 'communication', 'computer vision', 'data analysis', 'data mining', 'data visualization', 'deep learning', 'git', 'machine learning', 'matplotlib', 'neural network', 'nlp', 'numpy', 'pandas', 'python', 'pytorch', 'scikit', 'sql', 'statistics', 'tableau', 'tensorflow']"
1174,PUBLIC-RELATIONS,2.5,4.17,0.0,1,23,['r'],"['agile', 'aws', 'azure', 'communication', 'computer vision', 'data analysis', 'data mining', 'data visualization', 'deep learning', 'git', 'machine learning', 'matplotlib', 'neural network', 'nlp', 'numpy', 'pandas', 'python', 'pytorch', 'scikit', 'sql', 'statistics', 'tableau', 'tensorflow']"
1175,PUBLIC-RELATIONS,2.5,4.17,0.0,1,23,['r'],"['agile', 'aws', 'azure', 'communication', 'computer vision', 'data analysis', 'data mining', 'data visualization', 'deep learning', 'git', 'machine learning', 'matplotlib', 'neural network', 'nlp', 'numpy', 'pandas', 'python', 'pytorch', 'scikit', 'sql', 'statistics', 'tableau', 'tensorflow']"
1176,PUBLIC-RELATIONS,2.5,4.17,0.0,1,23,['r'],"['agile', 'aws', 'azure', 'communication', 'computer vision', 'data analysis', 'data mining', 'data visualization', 'deep learning', 'git', 'machine learning', 'matplotlib', 'neural network', 'nlp', 'numpy', 'pandas', 'python', 'pytorch', 'scikit', 'sql', 'statistics', 'tableau', 'tensorflow']"
1177,PUBLIC-RELATIONS,2.5,4.17,0.0,1,23,['r'],"['agile', 'aws', 'azure', 'communication', 'computer vision', 'data analysis', 'data mining', 'data visualization', 'deep learning', 'git', 'machine learning', 'matplotlib', 'neural network', 'nlp', 'numpy', 'pandas', 'python', 'pytorch', 'scikit', 'sql', 'statistics', 'tableau', 'tensorflow']"
1178,PUBLIC-RELATIONS,2.5,4.17,0.0,1,23,['r'],"['agile', 'aws', 'azure', 'communication', 'computer vision', 'data analysis', 'data mining', 'data visualization', 'deep learning', 'git', 'machine learning', 'matplotlib', 'neural network', 'nlp', 'numpy', 'pandas', 'python', 'pytorch', 'scikit', 'sql', 'statistics', 'tableau', 'tensorflow']"
1179,PUBLIC-RELATIONS,2.5,4.17,0.0,1,23,['r'],"['agile', 'aws', 'azure', 'communication', 'computer vision', 'data analysis', 'data mining', 'data visualization', 'deep learning', 'git', 'machine learning', 'matplotlib', 'neural network', 'nlp', 'numpy', 'pandas', 'python', 'pytorch', 'scikit', 'sql', 'statistics', 'tableau', 'tensorflow']"
1180,BANKING,2.5,4.17,0.0,1,23,['r'],"['agile', 'aws', 'azure', 'communication', 'computer vision', 'data analysis', 'data mining', 'data visualization', 'deep learning', 'git', 'machine learning', 'matplotlib', 'neural network', 'nlp', 'numpy', 'pandas', 'python', 'pytorch', 'scikit', 'sql', 'statistics', 'tableau', 'tensorflow']"
1181,BANKING,2.5,4.17,0.0,1,23,['r'],"['agile', 'aws', 'azure', 'communication', 'computer vision', 'data analysis', 'data mining', 'data visualization', 'deep learning', 'git', 'machine learning', 'matplotlib', 'neural network', 'nlp', 'numpy', 'pandas', 'python', 'pytorch', 'scikit', 'sql', 'statistics', 'tableau', 'tensorflow']"
1182,BANKING,2.5,4.17,0.0,1,23,['r'],"['agile', 'aws', 'azure', 'communication', 'computer vision', 'data analysis', 'data mining', 'data visualization', 'deep learning', 'git', 'machine learning', 'matplotlib', 'neural network', 'nlp', 'numpy', 'pandas', 'python', 'pytorch', 'scikit', 'sql', 'statistics', 'tableau', 'tensorflow']"
1183,BANKING,2.5,4.17,0.0,1,23,['r'],"['agile', 'aws', 'azure', 'communication', 'computer vision', 'data analysis', 'data mining', 'data visualization', 'deep learning', 'git', 'machine learning', 'matplotlib', 'neural network', 'nlp', 'numpy', 'pandas', 'python', 'pytorch', 'scikit', 'sql', 'statistics', 'tableau', 'tensorflow']"
1184,BANKING,2.5,4.17,0.0,1,23,['r'],"['agile', 'aws', 'azure', 'communication', 'computer vision', 'data analysis', 'data mining', 'data visualization', 'deep learning', 'git', 'machine learning', 'matplotlib', 'neural network', 'nlp', 'numpy', 'pandas', 'python', 'pytorch', 'scikit', 'sql', 'statistics', 'tableau', 'tensorflow']"
1185,BANKING,2.5,4.17,0.0,1,23,['r'],"['agile', 'aws', 'azure', 'communication', 'computer vision', 'data analysis', 'data mining', 'data visualization', 'deep learning', 'git', 'machine learning', 'matplotlib', 'neural network', 'nlp', 'numpy', 'pandas', 'python', 'pytorch', 'scikit', 'sql', 'statistics', 'tableau', 'tensorflow']"
1186,BANKING,2.5,4.17,0.0,1,23,['r'],"['agile', 'aws', 'azure', 'communication', 'computer vision', 'data analysis', 'data mining', 'data visualization', 'deep learning', 'git', 'machine learning', 'matplotlib', 'neural network', 'nlp', 'numpy', 'pandas', 'python', 'pytorch', 'scikit', 'sql', 'statistics', 'tableau', 'tensorflow']"
1187,PUBLIC-RELATIONS,2.5,4.17,0.0,1,23,['r'],"['agile', 'aws', 'azure', 'communication', 'computer vision', 'data analysis', 'data mining', 'data visualization', 'deep learning', 'git', 'machine learning', 'matplotlib', 'neural network', 'nlp', 'numpy', 'pandas', 'python', 'pytorch', 'scikit', 'sql', 'statistics', 'tableau', 'tensorflow']"
1188,BANKING,2.5,4.17,0.0,1,23,['r'],"['agile', 'aws', 'azure', 'communication', 'computer vision', 'data analysis', 'data mining', 'data visualization', 'deep learning', 'git', 'machine learning', 'matplotlib', 'neural network', 'nlp', 'numpy', 'pandas', 'python', 'pytorch', 'scikit', 'sql', 'statistics', 'tableau', 'tensorflow']"
1189,BANKING,2.5,4.17,0.0,1,23,['r'],"['agile', 'aws', 'azure', 'communication', 'computer vision', 'data analysis', 'data mining', 'data visualization', 'deep learning', 'git', 'machine learning', 'matplotlib', 'neural network', 'nlp', 'numpy', 'pandas', 'python', 'pytorch', 'scikit', 'sql', 'statistics', 'tableau', 'tensorflow']"
1190,BANKING,2.5,4.17,0.0,1,23,['r'],"['agile', 'aws', 'azure', 'communication', 'computer vision', 'data analysis', 'data mining', 'data visualization', 'deep learning', 'git', 'machine learning', 'matplotlib', 'neural network', 'nlp', 'numpy', 'pandas', 'python', 'pytorch', 'scikit', 'sql', 'statistics', 'tableau', 'tensorflow']"
1191,BANKING,2.5,4.17,0.0,1,23,['r'],"['agile', 'aws', 'azure', 'communication', 'computer vision', 'data analysis', 'data mining', 'data visualization', 'deep learning', 'git', 'machine learning', 'matplotlib', 'neural network', 'nlp', 'numpy', 'pandas', 'python', 'pytorch', 'scikit', 'sql', 'statistics', 'tableau', 'tensorflow']"
1192,BANKING,2.5,4.17,0.0,1,23,['r'],"['agile', 'aws', 'azure', 'communication', 'computer vision', 'data analysis', 'data mining', 'data visualization', 'deep learning', 'git', 'machine learning', 'matplotlib', 'neural network', 'nlp', 'numpy', 'pandas', 'python', 'pytorch', 'scikit', 'sql', 'statistics', 'tableau', 'tensorflow']"
1193,BANKING,2.5,4.17,0.0,1,23,['r'],"['agile', 'aws', 'azure', 'communication', 'computer vision', 'data analysis', 'data mining', 'data visualization', 'deep learning', 'git', 'machine learning', 'matplotlib', 'neural network', 'nlp', 'numpy', 'pandas', 'python', 'pytorch', 'scikit', 'sql', 'statistics', 'tableau', 'tensorflow']"
1194,BANKING,2.5,4.17,0.0,1,23,['r'],"['agile', 'aws', 'azure', 'communication', 'computer vision', 'data analysis', 'data mining', 'data visualization', 'deep learning', 'git', 'machine learning', 'matplotlib', 'neural network', 'nlp', 'numpy', 'pandas', 'python', 'pytorch', 'scikit', 'sql', 'statistics', 'tableau', 'tensorflow']"
1195,BANKING,2.5,4.17,0.0,1,23,['r'],"['agile', 'aws', 'azure', 'communication', 'computer vision', 'data analysis', 'data mining', 'data visualization', 'deep learning', 'git', 'machine learning', 'matplotlib', 'neural network', 'nlp', 'numpy', 'pandas', 'python', 'pytorch', 'scikit', 'sql', 'statistics', 'tableau', 'tensorflow']"
1196,BANKING,2.5,4.17,0.0,1,23,['r'],"['agile', 'aws', 'azure', 'communication', 'computer vision', 'data analysis', 'data mining', 'data visualization', 'deep learning', 'git', 'machine learning', 'matplotlib', 'neural network', 'nlp', 'numpy', 'pandas', 'python', 'pytorch', 'scikit', 'sql', 'statistics', 'tableau', 'tensorflow']"
1197,BANKING,2.5,4.17,0.0,1,23,['r'],"['agile', 'aws', 'azure', 'communication', 'computer vision', 'data analysis', 'data mining', 'data visualization', 'deep learning', 'git', 'machine learning', 'matplotlib', 'neural network', 'nlp', 'numpy', 'pandas', 'python', 'pytorch', 'scikit', 'sql', 'statistics', 'tableau', 'tensorflow']"
1198,PUBLIC-RELATIONS,2.5,4.17,0.0,1,23,['r'],"['agile', 'aws', 'azure', 'communication', 'computer vision', 'data analysis', 'data mining', 'data visualization', 'deep learning', 'git', 'machine learning', 'matplotlib', 'neural network', 'nlp', 'numpy', 'pandas', 'python', 'pytorch', 'scikit', 'sql', 'statistics', 'tableau', 'tensorflow']"
1199,PUBLIC-RELATIONS,2.5,4.17,0.0,1,23,['r'],"['agile', 'aws', 'azure', 'communication', 'computer vision', 'data analysis', 'data mining', 'data visualization', 'deep learning', 'git', 'machine learning', 'matplotlib', 'neural network', 'nlp', 'numpy', 'pandas', 'python', 'pytorch', 'scikit', 'sql', 'statistics', 'tableau', 'tensorflow']"
1200,PUBLIC-RELATIONS,2.5,4.17,0.0,1,23,['r'],"['agile', 'aws', 'azure', 'communication', 'computer vision', 'data analysis', 'data mining', 'data visualization', 'deep learning', 'git', 'machine learning', 'matplotlib', 'neural network', 'nlp', 'numpy', 'pandas', 'python', 'pytorch', 'scikit', 'sql', 'statistics', 'tableau', 'tensorflow']"
1201,PUBLIC-RELATIONS,2.5,4.17,0.0,1,23,['r'],"['agile', 'aws', 'azure', 'communication', 'computer vision', 'data analysis', 'data mining', 'data visualization', 'deep learning', 'git', 'machine learning', 'matplotlib', 'neural network', 'nlp', 'numpy', 'pandas', 'python', 'pytorch', 'scikit', 'sql', 'statistics', 'tableau', 'tensorflow']"
1202,PUBLIC-RELATIONS,2.5,4.17,0.0,1,23,['r'],"['agile', 'aws', 'azure', 'communication', 'computer vision', 'data analysis', 'data mining', 'data visualization', 'deep learning', 'git', 'machine learning', 'matplotlib', 'neural network', 'nlp', 'numpy', 'pandas', 'python', 'pytorch', 'scikit', 'sql', 'statistics', 'tableau', 'tensorflow']"
1203,PUBLIC-RELATIONS,2.5,4.17,0.0,1,23,['r'],"['agile', 'aws', 'azure', 'communication', 'computer vision', 'data analysis', 'data mining', 'data visualization', 'deep learning', 'git', 'machine learning', 'matplotlib', 'neural network', 'nlp', 'numpy', 'pandas', 'python', 'pytorch', 'scikit', 'sql', 'statistics', 'tableau', 'tensorflow']"
1204,PUBLIC-RELATIONS,2.5,4.17,0.0,1,23,['r'],"['agile', 'aws', 'azure', 'communication', 'computer vision', 'data analysis', 'data mining', 'data visualization', 'deep learning', 'git', 'machine learning', 'matplotlib', 'neural network', 'nlp', 'numpy', 'pandas', 'python', 'pytorch', 'scikit', 'sql', 'statistics', 'tableau', 'tensorflow']"
1205,PUBLIC-RELATIONS,2.5,4.17,0.0,1,23,['r'],"['agile', 'aws', 'azure', 'communication', 'computer vision', 'data analysis', 'data mining', 'data visualization', 'deep learning', 'git', 'machine learning', 'matplotlib', 'neural network', 'nlp', 'numpy', 'pandas', 'python', 'pytorch', 'scikit', 'sql', 'statistics', 'tableau', 'tensorflow']"
1206,PUBLIC-RELATIONS,2.5,4.17,0.0,1,23,['r'],"['agile', 'aws', 'azure', 'communication', 'computer vision', 'data analysis', 'data mining', 'data visualization', 'deep learning', 'git', 'machine learning', 'matplotlib', 'neural network', 'nlp', 'numpy', 'pandas', 'python', 'pytorch', 'scikit', 'sql', 'statistics', 'tableau', 'tensorflow']"
1207,PUBLIC-RELATIONS,2.5,4.17,0.0,1,23,['r'],"['agile', 'aws', 'azure', 'communication', 'computer vision', 'data analysis', 'data mining', 'data visualization', 'deep learning', 'git', 'machine learning', 'matplotlib', 'neural network', 'nlp', 'numpy', 'pandas', 'python', 'pytorch', 'scikit', 'sql', 'statistics', 'tableau', 'tensorflow']"
1208,PUBLIC-RELATIONS,2.5,4.17,0.0,1,23,['r'],"['agile', 'aws', 'azure', 'communication', 'computer vision', 'data analysis', 'data mining', 'data visualization', 'deep learning', 'git', 'machine learning', 'matplotlib', 'neural network', 'nlp', 'numpy', 'pandas', 'python', 'pytorch', 'scikit', 'sql', 'statistics', 'tableau', 'tensorflow']"
1209,PUBLIC-RELATIONS,2.5,4.17,0.0,1,23,['r'],"['agile', 'aws', 'azure', 'communication', 'computer vision', 'data analysis', 'data mining', 'data visualization', 'deep learning', 'git', 'machine learning', 'matplotlib', 'neural network', 'nlp', 'numpy', 'pandas', 'python', 'pytorch', 'scikit', 'sql', 'statistics', 'tableau', 'tensorflow']"
1210,PUBLIC-RELATIONS,2.5,4.17,0.0,1,23,['r'],"['agile', 'aws', 'azure', 'communication', 'computer vision', 'data analysis', 'data mining', 'data visualization', 'deep learning', 'git', 'machine learning', 'matplotlib', 'neural network', 'nlp', 'numpy', 'pandas', 'python', 'pytorch', 'scikit', 'sql', 'statistics', 'tableau', 'tensorflow']"
1211,PUBLIC-RELATIONS,2.5,4.17,0.0,1,23,['r'],"['agile', 'aws', 'azure', 'communication', 'computer vision', 'data analysis', 'data mining', 'data visualization', 'deep learning', 'git', 'machine learning', 'matplotlib', 'neural network', 'nlp', 'numpy', 'pandas', 'python', 'pytorch', 'scikit', 'sql', 'statistics', 'tableau', 'tensorflow']"
1212,PUBLIC-RELATIONS,2.5,4.17,0.0,1,23,['r'],"['agile', 'aws', 'azure', 'communication', 'computer vision', 'data analysis', 'data mining', 'data visualization', 'deep learning', 'git', 'machine learning', 'matplotlib', 'neural network', 'nlp', 'numpy', 'pandas', 'python', 'pytorch', 'scikit', 'sql', 'statistics', 'tableau', 'tensorflow']"
1213,PUBLIC-RELATIONS,2.5,4.17,0.0,1,23,['r'],"['agile', 'aws', 'azure', 'communication', 'computer vision', 'data analysis', 'data mining', 'data visualization', 'deep learning', 'git', 'machine learning', 'matplotlib', 'neural network', 'nlp', 'numpy', 'pandas', 'python', 'pytorch', 'scikit', 'sql', 'statistics', 'tableau', 'tensorflow']"
1214,PUBLIC-RELATIONS,2.5,4.17,0.0,1,23,['r'],"['agile', 'aws', 'azure', 'communication', 'computer vision', 'data analysis', 'data mining', 'data visualization', 'deep learning', 'git', 'machine learning', 'matplotlib', 'neural network', 'nlp', 'numpy', 'pandas', 'python', 'pytorch', 'scikit', 'sql', 'statistics', 'tableau', 'tensorflow']"
1215,PUBLIC-RELATIONS,2.5,4.17,0.0,1,23,['r'],"['agile', 'aws', 'azure', 'communication', 'computer vision', 'data analysis', 'data mining', 'data visualization', 'deep learning', 'git', 'machine learning', 'matplotlib', 'neural network', 'nlp', 'numpy', 'pandas', 'python', 'pytorch', 'scikit', 'sql', 'statistics', 'tableau', 'tensorflow']"
1216,PUBLIC-RELATIONS,2.5,4.17,0.0,1,23,['r'],"['agile', 'aws', 'azure', 'communication', 'computer vision', 'data analysis', 'data mining', 'data visualization', 'deep learning', 'git', 'machine learning', 'matplotlib', 'neural network', 'nlp', 'numpy', 'pandas', 'python', 'pytorch', 'scikit', 'sql', 'statistics', 'tableau', 'tensorflow']"
1217,CONSTRUCTION,2.5,4.17,0.0,1,23,['r'],"['agile', 'aws', 'azure', 'communication', 'computer vision', 'data analysis', 'data mining', 'data visualization', 'deep learning', 'git', 'machine learning', 'matplotlib', 'neural network', 'nlp', 'numpy', 'pandas', 'python', 'pytorch', 'scikit', 'sql', 'statistics', 'tableau', 'tensorflow']"
1218,CONSTRUCTION,2.5,4.17,0.0,1,23,['r'],"['agile', 'aws', 'azure', 'communication', 'computer vision', 'data analysis', 'data mining', 'data visualization', 'deep learning', 'git', 'machine learning', 'matplotlib', 'neural network', 'nlp', 'numpy', 'pandas', 'python', 'pytorch', 'scikit', 'sql', 'statistics', 'tableau', 'tensorflow']"
1219,CONSTRUCTION,2.5,4.17,0.0,1,23,['r'],"['agile', 'aws', 'azure', 'communication', 'computer vision', 'data analysis', 'data mining', 'data visualization', 'deep learning', 'git', 'machine learning', 'matplotlib', 'neural network', 'nlp', 'numpy', 'pandas', 'python', 'pytorch', 'scikit', 'sql', 'statistics', 'tableau', 'tensorflow']"
1220,CONSTRUCTION,2.5,4.17,0.0,1,23,['r'],"['agile', 'aws', 'azure', 'communication', 'computer vision', 'data analysis', 'data mining', 'data visualization', 'deep learning', 'git', 'machine learning', 'matplotlib', 'neural network', 'nlp', 'numpy', 'pandas', 'python', 'pytorch', 'scikit', 'sql', 'statistics', 'tableau', 'tensorflow']"
1221,CONSTRUCTION,2.5,4.17,0.0,1,23,['r'],"['agile', 'aws', 'azure', 'communication', 'computer vision', 'data analysis', 'data mining', 'data visualization', 'deep learning', 'git', 'machine learning', 'matplotlib', 'neural network', 'nlp', 'numpy', 'pandas', 'python', 'pytorch', 'scikit', 'sql', 'statistics', 'tableau', 'tensorflow']"
1222,CONSTRUCTION,2.5,4.17,0.0,1,23,['r'],"['agile', 'aws', 'azure', 'communication', 'computer vision', 'data analysis', 'data mining', 'data visualization', 'deep learning', 'git', 'machine learning', 'matplotlib', 'neural network', 'nlp', 'numpy', 'pandas', 'python', 'pytorch', 'scikit', 'sql', 'statistics', 'tableau', 'tensorflow']"
1223,CONSTRUCTION,2.5,4.17,0.0,1,23,['r'],"['agile', 'aws', 'azure', 'communication', 'computer vision', 'data analysis', 'data mining', 'data visualization', 'deep learning', 'git', 'machine learning', 'matplotlib', 'neural network', 'nlp', 'numpy', 'pandas', 'python', 'pytorch', 'scikit', 'sql', 'statistics', 'tableau', 'tensorflow']"
1224,CONSTRUCTION,2.5,4.17,0.0,1,23,['r'],"['agile', 'aws', 'azure', 'communication', 'computer vision', 'data analysis', 'data mining', 'data visualization', 'deep learning', 'git', 'machine learning', 'matplotlib', 'neural network', 'nlp', 'numpy', 'pandas', 'python', 'pytorch', 'scikit', 'sql', 'statistics', 'tableau', 'tensorflow']"
1225,PUBLIC-RELATIONS,2.5,4.17,0.0,1,23,['r'],"['agile', 'aws', 'azure', 'communication', 'computer vision', 'data analysis', 'data mining', 'data visualization', 'deep learning', 'git', 'machine learning', 'matplotlib', 'neural network', 'nlp', 'numpy', 'pandas', 'python', 'pytorch', 'scikit', 'sql', 'statistics', 'tableau', 'tensorflow']"
1226,CONSTRUCTION,2.5,4.17,0.0,1,23,['r'],"['agile', 'aws', 'azure', 'communication', 'computer vision', 'data analysis', 'data mining', 'data visualization', 'deep learning', 'git', 'machine learning', 'matplotlib', 'neural network', 'nlp', 'numpy', 'pandas', 'python', 'pytorch', 'scikit', 'sql', 'statistics', 'tableau', 'tensorflow']"
1227,CONSTRUCTION,2.5,4.17,0.0,1,23,['r'],"['agile', 'aws', 'azure', 'communication', 'computer vision', 'data analysis', 'data mining', 'data visualization', 'deep learning', 'git', 'machine learning', 'matplotlib', 'neural network', 'nlp', 'numpy', 'pandas', 'python', 'pytorch', 'scikit', 'sql', 'statistics', 'tableau', 'tensorflow']"
1228,CONSTRUCTION,2.5,4.17,0.0,1,23,['r'],"['agile', 'aws', 'azure', 'communication', 'computer vision', 'data analysis', 'data mining', 'data visualization', 'deep learning', 'git', 'machine learning', 'matplotlib', 'neural network', 'nlp', 'numpy', 'pandas', 'python', 'pytorch', 'scikit', 'sql', 'statistics', 'tableau', 'tensorflow']"
1229,CONSTRUCTION,2.5,4.17,0.0,1,23,['r'],"['agile', 'aws', 'azure', 'communication', 'computer vision', 'data analysis', 'data mining', 'data visualization', 'deep learning', 'git', 'machine learning', 'matplotlib', 'neural network', 'nlp', 'numpy', 'pandas', 'python', 'pytorch', 'scikit', 'sql', 'statistics', 'tableau', 'tensorflow']"
1230,CONSTRUCTION,2.5,4.17,0.0,1,23,['r'],"['agile', 'aws', 'azure', 'communication', 'computer vision', 'data analysis', 'data mining', 'data visualization', 'deep learning', 'git', 'machine learning', 'matplotlib', 'neural network', 'nlp', 'numpy', 'pandas', 'python', 'pytorch', 'scikit', 'sql', 'statistics', 'tableau', 'tensorflow']"
1231,CONSTRUCTION,2.5,4.17,0.0,1,23,['r'],"['agile', 'aws', 'azure', 'communication', 'computer vision', 'data analysis', 'data mining', 'data visualization', 'deep learning', 'git', 'machine learning', 'matplotlib', 'neural network', 'nlp', 'numpy', 'pandas', 'python', 'pytorch', 'scikit', 'sql', 'statistics', 'tableau', 'tensorflow']"
1232,PUBLIC-RELATIONS,2.5,4.17,0.0,1,23,['r'],"['agile', 'aws', 'azure', 'communication', 'computer vision', 'data analysis', 'data mining', 'data visualization', 'deep learning', 'git', 'machine learning', 'matplotlib', 'neural network', 'nlp', 'numpy', 'pandas', 'python', 'pytorch', 'scikit', 'sql', 'statistics', 'tableau', 'tensorflow']"
1233,PUBLIC-RELATIONS,2.5,4.17,0.0,1,23,['r'],"['agile', 'aws', 'azure', 'communication', 'computer vision', 'data analysis', 'data mining', 'data visualization', 'deep learning', 'git', 'machine learning', 'matplotlib', 'neural network', 'nlp', 'numpy', 'pandas', 'python', 'pytorch', 'scikit', 'sql', 'statistics', 'tableau', 'tensorflow']"
1234,CONSTRUCTION,2.5,4.17,0.0,1,23,['r'],"['agile', 'aws', 'azure', 'communication', 'computer vision', 'data analysis', 'data mining', 'data visualization', 'deep learning', 'git', 'machine learning', 'matplotlib', 'neural network', 'nlp', 'numpy', 'pandas', 'python', 'pytorch', 'scikit', 'sql', 'statistics', 'tableau', 'tensorflow']"
1235,CONSTRUCTION,2.5,4.17,0.0,1,23,['r'],"['agile', 'aws', 'azure', 'communication', 'computer vision', 'data analysis', 'data mining', 'data visualization', 'deep learning', 'git', 'machine learning', 'matplotlib', 'neural network', 'nlp', 'numpy', 'pandas', 'python', 'pytorch', 'scikit', 'sql', 'statistics', 'tableau', 'tensorflow']"
1236,CONSTRUCTION,2.5,4.17,0.0,1,23,['r'],"['agile', 'aws', 'azure', 'communication', 'computer vision', 'data analysis', 'data mining', 'data visualization', 'deep learning', 'git', 'machine learning', 'matplotlib', 'neural network', 'nlp', 'numpy', 'pandas', 'python', 'pytorch', 'scikit', 'sql', 'statistics', 'tableau', 'tensorflow']"
1237,CONSTRUCTION,2.5,4.17,0.0,1,23,['r'],"['agile', 'aws', 'azure', 'communication', 'computer vision', 'data analysis', 'data mining', 'data visualization', 'deep learning', 'git', 'machine learning', 'matplotlib', 'neural network', 'nlp', 'numpy', 'pandas', 'python', 'pytorch', 'scikit', 'sql', 'statistics', 'tableau', 'tensorflow']"
1238,CONSTRUCTION,2.5,4.17,0.0,1,23,['r'],"['agile', 'aws', 'azure', 'communication', 'computer vision', 'data analysis', 'data mining', 'data visualization', 'deep learning', 'git', 'machine learning', 'matplotlib', 'neural network', 'nlp', 'numpy', 'pandas', 'python', 'pytorch', 'scikit', 'sql', 'statistics', 'tableau', 'tensorflow']"
1239,CONSTRUCTION,2.5,4.17,0.0,1,23,['r'],"['agile', 'aws', 'azure', 'communication', 'computer vision', 'data analysis', 'data mining', 'data visualization', 'deep learning', 'git', 'machine learning', 'matplotlib', 'neural network', 'nlp', 'numpy', 'pandas', 'python', 'pytorch', 'scikit', 'sql', 'statistics', 'tableau', 'tensorflow']"
1240,CONSTRUCTION,2.5,4.17,0.0,1,23,['r'],"['agile', 'aws', 'azure', 'communication', 'computer vision', 'data analysis', 'data mining', 'data visualization', 'deep learning', 'git', 'machine learning', 'matplotlib', 'neural network', 'nlp', 'numpy', 'pandas', 'python', 'pytorch', 'scikit', 'sql', 'statistics', 'tableau', 'tensorflow']"
1241,CONSTRUCTION,2.5,4.17,0.0,1,23,['r'],"['agile', 'aws', 'azure', 'communication', 'computer vision', 'data analysis', 'data mining', 'data visualization', 'deep learning', 'git', 'machine learning', 'matplotlib', 'neural network', 'nlp', 'numpy', 'pandas', 'python', 'pytorch', 'scikit', 'sql', 'statistics', 'tableau', 'tensorflow']"
1242,CONSTRUCTION,2.5,4.17,0.0,1,23,['r'],"['agile', 'aws', 'azure', 'communication', 'computer vision', 'data analysis', 'data mining', 'data visualization', 'deep learning', 'git', 'machine learning', 'matplotlib', 'neural network', 'nlp', 'numpy', 'pandas', 'python', 'pytorch', 'scikit', 'sql', 'statistics', 'tableau', 'tensorflow']"
1243,CONSTRUCTION,2.5,4.17,0.0,1,23,['r'],"['agile', 'aws', 'azure', 'communication', 'computer vision', 'data analysis', 'data mining', 'data visualization', 'deep learning', 'git', 'machine learning', 'matplotlib', 'neural network', 'nlp', 'numpy', 'pandas', 'python', 'pytorch', 'scikit', 'sql', 'statistics', 'tableau', 'tensorflow']"
1244,CONSTRUCTION,2.5,4.17,0.0,1,23,['r'],"['agile', 'aws', 'azure', 'communication', 'computer vision', 'data analysis', 'data mining', 'data visualization', 'deep learning', 'git', 'machine learning', 'matplotlib', 'neural network', 'nlp', 'numpy', 'pandas', 'python', 'pytorch', 'scikit', 'sql', 'statistics', 'tableau', 'tensorflow']"
1245,CONSTRUCTION,2.5,4.17,0.0,1,23,['r'],"['agile', 'aws', 'azure', 'communication', 'computer vision', 'data analysis', 'data mining', 'data visualization', 'deep learning', 'git', 'machine learning', 'matplotlib', 'neural network', 'nlp', 'numpy', 'pandas', 'python', 'pytorch', 'scikit', 'sql', 'statistics', 'tableau', 'tensorflow']"
1246,CONSTRUCTION,2.5,4.17,0.0,1,23,['r'],"['agile', 'aws', 'azure', 'communication', 'computer vision', 'data analysis', 'data mining', 'data visualization', 'deep learning', 'git', 'machine learning', 'matplotlib', 'neural network', 'nlp', 'numpy', 'pandas', 'python', 'pytorch', 'scikit', 'sql', 'statistics', 'tableau', 'tensorflow']"
1247,CONSTRUCTION,2.5,4.17,0.0,1,23,['r'],"['agile', 'aws', 'azure', 'communication', 'computer vision', 'data analysis', 'data mining', 'data visualization', 'deep learning', 'git', 'machine learning', 'matplotlib', 'neural network', 'nlp', 'numpy', 'pandas', 'python', 'pytorch', 'scikit', 'sql', 'statistics', 'tableau', 'tensorflow']"
1248,CONSTRUCTION,2.5,4.17,0.0,1,23,['r'],"['agile', 'aws', 'azure', 'communication', 'computer vision', 'data analysis', 'data mining', 'data visualization', 'deep learning', 'git', 'machine learning', 'matplotlib', 'neural network', 'nlp', 'numpy', 'pandas', 'python', 'pytorch', 'scikit', 'sql', 'statistics', 'tableau', 'tensorflow']"
1249,CONSTRUCTION,2.5,4.17,0.0,1,23,['r'],"['agile', 'aws', 'azure', 'communication', 'computer vision', 'data analysis', 'data mining', 'data visualization', 'deep learning', 'git', 'machine learning', 'matplotlib', 'neural network', 'nlp', 'numpy', 'pandas', 'python', 'pytorch', 'scikit', 'sql', 'statistics', 'tableau', 'tensorflow']"
1250,CONSTRUCTION,2.5,4.17,0.0,1,23,['r'],"['agile', 'aws', 'azure', 'communication', 'computer vision', 'data analysis', 'data mining', 'data visualization', 'deep learning', 'git', 'machine learning', 'matplotlib', 'neural network', 'nlp', 'numpy', 'pandas', 'python', 'pytorch', 'scikit', 'sql', 'statistics', 'tableau', 'tensorflow']"
1251,CONSTRUCTION,2.5,4.17,0.0,1,23,['r'],"['agile', 'aws', 'azure', 'communication', 'computer vision', 'data analysis', 'data mining', 'data visualization', 'deep learning', 'git', 'machine learning', 'matplotlib', 'neural network', 'nlp', 'numpy', 'pandas', 'python', 'pytorch', 'scikit', 'sql', 'statistics', 'tableau', 'tensorflow']"
1252,CONSTRUCTION,2.5,4.17,0.0,1,23,['r'],"['agile', 'aws', 'azure', 'communication', 'computer vision', 'data analysis', 'data mining', 'data visualization', 'deep learning', 'git', 'machine learning', 'matplotlib', 'neural network', 'nlp', 'numpy', 'pandas', 'python', 'pytorch', 'scikit', 'sql', 'statistics', 'tableau', 'tensorflow']"
1253,CONSTRUCTION,2.5,4.17,0.0,1,23,['r'],"['agile', 'aws', 'azure', 'communication', 'computer vision', 'data analysis', 'data mining', 'data visualization', 'deep learning', 'git', 'machine learning', 'matplotlib', 'neural network', 'nlp', 'numpy', 'pandas', 'python', 'pytorch', 'scikit', 'sql', 'statistics', 'tableau', 'tensorflow']"
1254,PUBLIC-RELATIONS,2.5,4.17,0.0,1,23,['r'],"['agile', 'aws', 'azure', 'communication', 'computer vision', 'data analysis', 'data mining', 'data visualization', 'deep learning', 'git', 'machine learning', 'matplotlib', 'neural network', 'nlp', 'numpy', 'pandas', 'python', 'pytorch', 'scikit', 'sql', 'statistics', 'tableau', 'tensorflow']"
1255,PUBLIC-RELATIONS,2.5,4.17,0.0,1,23,['r'],"['agile', 'aws', 'azure', 'communication', 'computer vision', 'data analysis', 'data mining', 'data visualization', 'deep learning', 'git', 'machine learning', 'matplotlib', 'neural network', 'nlp', 'numpy', 'pandas', 'python', 'pytorch', 'scikit', 'sql', 'statistics', 'tableau', 'tensorflow']"
1256,PUBLIC-RELATIONS,2.5,4.17,0.0,1,23,['r'],"['agile', 'aws', 'azure', 'communication', 'computer vision', 'data analysis', 'data mining', 'data visualization', 'deep learning', 'git', 'machine learning', 'matplotlib', 'neural network', 'nlp', 'numpy', 'pandas', 'python', 'pytorch', 'scikit', 'sql', 'statistics', 'tableau', 'tensorflow']"
1257,PUBLIC-RELATIONS,2.5,4.17,0.0,1,23,['r'],"['agile', 'aws', 'azure', 'communication', 'computer vision', 'data analysis', 'data mining', 'data visualization', 'deep learning', 'git', 'machine learning', 'matplotlib', 'neural network', 'nlp', 'numpy', 'pandas', 'python', 'pytorch', 'scikit', 'sql', 'statistics', 'tableau', 'tensorflow']"
1258,PUBLIC-RELATIONS,2.5,4.17,0.0,1,23,['r'],"['agile', 'aws', 'azure', 'communication', 'computer vision', 'data analysis', 'data mining', 'data visualization', 'deep learning', 'git', 'machine learning', 'matplotlib', 'neural network', 'nlp', 'numpy', 'pandas', 'python', 'pytorch', 'scikit', 'sql', 'statistics', 'tableau', 'tensorflow']"
1259,PUBLIC-RELATIONS,2.5,4.17,0.0,1,23,['r'],"['agile', 'aws', 'azure', 'communication', 'computer vision', 'data analysis', 'data mining', 'data visualization', 'deep learning', 'git', 'machine learning', 'matplotlib', 'neural network', 'nlp', 'numpy', 'pandas', 'python', 'pytorch', 'scikit', 'sql', 'statistics', 'tableau', 'tensorflow']"
1260,PUBLIC-RELATIONS,2.5,4.17,0.0,1,23,['r'],"['agile', 'aws', 'azure', 'communication', 'computer vision', 'data analysis', 'data mining', 'data visualization', 'deep learning', 'git', 'machine learning', 'matplotlib', 'neural network', 'nlp', 'numpy', 'pandas', 'python', 'pytorch', 'scikit', 'sql', 'statistics', 'tableau', 'tensorflow']"
1261,PUBLIC-RELATIONS,2.5,4.17,0.0,1,23,['r'],"['agile', 'aws', 'azure', 'communication', 'computer vision', 'data analysis', 'data mining', 'data visualization', 'deep learning', 'git', 'machine learning', 'matplotlib', 'neural network', 'nlp', 'numpy', 'pandas', 'python', 'pytorch', 'scikit', 'sql', 'statistics', 'tableau', 'tensorflow']"
1262,PUBLIC-RELATIONS,2.5,4.17,0.0,1,23,['r'],"['agile', 'aws', 'azure', 'communication', 'computer vision', 'data analysis', 'data mining', 'data visualization', 'deep learning', 'git', 'machine learning', 'matplotlib', 'neural network', 'nlp', 'numpy', 'pandas', 'python', 'pytorch', 'scikit', 'sql', 'statistics', 'tableau', 'tensorflow']"
1263,PUBLIC-RELATIONS,2.5,4.17,0.0,1,23,['r'],"['agile', 'aws', 'azure', 'communication', 'computer vision', 'data analysis', 'data mining', 'data visualization', 'deep learning', 'git', 'machine learning', 'matplotlib', 'neural network', 'nlp', 'numpy', 'pandas', 'python', 'pytorch', 'scikit', 'sql', 'statistics', 'tableau', 'tensorflow']"
1264,PUBLIC-RELATIONS,2.5,4.17,0.0,1,23,['r'],"['agile', 'aws', 'azure', 'communication', 'computer vision', 'data analysis', 'data mining', 'data visualization', 'deep learning', 'git', 'machine learning', 'matplotlib', 'neural network', 'nlp', 'numpy', 'pandas', 'python', 'pytorch', 'scikit', 'sql', 'statistics', 'tableau', 'tensorflow']"
1265,PUBLIC-RELATIONS,2.5,4.17,0.0,1,23,['r'],"['agile', 'aws', 'azure', 'communication', 'computer vision', 'data analysis', 'data mining', 'data visualization', 'deep learning', 'git', 'machine learning', 'matplotlib', 'neural network', 'nlp', 'numpy', 'pandas', 'python', 'pytorch', 'scikit', 'sql', 'statistics', 'tableau', 'tensorflow']"
1266,PUBLIC-RELATIONS,2.5,4.17,0.0,1,23,['r'],"['agile', 'aws', 'azure', 'communication', 'computer vision', 'data analysis', 'data mining', 'data visualization', 'deep learning', 'git', 'machine learning', 'matplotlib', 'neural network', 'nlp', 'numpy', 'pandas', 'python', 'pytorch', 'scikit', 'sql', 'statistics', 'tableau', 'tensorflow']"
1267,PUBLIC-RELATIONS,2.5,4.17,0.0,1,23,['r'],"['agile', 'aws', 'azure', 'communication', 'computer vision', 'data analysis', 'data mining', 'data visualization', 'deep learning', 'git', 'machine learning', 'matplotlib', 'neural network', 'nlp', 'numpy', 'pandas', 'python', 'pytorch', 'scikit', 'sql', 'statistics', 'tableau', 'tensorflow']"
1268,PUBLIC-RELATIONS,2.5,4.17,0.0,1,23,['r'],"['agile', 'aws', 'azure', 'communication', 'computer vision', 'data analysis', 'data mining', 'data visualization', 'deep learning', 'git', 'machine learning', 'matplotlib', 'neural network', 'nlp', 'numpy', 'pandas', 'python', 'pytorch', 'scikit', 'sql', 'statistics', 'tableau', 'tensorflow']"
1269,PUBLIC-RELATIONS,2.5,4.17,0.0,1,23,['r'],"['agile', 'aws', 'azure', 'communication', 'computer vision', 'data analysis', 'data mining', 'data visualization', 'deep learning', 'git', 'machine learning', 'matplotlib', 'neural network', 'nlp', 'numpy', 'pandas', 'python', 'pytorch', 'scikit', 'sql', 'statistics', 'tableau', 'tensorflow']"
1270,PUBLIC-RELATIONS,2.5,4.17,0.0,1,23,['r'],"['agile', 'aws', 'azure', 'communication', 'computer vision', 'data analysis', 'data mining', 'data visualization', 'deep learning', 'git', 'machine learning', 'matplotlib', 'neural network', 'nlp', 'numpy', 'pandas', 'python', 'pytorch', 'scikit', 'sql', 'statistics', 'tableau', 'tensorflow']"
1271,PUBLIC-RELATIONS,2.5,4.17,0.0,1,23,['r'],"['agile', 'aws', 'azure', 'communication', 'computer vision', 'data analysis', 'data mining', 'data visualization', 'deep learning', 'git', 'machine learning', 'matplotlib', 'neural network', 'nlp', 'numpy', 'pandas', 'python', 'pytorch', 'scikit', 'sql', 'statistics', 'tableau', 'tensorflow']"
1272,PUBLIC-RELATIONS,2.5,4.17,0.0,1,23,['r'],"['agile', 'aws', 'azure', 'communication', 'computer vision', 'data analysis', 'data mining', 'data visualization', 'deep learning', 'git', 'machine learning', 'matplotlib', 'neural network', 'nlp', 'numpy', 'pandas', 'python', 'pytorch', 'scikit', 'sql', 'statistics', 'tableau', 'tensorflow']"
1273,PUBLIC-RELATIONS,2.5,4.17,0.0,1,23,['r'],"['agile', 'aws', 'azure', 'communication', 'computer vision', 'data analysis', 'data mining', 'data visualization', 'deep learning', 'git', 'machine learning', 'matplotlib', 'neural network', 'nlp', 'numpy', 'pandas', 'python', 'pytorch', 'scikit', 'sql', 'statistics', 'tableau', 'tensorflow']"
1274,PUBLIC-RELATIONS,2.5,4.17,0.0,1,23,['r'],"['agile', 'aws', 'azure', 'communication', 'computer vision', 'data analysis', 'data mining', 'data visualization', 'deep learning', 'git', 'machine learning', 'matplotlib', 'neural network', 'nlp', 'numpy', 'pandas', 'python', 'pytorch', 'scikit', 'sql', 'statistics', 'tableau', 'tensorflow']"
1275,PUBLIC-RELATIONS,2.5,4.17,0.0,1,23,['r'],"['agile', 'aws', 'azure', 'communication', 'computer vision', 'data analysis', 'data mining', 'data visualization', 'deep learning', 'git', 'machine learning', 'matplotlib', 'neural network', 'nlp', 'numpy', 'pandas', 'python', 'pytorch', 'scikit', 'sql', 'statistics', 'tableau', 'tensorflow']"
1276,PUBLIC-RELATIONS,2.5,4.17,0.0,1,23,['r'],"['agile', 'aws', 'azure', 'communication', 'computer vision', 'data analysis', 'data mining', 'data visualization', 'deep learning', 'git', 'machine learning', 'matplotlib', 'neural network', 'nlp', 'numpy', 'pandas', 'python', 'pytorch', 'scikit', 'sql', 'statistics', 'tableau', 'tensorflow']"
1277,PUBLIC-RELATIONS,2.5,4.17,0.0,1,23,['r'],"['agile', 'aws', 'azure', 'communication', 'computer vision', 'data analysis', 'data mining', 'data visualization', 'deep learning', 'git', 'machine learning', 'matplotlib', 'neural network', 'nlp', 'numpy', 'pandas', 'python', 'pytorch', 'scikit', 'sql', 'statistics', 'tableau', 'tensorflow']"
1278,PUBLIC-RELATIONS,2.5,4.17,0.0,1,23,['r'],"['agile', 'aws', 'azure', 'communication', 'computer vision', 'data analysis', 'data mining', 'data visualization', 'deep learning', 'git', 'machine learning', 'matplotlib', 'neural network', 'nlp', 'numpy', 'pandas', 'python', 'pytorch', 'scikit', 'sql', 'statistics', 'tableau', 'tensorflow']"
1279,PUBLIC-RELATIONS,2.5,4.17,0.0,1,23,['r'],"['agile', 'aws', 'azure', 'communication', 'computer vision', 'data analysis', 'data mining', 'data visualization', 'deep learning', 'git', 'machine learning', 'matplotlib', 'neural network', 'nlp', 'numpy', 'pandas', 'python', 'pytorch', 'scikit', 'sql', 'statistics', 'tableau', 'tensorflow']"
1280,PUBLIC-RELATIONS,2.5,4.17,0.0,1,23,['r'],"['agile', 'aws', 'azure', 'communication', 'computer vision', 'data analysis', 'data mining', 'data visualization', 'deep learning', 'git', 'machine learning', 'matplotlib', 'neural network', 'nlp', 'numpy', 'pandas', 'python', 'pytorch', 'scikit', 'sql', 'statistics', 'tableau', 'tensorflow']"
1281,PUBLIC-RELATIONS,2.5,4.17,0.0,1,23,['r'],"['agile', 'aws', 'azure', 'communication', 'computer vision', 'data analysis', 'data mining', 'data visualization', 'deep learning', 'git', 'machine learning', 'matplotlib', 'neural network', 'nlp', 'numpy', 'pandas', 'python', 'pytorch', 'scikit', 'sql', 'statistics', 'tableau', 'tensorflow']"
1282,PUBLIC-RELATIONS,2.5,4.17,0.0,1,23,['r'],"['agile', 'aws', 'azure', 'communication', 'computer vision', 'data analysis', 'data mining', 'data visualization', 'deep learning', 'git', 'machine learning', 'matplotlib', 'neural network', 'nlp', 'numpy', 'pandas', 'python', 'pytorch', 'scikit', 'sql', 'statistics', 'tableau', 'tensorflow']"
1283,PUBLIC-RELATIONS,2.5,4.17,0.0,1,23,['r'],"['agile', 'aws', 'azure', 'communication', 'computer vision', 'data analysis', 'data mining', 'data visualization', 'deep learning', 'git', 'machine learning', 'matplotlib', 'neural network', 'nlp', 'numpy', 'pandas', 'python', 'pytorch', 'scikit', 'sql', 'statistics', 'tableau', 'tensorflow']"
1284,PUBLIC-RELATIONS,2.5,4.17,0.0,1,23,['r'],"['agile', 'aws', 'azure', 'communication', 'computer vision', 'data analysis', 'data mining', 'data visualization', 'deep learning', 'git', 'machine learning', 'matplotlib', 'neural network', 'nlp', 'numpy', 'pandas', 'python', 'pytorch', 'scikit', 'sql', 'statistics', 'tableau', 'tensorflow']"
1285,PUBLIC-RELATIONS,2.5,4.17,0.0,1,23,['r'],"['agile', 'aws', 'azure', 'communication', 'computer vision', 'data analysis', 'data mining', 'data visualization', 'deep learning', 'git', 'machine learning', 'matplotlib', 'neural network', 'nlp', 'numpy', 'pandas', 'python', 'pytorch', 'scikit', 'sql', 'statistics', 'tableau', 'tensorflow']"
1286,PUBLIC-RELATIONS,2.5,4.17,0.0,1,23,['r'],"['agile', 'aws', 'azure', 'communication', 'computer vision', 'data analysis', 'data mining', 'data visualization', 'deep learning', 'git', 'machine learning', 'matplotlib', 'neural network', 'nlp', 'numpy', 'pandas', 'python', 'pytorch', 'scikit', 'sql', 'statistics', 'tableau', 'tensorflow']"
1287,PUBLIC-RELATIONS,2.5,4.17,0.0,1,23,['r'],"['agile', 'aws', 'azure', 'communication', 'computer vision', 'data analysis', 'data mining', 'data visualization', 'deep learning', 'git', 'machine learning', 'matplotlib', 'neural network', 'nlp', 'numpy', 'pandas', 'python', 'pytorch', 'scikit', 'sql', 'statistics', 'tableau', 'tensorflow']"
1288,PUBLIC-RELATIONS,2.5,4.17,0.0,1,23,['r'],"['agile', 'aws', 'azure', 'communication', 'computer vision', 'data analysis', 'data mining', 'data visualization', 'deep learning', 'git', 'machine learning', 'matplotlib', 'neural network', 'nlp', 'numpy', 'pandas', 'python', 'pytorch', 'scikit', 'sql', 'statistics', 'tableau', 'tensorflow']"
1289,PUBLIC-RELATIONS,2.5,4.17,0.0,1,23,['r'],"['agile', 'aws', 'azure', 'communication', 'computer vision', 'data analysis', 'data mining', 'data visualization', 'deep learning', 'git', 'machine learning', 'matplotlib', 'neural network', 'nlp', 'numpy', 'pandas', 'python', 'pytorch', 'scikit', 'sql', 'statistics', 'tableau', 'tensorflow']"
1290,PUBLIC-RELATIONS,2.5,4.17,0.0,1,23,['r'],"['agile', 'aws', 'azure', 'communication', 'computer vision', 'data analysis', 'data mining', 'data visualization', 'deep learning', 'git', 'machine learning', 'matplotlib', 'neural network', 'nlp', 'numpy', 'pandas', 'python', 'pytorch', 'scikit', 'sql', 'statistics', 'tableau', 'tensorflow']"
1291,PUBLIC-RELATIONS,2.5,4.17,0.0,1,23,['r'],"['agile', 'aws', 'azure', 'communication', 'computer vision', 'data analysis', 'data mining', 'data visualization', 'deep learning', 'git', 'machine learning', 'matplotlib', 'neural network', 'nlp', 'numpy', 'pandas', 'python', 'pytorch', 'scikit', 'sql', 'statistics', 'tableau', 'tensorflow']"
1292,TEACHER,2.5,4.17,0.0,1,23,['r'],"['agile', 'aws', 'azure', 'communication', 'computer vision', 'data analysis', 'data mining', 'data visualization', 'deep learning', 'git', 'machine learning', 'matplotlib', 'neural network', 'nlp', 'numpy', 'pandas', 'python', 'pytorch', 'scikit', 'sql', 'statistics', 'tableau', 'tensorflow']"
1293,TEACHER,2.5,4.17,0.0,1,23,['r'],"['agile', 'aws', 'azure', 'communication', 'computer vision', 'data analysis', 'data mining', 'data visualization', 'deep learning', 'git', 'machine learning', 'matplotlib', 'neural network', 'nlp', 'numpy', 'pandas', 'python', 'pytorch', 'scikit', 'sql', 'statistics', 'tableau', 'tensorflow']"
1294,TEACHER,2.5,4.17,0.0,1,23,['r'],"['agile', 'aws', 'azure', 'communication', 'computer vision', 'data analysis', 'data mining', 'data visualization', 'deep learning', 'git', 'machine learning', 'matplotlib', 'neural network', 'nlp', 'numpy', 'pandas', 'python', 'pytorch', 'scikit', 'sql', 'statistics', 'tableau', 'tensorflow']"
1295,TEACHER,2.5,4.17,0.0,1,23,['r'],"['agile', 'aws', 'azure', 'communication', 'computer vision', 'data analysis', 'data mining', 'data visualization', 'deep learning', 'git', 'machine learning', 'matplotlib', 'neural network', 'nlp', 'numpy', 'pandas', 'python', 'pytorch', 'scikit', 'sql', 'statistics', 'tableau', 'tensorflow']"
1296,TEACHER,2.5,4.17,0.0,1,23,['r'],"['agile', 'aws', 'azure', 'communication', 'computer vision', 'data analysis', 'data mining', 'data visualization', 'deep learning', 'git', 'machine learning', 'matplotlib', 'neural network', 'nlp', 'numpy', 'pandas', 'python', 'pytorch', 'scikit', 'sql', 'statistics', 'tableau', 'tensorflow']"
1297,TEACHER,2.5,4.17,0.0,1,23,['r'],"['agile', 'aws', 'azure', 'communication', 'computer vision', 'data analysis', 'data mining', 'data visualization', 'deep learning', 'git', 'machine learning', 'matplotlib', 'neural network', 'nlp', 'numpy', 'pandas', 'python', 'pytorch', 'scikit', 'sql', 'statistics', 'tableau', 'tensorflow']"
1298,TEACHER,2.5,4.17,0.0,1,23,['r'],"['agile', 'aws', 'azure', 'communication', 'computer vision', 'data analysis', 'data mining', 'data visualization', 'deep learning', 'git', 'machine learning', 'matplotlib', 'neural network', 'nlp', 'numpy', 'pandas', 'python', 'pytorch', 'scikit', 'sql', 'statistics', 'tableau', 'tensorflow']"
1299,TEACHER,2.5,4.17,0.0,1,23,['r'],"['agile', 'aws', 'azure', 'communication', 'computer vision', 'data analysis', 'data mining', 'data visualization', 'deep learning', 'git', 'machine learning', 'matplotlib', 'neural network', 'nlp', 'numpy', 'pandas', 'python', 'pytorch', 'scikit', 'sql', 'statistics', 'tableau', 'tensorflow']"
1300,DIGITAL-MEDIA,2.5,4.17,0.0,1,23,['r'],"['agile', 'aws', 'azure', 'communication', 'computer vision', 'data analysis', 'data mining', 'data visualization', 'deep learning', 'git', 'machine learning', 'matplotlib', 'neural network', 'nlp', 'numpy', 'pandas', 'python', 'pytorch', 'scikit', 'sql', 'statistics', 'tableau', 'tensorflow']"
1301,TEACHER,2.5,4.17,0.0,1,23,['r'],"['agile', 'aws', 'azure', 'communication', 'computer vision', 'data analysis', 'data mining', 'data visualization', 'deep learning', 'git', 'machine learning', 'matplotlib', 'neural network', 'nlp', 'numpy', 'pandas', 'python', 'pytorch', 'scikit', 'sql', 'statistics', 'tableau', 'tensorflow']"
1302,TEACHER,2.5,4.17,0.0,1,23,['r'],"['agile', 'aws', 'azure', 'communication', 'computer vision', 'data analysis', 'data mining', 'data visualization', 'deep learning', 'git', 'machine learning', 'matplotlib', 'neural network', 'nlp', 'numpy', 'pandas', 'python', 'pytorch', 'scikit', 'sql', 'statistics', 'tableau', 'tensorflow']"
1303,TEACHER,2.5,4.17,0.0,1,23,['r'],"['agile', 'aws', 'azure', 'communication', 'computer vision', 'data analysis', 'data mining', 'data visualization', 'deep learning', 'git', 'machine learning', 'matplotlib', 'neural network', 'nlp', 'numpy', 'pandas', 'python', 'pytorch', 'scikit', 'sql', 'statistics', 'tableau', 'tensorflow']"
1304,TEACHER,2.5,4.17,0.0,1,23,['r'],"['agile', 'aws', 'azure', 'communication', 'computer vision', 'data analysis', 'data mining', 'data visualization', 'deep learning', 'git', 'machine learning', 'matplotlib', 'neural network', 'nlp', 'numpy', 'pandas', 'python', 'pytorch', 'scikit', 'sql', 'statistics', 'tableau', 'tensorflow']"
1305,TEACHER,2.5,4.17,0.0,1,23,['r'],"['agile', 'aws', 'azure', 'communication', 'computer vision', 'data analysis', 'data mining', 'data visualization', 'deep learning', 'git', 'machine learning', 'matplotlib', 'neural network', 'nlp', 'numpy', 'pandas', 'python', 'pytorch', 'scikit', 'sql', 'statistics', 'tableau', 'tensorflow']"
1306,TEACHER,2.5,4.17,0.0,1,23,['r'],"['agile', 'aws', 'azure', 'communication', 'computer vision', 'data analysis', 'data mining', 'data visualization', 'deep learning', 'git', 'machine learning', 'matplotlib', 'neural network', 'nlp', 'numpy', 'pandas', 'python', 'pytorch', 'scikit', 'sql', 'statistics', 'tableau', 'tensorflow']"
1307,TEACHER,2.5,4.17,0.0,1,23,['r'],"['agile', 'aws', 'azure', 'communication', 'computer vision', 'data analysis', 'data mining', 'data visualization', 'deep learning', 'git', 'machine learning', 'matplotlib', 'neural network', 'nlp', 'numpy', 'pandas', 'python', 'pytorch', 'scikit', 'sql', 'statistics', 'tableau', 'tensorflow']"
1308,ADVOCATE,2.5,4.17,0.0,1,23,['r'],"['agile', 'aws', 'azure', 'communication', 'computer vision', 'data analysis', 'data mining', 'data visualization', 'deep learning', 'git', 'machine learning', 'matplotlib', 'neural network', 'nlp', 'numpy', 'pandas', 'python', 'pytorch', 'scikit', 'sql', 'statistics', 'tableau', 'tensorflow']"
1309,TEACHER,2.5,4.17,0.0,1,23,['r'],"['agile', 'aws', 'azure', 'communication', 'computer vision', 'data analysis', 'data mining', 'data visualization', 'deep learning', 'git', 'machine learning', 'matplotlib', 'neural network', 'nlp', 'numpy', 'pandas', 'python', 'pytorch', 'scikit', 'sql', 'statistics', 'tableau', 'tensorflow']"
1310,TEACHER,2.5,4.17,0.0,1,23,['r'],"['agile', 'aws', 'azure', 'communication', 'computer vision', 'data analysis', 'data mining', 'data visualization', 'deep learning', 'git', 'machine learning', 'matplotlib', 'neural network', 'nlp', 'numpy', 'pandas', 'python', 'pytorch', 'scikit', 'sql', 'statistics', 'tableau', 'tensorflow']"
1311,TEACHER,2.5,4.17,0.0,1,23,['r'],"['agile', 'aws', 'azure', 'communication', 'computer vision', 'data analysis', 'data mining', 'data visualization', 'deep learning', 'git', 'machine learning', 'matplotlib', 'neural network', 'nlp', 'numpy', 'pandas', 'python', 'pytorch', 'scikit', 'sql', 'statistics', 'tableau', 'tensorflow']"
1312,TEACHER,2.5,4.17,0.0,1,23,['r'],"['agile', 'aws', 'azure', 'communication', 'computer vision', 'data analysis', 'data mining', 'data visualization', 'deep learning', 'git', 'machine learning', 'matplotlib', 'neural network', 'nlp', 'numpy', 'pandas', 'python', 'pytorch', 'scikit', 'sql', 'statistics', 'tableau', 'tensorflow']"
1313,TEACHER,2.5,4.17,0.0,1,23,['r'],"['agile', 'aws', 'azure', 'communication', 'computer vision', 'data analysis', 'data mining', 'data visualization', 'deep learning', 'git', 'machine learning', 'matplotlib', 'neural network', 'nlp', 'numpy', 'pandas', 'python', 'pytorch', 'scikit', 'sql', 'statistics', 'tableau', 'tensorflow']"
1314,TEACHER,2.5,4.17,0.0,1,23,['r'],"['agile', 'aws', 'azure', 'communication', 'computer vision', 'data analysis', 'data mining', 'data visualization', 'deep learning', 'git', 'machine learning', 'matplotlib', 'neural network', 'nlp', 'numpy', 'pandas', 'python', 'pytorch', 'scikit', 'sql', 'statistics', 'tableau', 'tensorflow']"
1315,TEACHER,2.5,4.17,0.0,1,23,['r'],"['agile', 'aws', 'azure', 'communication', 'computer vision', 'data analysis', 'data mining', 'data visualization', 'deep learning', 'git', 'machine learning', 'matplotlib', 'neural network', 'nlp', 'numpy', 'pandas', 'python', 'pytorch', 'scikit', 'sql', 'statistics', 'tableau', 'tensorflow']"
1316,TEACHER,2.5,4.17,0.0,1,23,['r'],"['agile', 'aws', 'azure', 'communication', 'computer vision', 'data analysis', 'data mining', 'data visualization', 'deep learning', 'git', 'machine learning', 'matplotlib', 'neural network', 'nlp', 'numpy', 'pandas', 'python', 'pytorch', 'scikit', 'sql', 'statistics', 'tableau', 'tensorflow']"
1317,TEACHER,2.5,4.17,0.0,1,23,['r'],"['agile', 'aws', 'azure', 'communication', 'computer vision', 'data analysis', 'data mining', 'data visualization', 'deep learning', 'git', 'machine learning', 'matplotlib', 'neural network', 'nlp', 'numpy', 'pandas', 'python', 'pytorch', 'scikit', 'sql', 'statistics', 'tableau', 'tensorflow']"
1318,TEACHER,2.5,4.17,0.0,1,23,['r'],"['agile', 'aws', 'azure', 'communication', 'computer vision', 'data analysis', 'data mining', 'data visualization', 'deep learning', 'git', 'machine learning', 'matplotlib', 'neural network', 'nlp', 'numpy', 'pandas', 'python', 'pytorch', 'scikit', 'sql', 'statistics', 'tableau', 'tensorflow']"
1319,TEACHER,2.5,4.17,0.0,1,23,['r'],"['agile', 'aws', 'azure', 'communication', 'computer vision', 'data analysis', 'data mining', 'data visualization', 'deep learning', 'git', 'machine learning', 'matplotlib', 'neural network', 'nlp', 'numpy', 'pandas', 'python', 'pytorch', 'scikit', 'sql', 'statistics', 'tableau', 'tensorflow']"
1320,TEACHER,2.5,4.17,0.0,1,23,['r'],"['agile', 'aws', 'azure', 'communication', 'computer vision', 'data analysis', 'data mining', 'data visualization', 'deep learning', 'git', 'machine learning', 'matplotlib', 'neural network', 'nlp', 'numpy', 'pandas', 'python', 'pytorch', 'scikit', 'sql', 'statistics', 'tableau', 'tensorflow']"
1321,TEACHER,2.5,4.17,0.0,1,23,['r'],"['agile', 'aws', 'azure', 'communication', 'computer vision', 'data analysis', 'data mining', 'data visualization', 'deep learning', 'git', 'machine learning', 'matplotlib', 'neural network', 'nlp', 'numpy', 'pandas', 'python', 'pytorch', 'scikit', 'sql', 'statistics', 'tableau', 'tensorflow']"
1322,TEACHER,2.5,4.17,0.0,1,23,['r'],"['agile', 'aws', 'azure', 'communication', 'computer vision', 'data analysis', 'data mining', 'data visualization', 'deep learning', 'git', 'machine learning', 'matplotlib', 'neural network', 'nlp', 'numpy', 'pandas', 'python', 'pytorch', 'scikit', 'sql', 'statistics', 'tableau', 'tensorflow']"
1323,TEACHER,2.5,4.17,0.0,1,23,['r'],"['agile', 'aws', 'azure', 'communication', 'computer vision', 'data analysis', 'data mining', 'data visualization', 'deep learning', 'git', 'machine learning', 'matplotlib', 'neural network', 'nlp', 'numpy', 'pandas', 'python', 'pytorch', 'scikit', 'sql', 'statistics', 'tableau', 'tensorflow']"
1324,TEACHER,2.5,4.17,0.0,1,23,['r'],"['agile', 'aws', 'azure', 'communication', 'computer vision', 'data analysis', 'data mining', 'data visualization', 'deep learning', 'git', 'machine learning', 'matplotlib', 'neural network', 'nlp', 'numpy', 'pandas', 'python', 'pytorch', 'scikit', 'sql', 'statistics', 'tableau', 'tensorflow']"
1325,TEACHER,2.5,4.17,0.0,1,23,['r'],"['agile', 'aws', 'azure', 'communication', 'computer vision', 'data analysis', 'data mining', 'data visualization', 'deep learning', 'git', 'machine learning', 'matplotlib', 'neural network', 'nlp', 'numpy', 'pandas', 'python', 'pytorch', 'scikit', 'sql', 'statistics', 'tableau', 'tensorflow']"
1326,TEACHER,2.5,4.17,0.0,1,23,['r'],"['agile', 'aws', 'azure', 'communication', 'computer vision', 'data analysis', 'data mining', 'data visualization', 'deep learning', 'git', 'machine learning', 'matplotlib', 'neural network', 'nlp', 'numpy', 'pandas', 'python', 'pytorch', 'scikit', 'sql', 'statistics', 'tableau', 'tensorflow']"
1327,TEACHER,2.5,4.17,0.0,1,23,['r'],"['agile', 'aws', 'azure', 'communication', 'computer vision', 'data analysis', 'data mining', 'data visualization', 'deep learning', 'git', 'machine learning', 'matplotlib', 'neural network', 'nlp', 'numpy', 'pandas', 'python', 'pytorch', 'scikit', 'sql', 'statistics', 'tableau', 'tensorflow']"
1328,TEACHER,2.5,4.17,0.0,1,23,['r'],"['agile', 'aws', 'azure', 'communication', 'computer vision', 'data analysis', 'data mining', 'data visualization', 'deep learning', 'git', 'machine learning', 'matplotlib', 'neural network', 'nlp', 'numpy', 'pandas', 'python', 'pytorch', 'scikit', 'sql', 'statistics', 'tableau', 'tensorflow']"
1329,ADVOCATE,2.5,4.17,0.0,1,23,['r'],"['agile', 'aws', 'azure', 'communication', 'computer vision', 'data analysis', 'data mining', 'data visualization', 'deep learning', 'git', 'machine learning', 'matplotlib', 'neural network', 'nlp', 'numpy', 'pandas', 'python', 'pytorch', 'scikit', 'sql', 'statistics', 'tableau', 'tensorflow']"
1330,ADVOCATE,2.5,4.17,0.0,1,23,['r'],"['agile', 'aws', 'azure', 'communication', 'computer vision', 'data analysis', 'data mining', 'data visualization', 'deep learning', 'git', 'machine learning', 'matplotlib', 'neural network', 'nlp', 'numpy', 'pandas', 'python', 'pytorch', 'scikit', 'sql', 'statistics', 'tableau', 'tensorflow']"
1331,ADVOCATE,2.5,4.17,0.0,1,23,['r'],"['agile', 'aws', 'azure', 'communication', 'computer vision', 'data analysis', 'data mining', 'data visualization', 'deep learning', 'git', 'machine learning', 'matplotlib', 'neural network', 'nlp', 'numpy', 'pandas', 'python', 'pytorch', 'scikit', 'sql', 'statistics', 'tableau', 'tensorflow']"
1332,ADVOCATE,2.5,4.17,0.0,1,23,['r'],"['agile', 'aws', 'azure', 'communication', 'computer vision', 'data analysis', 'data mining', 'data visualization', 'deep learning', 'git', 'machine learning', 'matplotlib', 'neural network', 'nlp', 'numpy', 'pandas', 'python', 'pytorch', 'scikit', 'sql', 'statistics', 'tableau', 'tensorflow']"
1333,ADVOCATE,2.5,4.17,0.0,1,23,['r'],"['agile', 'aws', 'azure', 'communication', 'computer vision', 'data analysis', 'data mining', 'data visualization', 'deep learning', 'git', 'machine learning', 'matplotlib', 'neural network', 'nlp', 'numpy', 'pandas', 'python', 'pytorch', 'scikit', 'sql', 'statistics', 'tableau', 'tensorflow']"
1334,ADVOCATE,2.5,4.17,0.0,1,23,['r'],"['agile', 'aws', 'azure', 'communication', 'computer vision', 'data analysis', 'data mining', 'data visualization', 'deep learning', 'git', 'machine learning', 'matplotlib', 'neural network', 'nlp', 'numpy', 'pandas', 'python', 'pytorch', 'scikit', 'sql', 'statistics', 'tableau', 'tensorflow']"
1335,ADVOCATE,2.5,4.17,0.0,1,23,['r'],"['agile', 'aws', 'azure', 'communication', 'computer vision', 'data analysis', 'data mining', 'data visualization', 'deep learning', 'git', 'machine learning', 'matplotlib', 'neural network', 'nlp', 'numpy', 'pandas', 'python', 'pytorch', 'scikit', 'sql', 'statistics', 'tableau', 'tensorflow']"
1336,ADVOCATE,2.5,4.17,0.0,1,23,['r'],"['agile', 'aws', 'azure', 'communication', 'computer vision', 'data analysis', 'data mining', 'data visualization', 'deep learning', 'git', 'machine learning', 'matplotlib', 'neural network', 'nlp', 'numpy', 'pandas', 'python', 'pytorch', 'scikit', 'sql', 'statistics', 'tableau', 'tensorflow']"
1337,ADVOCATE,2.5,4.17,0.0,1,23,['r'],"['agile', 'aws', 'azure', 'communication', 'computer vision', 'data analysis', 'data mining', 'data visualization', 'deep learning', 'git', 'machine learning', 'matplotlib', 'neural network', 'nlp', 'numpy', 'pandas', 'python', 'pytorch', 'scikit', 'sql', 'statistics', 'tableau', 'tensorflow']"
1338,ADVOCATE,2.5,4.17,0.0,1,23,['r'],"['agile', 'aws', 'azure', 'communication', 'computer vision', 'data analysis', 'data mining', 'data visualization', 'deep learning', 'git', 'machine learning', 'matplotlib', 'neural network', 'nlp', 'numpy', 'pandas', 'python', 'pytorch', 'scikit', 'sql', 'statistics', 'tableau', 'tensorflow']"
1339,ADVOCATE,2.5,4.17,0.0,1,23,['r'],"['agile', 'aws', 'azure', 'communication', 'computer vision', 'data analysis', 'data mining', 'data visualization', 'deep learning', 'git', 'machine learning', 'matplotlib', 'neural network', 'nlp', 'numpy', 'pandas', 'python', 'pytorch', 'scikit', 'sql', 'statistics', 'tableau', 'tensorflow']"
1340,ADVOCATE,2.5,4.17,0.0,1,23,['r'],"['agile', 'aws', 'azure', 'communication', 'computer vision', 'data analysis', 'data mining', 'data visualization', 'deep learning', 'git', 'machine learning', 'matplotlib', 'neural network', 'nlp', 'numpy', 'pandas', 'python', 'pytorch', 'scikit', 'sql', 'statistics', 'tableau', 'tensorflow']"
1341,ADVOCATE,2.5,4.17,0.0,1,23,['r'],"['agile', 'aws', 'azure', 'communication', 'computer vision', 'data analysis', 'data mining', 'data visualization', 'deep learning', 'git', 'machine learning', 'matplotlib', 'neural network', 'nlp', 'numpy', 'pandas', 'python', 'pytorch', 'scikit', 'sql', 'statistics', 'tableau', 'tensorflow']"
1342,ADVOCATE,2.5,4.17,0.0,1,23,['r'],"['agile', 'aws', 'azure', 'communication', 'computer vision', 'data analysis', 'data mining', 'data visualization', 'deep learning', 'git', 'machine learning', 'matplotlib', 'neural network', 'nlp', 'numpy', 'pandas', 'python', 'pytorch', 'scikit', 'sql', 'statistics', 'tableau', 'tensorflow']"
1343,ADVOCATE,2.5,4.17,0.0,1,23,['r'],"['agile', 'aws', 'azure', 'communication', 'computer vision', 'data analysis', 'data mining', 'data visualization', 'deep learning', 'git', 'machine learning', 'matplotlib', 'neural network', 'nlp', 'numpy', 'pandas', 'python', 'pytorch', 'scikit', 'sql', 'statistics', 'tableau', 'tensorflow']"
1344,ADVOCATE,2.5,4.17,0.0,1,23,['r'],"['agile', 'aws', 'azure', 'communication', 'computer vision', 'data analysis', 'data mining', 'data visualization', 'deep learning', 'git', 'machine learning', 'matplotlib', 'neural network', 'nlp', 'numpy', 'pandas', 'python', 'pytorch', 'scikit', 'sql', 'statistics', 'tableau', 'tensorflow']"
1345,ADVOCATE,2.5,4.17,0.0,1,23,['r'],"['agile', 'aws', 'azure', 'communication', 'computer vision', 'data analysis', 'data mining', 'data visualization', 'deep learning', 'git', 'machine learning', 'matplotlib', 'neural network', 'nlp', 'numpy', 'pandas', 'python', 'pytorch', 'scikit', 'sql', 'statistics', 'tableau', 'tensorflow']"
1346,ADVOCATE,2.5,4.17,0.0,1,23,['r'],"['agile', 'aws', 'azure', 'communication', 'computer vision', 'data analysis', 'data mining', 'data visualization', 'deep learning', 'git', 'machine learning', 'matplotlib', 'neural network', 'nlp', 'numpy', 'pandas', 'python', 'pytorch', 'scikit', 'sql', 'statistics', 'tableau', 'tensorflow']"
1347,ADVOCATE,2.5,4.17,0.0,1,23,['r'],"['agile', 'aws', 'azure', 'communication', 'computer vision', 'data analysis', 'data mining', 'data visualization', 'deep learning', 'git', 'machine learning', 'matplotlib', 'neural network', 'nlp', 'numpy', 'pandas', 'python', 'pytorch', 'scikit', 'sql', 'statistics', 'tableau', 'tensorflow']"
1348,ADVOCATE,2.5,4.17,0.0,1,23,['r'],"['agile', 'aws', 'azure', 'communication', 'computer vision', 'data analysis', 'data mining', 'data visualization', 'deep learning', 'git', 'machine learning', 'matplotlib', 'neural network', 'nlp', 'numpy', 'pandas', 'python', 'pytorch', 'scikit', 'sql', 'statistics', 'tableau', 'tensorflow']"
1349,ADVOCATE,2.5,4.17,0.0,1,23,['r'],"['agile', 'aws', 'azure', 'communication', 'computer vision', 'data analysis', 'data mining', 'data visualization', 'deep learning', 'git', 'machine learning', 'matplotlib', 'neural network', 'nlp', 'numpy', 'pandas', 'python', 'pytorch', 'scikit', 'sql', 'statistics', 'tableau', 'tensorflow']"
1350,ADVOCATE,2.5,4.17,0.0,1,23,['r'],"['agile', 'aws', 'azure', 'communication', 'computer vision', 'data analysis', 'data mining', 'data visualization', 'deep learning', 'git', 'machine learning', 'matplotlib', 'neural network', 'nlp', 'numpy', 'pandas', 'python', 'pytorch', 'scikit', 'sql', 'statistics', 'tableau', 'tensorflow']"
1351,ADVOCATE,2.5,4.17,0.0,1,23,['r'],"['agile', 'aws', 'azure', 'communication', 'computer vision', 'data analysis', 'data mining', 'data visualization', 'deep learning', 'git', 'machine learning', 'matplotlib', 'neural network', 'nlp', 'numpy', 'pandas', 'python', 'pytorch', 'scikit', 'sql', 'statistics', 'tableau', 'tensorflow']"
1352,ADVOCATE,2.5,4.17,0.0,1,23,['r'],"['agile', 'aws', 'azure', 'communication', 'computer vision', 'data analysis', 'data mining', 'data visualization', 'deep learning', 'git', 'machine learning', 'matplotlib', 'neural network', 'nlp', 'numpy', 'pandas', 'python', 'pytorch', 'scikit', 'sql', 'statistics', 'tableau', 'tensorflow']"
1353,ADVOCATE,2.5,4.17,0.0,1,23,['r'],"['agile', 'aws', 'azure', 'communication', 'computer vision', 'data analysis', 'data mining', 'data visualization', 'deep learning', 'git', 'machine learning', 'matplotlib', 'neural network', 'nlp', 'numpy', 'pandas', 'python', 'pytorch', 'scikit', 'sql', 'statistics', 'tableau', 'tensorflow']"
1354,ADVOCATE,2.5,4.17,0.0,1,23,['r'],"['agile', 'aws', 'azure', 'communication', 'computer vision', 'data analysis', 'data mining', 'data visualization', 'deep learning', 'git', 'machine learning', 'matplotlib', 'neural network', 'nlp', 'numpy', 'pandas', 'python', 'pytorch', 'scikit', 'sql', 'statistics', 'tableau', 'tensorflow']"
1355,ADVOCATE,2.5,4.17,0.0,1,23,['r'],"['agile', 'aws', 'azure', 'communication', 'computer vision', 'data analysis', 'data mining', 'data visualization', 'deep learning', 'git', 'machine learning', 'matplotlib', 'neural network', 'nlp', 'numpy', 'pandas', 'python', 'pytorch', 'scikit', 'sql', 'statistics', 'tableau', 'tensorflow']"
1356,ADVOCATE,2.5,4.17,0.0,1,23,['r'],"['agile', 'aws', 'azure', 'communication', 'computer vision', 'data analysis', 'data mining', 'data visualization', 'deep learning', 'git', 'machine learning', 'matplotlib', 'neural network', 'nlp', 'numpy', 'pandas', 'python', 'pytorch', 'scikit', 'sql', 'statistics', 'tableau', 'tensorflow']"
1357,ADVOCATE,2.5,4.17,0.0,1,23,['r'],"['agile', 'aws', 'azure', 'communication', 'computer vision', 'data analysis', 'data mining', 'data visualization', 'deep learning', 'git', 'machine learning', 'matplotlib', 'neural network', 'nlp', 'numpy', 'pandas', 'python', 'pytorch', 'scikit', 'sql', 'statistics', 'tableau', 'tensorflow']"
1358,ADVOCATE,2.5,4.17,0.0,1,23,['r'],"['agile', 'aws', 'azure', 'communication', 'computer vision', 'data analysis', 'data mining', 'data visualization', 'deep learning', 'git', 'machine learning', 'matplotlib', 'neural network', 'nlp', 'numpy', 'pandas', 'python', 'pytorch', 'scikit', 'sql', 'statistics', 'tableau', 'tensorflow']"
1359,ADVOCATE,2.5,4.17,0.0,1,23,['r'],"['agile', 'aws', 'azure', 'communication', 'computer vision', 'data analysis', 'data mining', 'data visualization', 'deep learning', 'git', 'machine learning', 'matplotlib', 'neural network', 'nlp', 'numpy', 'pandas', 'python', 'pytorch', 'scikit', 'sql', 'statistics', 'tableau', 'tensorflow']"
1360,ADVOCATE,2.5,4.17,0.0,1,23,['r'],"['agile', 'aws', 'azure', 'communication', 'computer vision', 'data analysis', 'data mining', 'data visualization', 'deep learning', 'git', 'machine learning', 'matplotlib', 'neural network', 'nlp', 'numpy', 'pandas', 'python', 'pytorch', 'scikit', 'sql', 'statistics', 'tableau', 'tensorflow']"
1361,ADVOCATE,2.5,4.17,0.0,1,23,['r'],"['agile', 'aws', 'azure', 'communication', 'computer vision', 'data analysis', 'data mining', 'data visualization', 'deep learning', 'git', 'machine learning', 'matplotlib', 'neural network', 'nlp', 'numpy', 'pandas', 'python', 'pytorch', 'scikit', 'sql', 'statistics', 'tableau', 'tensorflow']"
1362,ADVOCATE,2.5,4.17,0.0,1,23,['r'],"['agile', 'aws', 'azure', 'communication', 'computer vision', 'data analysis', 'data mining', 'data visualization', 'deep learning', 'git', 'machine learning', 'matplotlib', 'neural network', 'nlp', 'numpy', 'pandas', 'python', 'pytorch', 'scikit', 'sql', 'statistics', 'tableau', 'tensorflow']"
1363,ADVOCATE,2.5,4.17,0.0,1,23,['r'],"['agile', 'aws', 'azure', 'communication', 'computer vision', 'data analysis', 'data mining', 'data visualization', 'deep learning', 'git', 'machine learning', 'matplotlib', 'neural network', 'nlp', 'numpy', 'pandas', 'python', 'pytorch', 'scikit', 'sql', 'statistics', 'tableau', 'tensorflow']"
1364,ADVOCATE,2.5,4.17,0.0,1,23,['r'],"['agile', 'aws', 'azure', 'communication', 'computer vision', 'data analysis', 'data mining', 'data visualization', 'deep learning', 'git', 'machine learning', 'matplotlib', 'neural network', 'nlp', 'numpy', 'pandas', 'python', 'pytorch', 'scikit', 'sql', 'statistics', 'tableau', 'tensorflow']"
1365,ADVOCATE,2.5,4.17,0.0,1,23,['r'],"['agile', 'aws', 'azure', 'communication', 'computer vision', 'data analysis', 'data mining', 'data visualization', 'deep learning', 'git', 'machine learning', 'matplotlib', 'neural network', 'nlp', 'numpy', 'pandas', 'python', 'pytorch', 'scikit', 'sql', 'statistics', 'tableau', 'tensorflow']"
1366,TEACHER,2.5,4.17,0.0,1,23,['r'],"['agile', 'aws', 'azure', 'communication', 'computer vision', 'data analysis', 'data mining', 'data visualization', 'deep learning', 'git', 'machine learning', 'matplotlib', 'neural network', 'nlp', 'numpy', 'pandas', 'python', 'pytorch', 'scikit', 'sql', 'statistics', 'tableau', 'tensorflow']"
1367,TEACHER,2.5,4.17,0.0,1,23,['r'],"['agile', 'aws', 'azure', 'communication', 'computer vision', 'data analysis', 'data mining', 'data visualization', 'deep learning', 'git', 'machine learning', 'matplotlib', 'neural network', 'nlp', 'numpy', 'pandas', 'python', 'pytorch', 'scikit', 'sql', 'statistics', 'tableau', 'tensorflow']"
1368,TEACHER,2.5,4.17,0.0,1,23,['r'],"['agile', 'aws', 'azure', 'communication', 'computer vision', 'data analysis', 'data mining', 'data visualization', 'deep learning', 'git', 'machine learning', 'matplotlib', 'neural network', 'nlp', 'numpy', 'pandas', 'python', 'pytorch', 'scikit', 'sql', 'statistics', 'tableau', 'tensorflow']"
1369,TEACHER,2.5,4.17,0.0,1,23,['r'],"['agile', 'aws', 'azure', 'communication', 'computer vision', 'data analysis', 'data mining', 'data visualization', 'deep learning', 'git', 'machine learning', 'matplotlib', 'neural network', 'nlp', 'numpy', 'pandas', 'python', 'pytorch', 'scikit', 'sql', 'statistics', 'tableau', 'tensorflow']"
1370,TEACHER,2.5,4.17,0.0,1,23,['r'],"['agile', 'aws', 'azure', 'communication', 'computer vision', 'data analysis', 'data mining', 'data visualization', 'deep learning', 'git', 'machine learning', 'matplotlib', 'neural network', 'nlp', 'numpy', 'pandas', 'python', 'pytorch', 'scikit', 'sql', 'statistics', 'tableau', 'tensorflow']"
1371,TEACHER,2.5,4.17,0.0,1,23,['r'],"['agile', 'aws', 'azure', 'communication', 'computer vision', 'data analysis', 'data mining', 'data visualization', 'deep learning', 'git', 'machine learning', 'matplotlib', 'neural network', 'nlp', 'numpy', 'pandas', 'python', 'pytorch', 'scikit', 'sql', 'statistics', 'tableau', 'tensorflow']"
1372,TEACHER,2.5,4.17,0.0,1,23,['r'],"['agile', 'aws', 'azure', 'communication', 'computer vision', 'data analysis', 'data mining', 'data visualization', 'deep learning', 'git', 'machine learning', 'matplotlib', 'neural network', 'nlp', 'numpy', 'pandas', 'python', 'pytorch', 'scikit', 'sql', 'statistics', 'tableau', 'tensorflow']"
1373,TEACHER,2.5,4.17,0.0,1,23,['r'],"['agile', 'aws', 'azure', 'communication', 'computer vision', 'data analysis', 'data mining', 'data visualization', 'deep learning', 'git', 'machine learning', 'matplotlib', 'neural network', 'nlp', 'numpy', 'pandas', 'python', 'pytorch', 'scikit', 'sql', 'statistics', 'tableau', 'tensorflow']"
1374,TEACHER,2.5,4.17,0.0,1,23,['r'],"['agile', 'aws', 'azure', 'communication', 'computer vision', 'data analysis', 'data mining', 'data visualization', 'deep learning', 'git', 'machine learning', 'matplotlib', 'neural network', 'nlp', 'numpy', 'pandas', 'python', 'pytorch', 'scikit', 'sql', 'statistics', 'tableau', 'tensorflow']"
1375,TEACHER,2.5,4.17,0.0,1,23,['r'],"['agile', 'aws', 'azure', 'communication', 'computer vision', 'data analysis', 'data mining', 'data visualization', 'deep learning', 'git', 'machine learning', 'matplotlib', 'neural network', 'nlp', 'numpy', 'pandas', 'python', 'pytorch', 'scikit', 'sql', 'statistics', 'tableau', 'tensorflow']"
1376,TEACHER,2.5,4.17,0.0,1,23,['r'],"['agile', 'aws', 'azure', 'communication', 'computer vision', 'data analysis', 'data mining', 'data visualization', 'deep learning', 'git', 'machine learning', 'matplotlib', 'neural network', 'nlp', 'numpy', 'pandas', 'python', 'pytorch', 'scikit', 'sql', 'statistics', 'tableau', 'tensorflow']"
1377,TEACHER,2.5,4.17,0.0,1,23,['r'],"['agile', 'aws', 'azure', 'communication', 'computer vision', 'data analysis', 'data mining', 'data visualization', 'deep learning', 'git', 'machine learning', 'matplotlib', 'neural network', 'nlp', 'numpy', 'pandas', 'python', 'pytorch', 'scikit', 'sql', 'statistics', 'tableau', 'tensorflow']"
1378,TEACHER,2.5,4.17,0.0,1,23,['r'],"['agile', 'aws', 'azure', 'communication', 'computer vision', 'data analysis', 'data mining', 'data visualization', 'deep learning', 'git', 'machine learning', 'matplotlib', 'neural network', 'nlp', 'numpy', 'pandas', 'python', 'pytorch', 'scikit', 'sql', 'statistics', 'tableau', 'tensorflow']"
1379,TEACHER,2.5,4.17,0.0,1,23,['r'],"['agile', 'aws', 'azure', 'communication', 'computer vision', 'data analysis', 'data mining', 'data visualization', 'deep learning', 'git', 'machine learning', 'matplotlib', 'neural network', 'nlp', 'numpy', 'pandas', 'python', 'pytorch', 'scikit', 'sql', 'statistics', 'tableau', 'tensorflow']"
1380,TEACHER,2.5,4.17,0.0,1,23,['r'],"['agile', 'aws', 'azure', 'communication', 'computer vision', 'data analysis', 'data mining', 'data visualization', 'deep learning', 'git', 'machine learning', 'matplotlib', 'neural network', 'nlp', 'numpy', 'pandas', 'python', 'pytorch', 'scikit', 'sql', 'statistics', 'tableau', 'tensorflow']"
1381,TEACHER,2.5,4.17,0.0,1,23,['r'],"['agile', 'aws', 'azure', 'communication', 'computer vision', 'data analysis', 'data mining', 'data visualization', 'deep learning', 'git', 'machine learning', 'matplotlib', 'neural network', 'nlp', 'numpy', 'pandas', 'python', 'pytorch', 'scikit', 'sql', 'statistics', 'tableau', 'tensorflow']"
1382,TEACHER,2.5,4.17,0.0,1,23,['r'],"['agile', 'aws', 'azure', 'communication', 'computer vision', 'data analysis', 'data mining', 'data visualization', 'deep learning', 'git', 'machine learning', 'matplotlib', 'neural network', 'nlp', 'numpy', 'pandas', 'python', 'pytorch', 'scikit', 'sql', 'statistics', 'tableau', 'tensorflow']"
1383,TEACHER,2.5,4.17,0.0,1,23,['r'],"['agile', 'aws', 'azure', 'communication', 'computer vision', 'data analysis', 'data mining', 'data visualization', 'deep learning', 'git', 'machine learning', 'matplotlib', 'neural network', 'nlp', 'numpy', 'pandas', 'python', 'pytorch', 'scikit', 'sql', 'statistics', 'tableau', 'tensorflow']"
1384,INFORMATION-TECHNOLOGY,2.5,4.17,0.0,1,23,['r'],"['agile', 'aws', 'azure', 'communication', 'computer vision', 'data analysis', 'data mining', 'data visualization', 'deep learning', 'git', 'machine learning', 'matplotlib', 'neural network', 'nlp', 'numpy', 'pandas', 'python', 'pytorch', 'scikit', 'sql', 'statistics', 'tableau', 'tensorflow']"
1385,INFORMATION-TECHNOLOGY,2.5,4.17,0.0,1,23,['r'],"['agile', 'aws', 'azure', 'communication', 'computer vision', 'data analysis', 'data mining', 'data visualization', 'deep learning', 'git', 'machine learning', 'matplotlib', 'neural network', 'nlp', 'numpy', 'pandas', 'python', 'pytorch', 'scikit', 'sql', 'statistics', 'tableau', 'tensorflow']"
1386,INFORMATION-TECHNOLOGY,2.5,4.17,0.0,1,23,['r'],"['agile', 'aws', 'azure', 'communication', 'computer vision', 'data analysis', 'data mining', 'data visualization', 'deep learning', 'git', 'machine learning', 'matplotlib', 'neural network', 'nlp', 'numpy', 'pandas', 'python', 'pytorch', 'scikit', 'sql', 'statistics', 'tableau', 'tensorflow']"
1387,INFORMATION-TECHNOLOGY,2.5,4.17,0.0,1,23,['r'],"['agile', 'aws', 'azure', 'communication', 'computer vision', 'data analysis', 'data mining', 'data visualization', 'deep learning', 'git', 'machine learning', 'matplotlib', 'neural network', 'nlp', 'numpy', 'pandas', 'python', 'pytorch', 'scikit', 'sql', 'statistics', 'tableau', 'tensorflow']"
1388,INFORMATION-TECHNOLOGY,2.5,4.17,0.0,1,23,['r'],"['agile', 'aws', 'azure', 'communication', 'computer vision', 'data analysis', 'data mining', 'data visualization', 'deep learning', 'git', 'machine learning', 'matplotlib', 'neural network', 'nlp', 'numpy', 'pandas', 'python', 'pytorch', 'scikit', 'sql', 'statistics', 'tableau', 'tensorflow']"
1389,INFORMATION-TECHNOLOGY,2.5,4.17,0.0,1,23,['r'],"['agile', 'aws', 'azure', 'communication', 'computer vision', 'data analysis', 'data mining', 'data visualization', 'deep learning', 'git', 'machine learning', 'matplotlib', 'neural network', 'nlp', 'numpy', 'pandas', 'python', 'pytorch', 'scikit', 'sql', 'statistics', 'tableau', 'tensorflow']"
1390,INFORMATION-TECHNOLOGY,2.5,4.17,0.0,1,23,['r'],"['agile', 'aws', 'azure', 'communication', 'computer vision', 'data analysis', 'data mining', 'data visualization', 'deep learning', 'git', 'machine learning', 'matplotlib', 'neural network', 'nlp', 'numpy', 'pandas', 'python', 'pytorch', 'scikit', 'sql', 'statistics', 'tableau', 'tensorflow']"
1391,INFORMATION-TECHNOLOGY,2.5,4.17,0.0,1,23,['r'],"['agile', 'aws', 'azure', 'communication', 'computer vision', 'data analysis', 'data mining', 'data visualization', 'deep learning', 'git', 'machine learning', 'matplotlib', 'neural network', 'nlp', 'numpy', 'pandas', 'python', 'pytorch', 'scikit', 'sql', 'statistics', 'tableau', 'tensorflow']"
1392,TEACHER,2.5,4.17,0.0,1,23,['r'],"['agile', 'aws', 'azure', 'communication', 'computer vision', 'data analysis', 'data mining', 'data visualization', 'deep learning', 'git', 'machine learning', 'matplotlib', 'neural network', 'nlp', 'numpy', 'pandas', 'python', 'pytorch', 'scikit', 'sql', 'statistics', 'tableau', 'tensorflow']"
1393,INFORMATION-TECHNOLOGY,2.5,4.17,0.0,1,23,['r'],"['agile', 'aws', 'azure', 'communication', 'computer vision', 'data analysis', 'data mining', 'data visualization', 'deep learning', 'git', 'machine learning', 'matplotlib', 'neural network', 'nlp', 'numpy', 'pandas', 'python', 'pytorch', 'scikit', 'sql', 'statistics', 'tableau', 'tensorflow']"
1394,INFORMATION-TECHNOLOGY,2.5,4.17,0.0,1,23,['r'],"['agile', 'aws', 'azure', 'communication', 'computer vision', 'data analysis', 'data mining', 'data visualization', 'deep learning', 'git', 'machine learning', 'matplotlib', 'neural network', 'nlp', 'numpy', 'pandas', 'python', 'pytorch', 'scikit', 'sql', 'statistics', 'tableau', 'tensorflow']"
1395,INFORMATION-TECHNOLOGY,2.5,4.17,0.0,1,23,['r'],"['agile', 'aws', 'azure', 'communication', 'computer vision', 'data analysis', 'data mining', 'data visualization', 'deep learning', 'git', 'machine learning', 'matplotlib', 'neural network', 'nlp', 'numpy', 'pandas', 'python', 'pytorch', 'scikit', 'sql', 'statistics', 'tableau', 'tensorflow']"
1396,INFORMATION-TECHNOLOGY,2.5,4.17,0.0,1,23,['r'],"['agile', 'aws', 'azure', 'communication', 'computer vision', 'data analysis', 'data mining', 'data visualization', 'deep learning', 'git', 'machine learning', 'matplotlib', 'neural network', 'nlp', 'numpy', 'pandas', 'python', 'pytorch', 'scikit', 'sql', 'statistics', 'tableau', 'tensorflow']"
1397,INFORMATION-TECHNOLOGY,2.5,4.17,0.0,1,23,['r'],"['agile', 'aws', 'azure', 'communication', 'computer vision', 'data analysis', 'data mining', 'data visualization', 'deep learning', 'git', 'machine learning', 'matplotlib', 'neural network', 'nlp', 'numpy', 'pandas', 'python', 'pytorch', 'scikit', 'sql', 'statistics', 'tableau', 'tensorflow']"
1398,INFORMATION-TECHNOLOGY,2.5,4.17,0.0,1,23,['r'],"['agile', 'aws', 'azure', 'communication', 'computer vision', 'data analysis', 'data mining', 'data visualization', 'deep learning', 'git', 'machine learning', 'matplotlib', 'neural network', 'nlp', 'numpy', 'pandas', 'python', 'pytorch', 'scikit', 'sql', 'statistics', 'tableau', 'tensorflow']"
1399,INFORMATION-TECHNOLOGY,2.5,4.17,0.0,1,23,['r'],"['agile', 'aws', 'azure', 'communication', 'computer vision', 'data analysis', 'data mining', 'data visualization', 'deep learning', 'git', 'machine learning', 'matplotlib', 'neural network', 'nlp', 'numpy', 'pandas', 'python', 'pytorch', 'scikit', 'sql', 'statistics', 'tableau', 'tensorflow']"
1400,INFORMATION-TECHNOLOGY,2.5,4.17,0.0,1,23,['r'],"['agile', 'aws', 'azure', 'communication', 'computer vision', 'data analysis', 'data mining', 'data visualization', 'deep learning', 'git', 'machine learning', 'matplotlib', 'neural network', 'nlp', 'numpy', 'pandas', 'python', 'pytorch', 'scikit', 'sql', 'statistics', 'tableau', 'tensorflow']"
1401,TEACHER,2.5,4.17,0.0,1,23,['r'],"['agile', 'aws', 'azure', 'communication', 'computer vision', 'data analysis', 'data mining', 'data visualization', 'deep learning', 'git', 'machine learning', 'matplotlib', 'neural network', 'nlp', 'numpy', 'pandas', 'python', 'pytorch', 'scikit', 'sql', 'statistics', 'tableau', 'tensorflow']"
1402,INFORMATION-TECHNOLOGY,2.5,4.17,0.0,1,23,['r'],"['agile', 'aws', 'azure', 'communication', 'computer vision', 'data analysis', 'data mining', 'data visualization', 'deep learning', 'git', 'machine learning', 'matplotlib', 'neural network', 'nlp', 'numpy', 'pandas', 'python', 'pytorch', 'scikit', 'sql', 'statistics', 'tableau', 'tensorflow']"
1403,TEACHER,2.5,4.17,0.0,1,23,['r'],"['agile', 'aws', 'azure', 'communication', 'computer vision', 'data analysis', 'data mining', 'data visualization', 'deep learning', 'git', 'machine learning', 'matplotlib', 'neural network', 'nlp', 'numpy', 'pandas', 'python', 'pytorch', 'scikit', 'sql', 'statistics', 'tableau', 'tensorflow']"
1404,TEACHER,2.5,4.17,0.0,1,23,['r'],"['agile', 'aws', 'azure', 'communication', 'computer vision', 'data analysis', 'data mining', 'data visualization', 'deep learning', 'git', 'machine learning', 'matplotlib', 'neural network', 'nlp', 'numpy', 'pandas', 'python', 'pytorch', 'scikit', 'sql', 'statistics', 'tableau', 'tensorflow']"
1405,TEACHER,2.5,4.17,0.0,1,23,['r'],"['agile', 'aws', 'azure', 'communication', 'computer vision', 'data analysis', 'data mining', 'data visualization', 'deep learning', 'git', 'machine learning', 'matplotlib', 'neural network', 'nlp', 'numpy', 'pandas', 'python', 'pytorch', 'scikit', 'sql', 'statistics', 'tableau', 'tensorflow']"
1406,TEACHER,2.5,4.17,0.0,1,23,['r'],"['agile', 'aws', 'azure', 'communication', 'computer vision', 'data analysis', 'data mining', 'data visualization', 'deep learning', 'git', 'machine learning', 'matplotlib', 'neural network', 'nlp', 'numpy', 'pandas', 'python', 'pytorch', 'scikit', 'sql', 'statistics', 'tableau', 'tensorflow']"
1407,TEACHER,2.5,4.17,0.0,1,23,['r'],"['agile', 'aws', 'azure', 'communication', 'computer vision', 'data analysis', 'data mining', 'data visualization', 'deep learning', 'git', 'machine learning', 'matplotlib', 'neural network', 'nlp', 'numpy', 'pandas', 'python', 'pytorch', 'scikit', 'sql', 'statistics', 'tableau', 'tensorflow']"
1408,TEACHER,2.5,4.17,0.0,1,23,['r'],"['agile', 'aws', 'azure', 'communication', 'computer vision', 'data analysis', 'data mining', 'data visualization', 'deep learning', 'git', 'machine learning', 'matplotlib', 'neural network', 'nlp', 'numpy', 'pandas', 'python', 'pytorch', 'scikit', 'sql', 'statistics', 'tableau', 'tensorflow']"
1409,TEACHER,2.5,4.17,0.0,1,23,['r'],"['agile', 'aws', 'azure', 'communication', 'computer vision', 'data analysis', 'data mining', 'data visualization', 'deep learning', 'git', 'machine learning', 'matplotlib', 'neural network', 'nlp', 'numpy', 'pandas', 'python', 'pytorch', 'scikit', 'sql', 'statistics', 'tableau', 'tensorflow']"
1410,TEACHER,2.5,4.17,0.0,1,23,['r'],"['agile', 'aws', 'azure', 'communication', 'computer vision', 'data analysis', 'data mining', 'data visualization', 'deep learning', 'git', 'machine learning', 'matplotlib', 'neural network', 'nlp', 'numpy', 'pandas', 'python', 'pytorch', 'scikit', 'sql', 'statistics', 'tableau', 'tensorflow']"
1411,TEACHER,2.5,4.17,0.0,1,23,['r'],"['agile', 'aws', 'azure', 'communication', 'computer vision', 'data analysis', 'data mining', 'data visualization', 'deep learning', 'git', 'machine learning', 'matplotlib', 'neural network', 'nlp', 'numpy', 'pandas', 'python', 'pytorch', 'scikit', 'sql', 'statistics', 'tableau', 'tensorflow']"
1412,TEACHER,2.5,4.17,0.0,1,23,['r'],"['agile', 'aws', 'azure', 'communication', 'computer vision', 'data analysis', 'data mining', 'data visualization', 'deep learning', 'git', 'machine learning', 'matplotlib', 'neural network', 'nlp', 'numpy', 'pandas', 'python', 'pytorch', 'scikit', 'sql', 'statistics', 'tableau', 'tensorflow']"
1413,TEACHER,2.5,4.17,0.0,1,23,['r'],"['agile', 'aws', 'azure', 'communication', 'computer vision', 'data analysis', 'data mining', 'data visualization', 'deep learning', 'git', 'machine learning', 'matplotlib', 'neural network', 'nlp', 'numpy', 'pandas', 'python', 'pytorch', 'scikit', 'sql', 'statistics', 'tableau', 'tensorflow']"
1414,TEACHER,2.5,4.17,0.0,1,23,['r'],"['agile', 'aws', 'azure', 'communication', 'computer vision', 'data analysis', 'data mining', 'data visualization', 'deep learning', 'git', 'machine learning', 'matplotlib', 'neural network', 'nlp', 'numpy', 'pandas', 'python', 'pytorch', 'scikit', 'sql', 'statistics', 'tableau', 'tensorflow']"
1415,TEACHER,2.5,4.17,0.0,1,23,['r'],"['agile', 'aws', 'azure', 'communication', 'computer vision', 'data analysis', 'data mining', 'data visualization', 'deep learning', 'git', 'machine learning', 'matplotlib', 'neural network', 'nlp', 'numpy', 'pandas', 'python', 'pytorch', 'scikit', 'sql', 'statistics', 'tableau', 'tensorflow']"
1416,TEACHER,2.5,4.17,0.0,1,23,['r'],"['agile', 'aws', 'azure', 'communication', 'computer vision', 'data analysis', 'data mining', 'data visualization', 'deep learning', 'git', 'machine learning', 'matplotlib', 'neural network', 'nlp', 'numpy', 'pandas', 'python', 'pytorch', 'scikit', 'sql', 'statistics', 'tableau', 'tensorflow']"
1417,TEACHER,2.5,4.17,0.0,1,23,['r'],"['agile', 'aws', 'azure', 'communication', 'computer vision', 'data analysis', 'data mining', 'data visualization', 'deep learning', 'git', 'machine learning', 'matplotlib', 'neural network', 'nlp', 'numpy', 'pandas', 'python', 'pytorch', 'scikit', 'sql', 'statistics', 'tableau', 'tensorflow']"
1418,TEACHER,2.5,4.17,0.0,1,23,['r'],"['agile', 'aws', 'azure', 'communication', 'computer vision', 'data analysis', 'data mining', 'data visualization', 'deep learning', 'git', 'machine learning', 'matplotlib', 'neural network', 'nlp', 'numpy', 'pandas', 'python', 'pytorch', 'scikit', 'sql', 'statistics', 'tableau', 'tensorflow']"
1419,TEACHER,2.5,4.17,0.0,1,23,['r'],"['agile', 'aws', 'azure', 'communication', 'computer vision', 'data analysis', 'data mining', 'data visualization', 'deep learning', 'git', 'machine learning', 'matplotlib', 'neural network', 'nlp', 'numpy', 'pandas', 'python', 'pytorch', 'scikit', 'sql', 'statistics', 'tableau', 'tensorflow']"
1420,TEACHER,2.5,4.17,0.0,1,23,['r'],"['agile', 'aws', 'azure', 'communication', 'computer vision', 'data analysis', 'data mining', 'data visualization', 'deep learning', 'git', 'machine learning', 'matplotlib', 'neural network', 'nlp', 'numpy', 'pandas', 'python', 'pytorch', 'scikit', 'sql', 'statistics', 'tableau', 'tensorflow']"
1421,TEACHER,2.5,4.17,0.0,1,23,['r'],"['agile', 'aws', 'azure', 'communication', 'computer vision', 'data analysis', 'data mining', 'data visualization', 'deep learning', 'git', 'machine learning', 'matplotlib', 'neural network', 'nlp', 'numpy', 'pandas', 'python', 'pytorch', 'scikit', 'sql', 'statistics', 'tableau', 'tensorflow']"
1422,TEACHER,2.5,4.17,0.0,1,23,['r'],"['agile', 'aws', 'azure', 'communication', 'computer vision', 'data analysis', 'data mining', 'data visualization', 'deep learning', 'git', 'machine learning', 'matplotlib', 'neural network', 'nlp', 'numpy', 'pandas', 'python', 'pytorch', 'scikit', 'sql', 'statistics', 'tableau', 'tensorflow']"
1423,TEACHER,2.5,4.17,0.0,1,23,['r'],"['agile', 'aws', 'azure', 'communication', 'computer vision', 'data analysis', 'data mining', 'data visualization', 'deep learning', 'git', 'machine learning', 'matplotlib', 'neural network', 'nlp', 'numpy', 'pandas', 'python', 'pytorch', 'scikit', 'sql', 'statistics', 'tableau', 'tensorflow']"
1424,TEACHER,2.5,4.17,0.0,1,23,['r'],"['agile', 'aws', 'azure', 'communication', 'computer vision', 'data analysis', 'data mining', 'data visualization', 'deep learning', 'git', 'machine learning', 'matplotlib', 'neural network', 'nlp', 'numpy', 'pandas', 'python', 'pytorch', 'scikit', 'sql', 'statistics', 'tableau', 'tensorflow']"
1425,TEACHER,2.5,4.17,0.0,1,23,['r'],"['agile', 'aws', 'azure', 'communication', 'computer vision', 'data analysis', 'data mining', 'data visualization', 'deep learning', 'git', 'machine learning', 'matplotlib', 'neural network', 'nlp', 'numpy', 'pandas', 'python', 'pytorch', 'scikit', 'sql', 'statistics', 'tableau', 'tensorflow']"
1426,TEACHER,2.5,4.17,0.0,1,23,['r'],"['agile', 'aws', 'azure', 'communication', 'computer vision', 'data analysis', 'data mining', 'data visualization', 'deep learning', 'git', 'machine learning', 'matplotlib', 'neural network', 'nlp', 'numpy', 'pandas', 'python', 'pytorch', 'scikit', 'sql', 'statistics', 'tableau', 'tensorflow']"
1427,TEACHER,2.5,4.17,0.0,1,23,['r'],"['agile', 'aws', 'azure', 'communication', 'computer vision', 'data analysis', 'data mining', 'data visualization', 'deep learning', 'git', 'machine learning', 'matplotlib', 'neural network', 'nlp', 'numpy', 'pandas', 'python', 'pytorch', 'scikit', 'sql', 'statistics', 'tableau', 'tensorflow']"
1428,TEACHER,2.5,4.17,0.0,1,23,['r'],"['agile', 'aws', 'azure', 'communication', 'computer vision', 'data analysis', 'data mining', 'data visualization', 'deep learning', 'git', 'machine learning', 'matplotlib', 'neural network', 'nlp', 'numpy', 'pandas', 'python', 'pytorch', 'scikit', 'sql', 'statistics', 'tableau', 'tensorflow']"
1429,TEACHER,2.5,4.17,0.0,1,23,['r'],"['agile', 'aws', 'azure', 'communication', 'computer vision', 'data analysis', 'data mining', 'data visualization', 'deep learning', 'git', 'machine learning', 'matplotlib', 'neural network', 'nlp', 'numpy', 'pandas', 'python', 'pytorch', 'scikit', 'sql', 'statistics', 'tableau', 'tensorflow']"
1430,TEACHER,2.5,4.17,0.0,1,23,['r'],"['agile', 'aws', 'azure', 'communication', 'computer vision', 'data analysis', 'data mining', 'data visualization', 'deep learning', 'git', 'machine learning', 'matplotlib', 'neural network', 'nlp', 'numpy', 'pandas', 'python', 'pytorch', 'scikit', 'sql', 'statistics', 'tableau', 'tensorflow']"
1431,TEACHER,2.5,4.17,0.0,1,23,['r'],"['agile', 'aws', 'azure', 'communication', 'computer vision', 'data analysis', 'data mining', 'data visualization', 'deep learning', 'git', 'machine learning', 'matplotlib', 'neural network', 'nlp', 'numpy', 'pandas', 'python', 'pytorch', 'scikit', 'sql', 'statistics', 'tableau', 'tensorflow']"
1432,TEACHER,2.5,4.17,0.0,1,23,['r'],"['agile', 'aws', 'azure', 'communication', 'computer vision', 'data analysis', 'data mining', 'data visualization', 'deep learning', 'git', 'machine learning', 'matplotlib', 'neural network', 'nlp', 'numpy', 'pandas', 'python', 'pytorch', 'scikit', 'sql', 'statistics', 'tableau', 'tensorflow']"
1433,TEACHER,2.5,4.17,0.0,1,23,['r'],"['agile', 'aws', 'azure', 'communication', 'computer vision', 'data analysis', 'data mining', 'data visualization', 'deep learning', 'git', 'machine learning', 'matplotlib', 'neural network', 'nlp', 'numpy', 'pandas', 'python', 'pytorch', 'scikit', 'sql', 'statistics', 'tableau', 'tensorflow']"
1434,TEACHER,2.5,4.17,0.0,1,23,['r'],"['agile', 'aws', 'azure', 'communication', 'computer vision', 'data analysis', 'data mining', 'data visualization', 'deep learning', 'git', 'machine learning', 'matplotlib', 'neural network', 'nlp', 'numpy', 'pandas', 'python', 'pytorch', 'scikit', 'sql', 'statistics', 'tableau', 'tensorflow']"
1435,TEACHER,2.5,4.17,0.0,1,23,['r'],"['agile', 'aws', 'azure', 'communication', 'computer vision', 'data analysis', 'data mining', 'data visualization', 'deep learning', 'git', 'machine learning', 'matplotlib', 'neural network', 'nlp', 'numpy', 'pandas', 'python', 'pytorch', 'scikit', 'sql', 'statistics', 'tableau', 'tensorflow']"
1436,TEACHER,2.5,4.17,0.0,1,23,['r'],"['agile', 'aws', 'azure', 'communication', 'computer vision', 'data analysis', 'data mining', 'data visualization', 'deep learning', 'git', 'machine learning', 'matplotlib', 'neural network', 'nlp', 'numpy', 'pandas', 'python', 'pytorch', 'scikit', 'sql', 'statistics', 'tableau', 'tensorflow']"
1437,TEACHER,2.5,4.17,0.0,1,23,['r'],"['agile', 'aws', 'azure', 'communication', 'computer vision', 'data analysis', 'data mining', 'data visualization', 'deep learning', 'git', 'machine learning', 'matplotlib', 'neural network', 'nlp', 'numpy', 'pandas', 'python', 'pytorch', 'scikit', 'sql', 'statistics', 'tableau', 'tensorflow']"
1438,TEACHER,2.5,4.17,0.0,1,23,['r'],"['agile', 'aws', 'azure', 'communication', 'computer vision', 'data analysis', 'data mining', 'data visualization', 'deep learning', 'git', 'machine learning', 'matplotlib', 'neural network', 'nlp', 'numpy', 'pandas', 'python', 'pytorch', 'scikit', 'sql', 'statistics', 'tableau', 'tensorflow']"
1439,TEACHER,2.5,4.17,0.0,1,23,['r'],"['agile', 'aws', 'azure', 'communication', 'computer vision', 'data analysis', 'data mining', 'data visualization', 'deep learning', 'git', 'machine learning', 'matplotlib', 'neural network', 'nlp', 'numpy', 'pandas', 'python', 'pytorch', 'scikit', 'sql', 'statistics', 'tableau', 'tensorflow']"
1440,TEACHER,2.5,4.17,0.0,1,23,['r'],"['agile', 'aws', 'azure', 'communication', 'computer vision', 'data analysis', 'data mining', 'data visualization', 'deep learning', 'git', 'machine learning', 'matplotlib', 'neural network', 'nlp', 'numpy', 'pandas', 'python', 'pytorch', 'scikit', 'sql', 'statistics', 'tableau', 'tensorflow']"
1441,BUSINESS-DEVELOPMENT,2.5,4.17,0.0,1,23,['r'],"['agile', 'aws', 'azure', 'communication', 'computer vision', 'data analysis', 'data mining', 'data visualization', 'deep learning', 'git', 'machine learning', 'matplotlib', 'neural network', 'nlp', 'numpy', 'pandas', 'python', 'pytorch', 'scikit', 'sql', 'statistics', 'tableau', 'tensorflow']"
1442,BUSINESS-DEVELOPMENT,2.5,4.17,0.0,1,23,['r'],"['agile', 'aws', 'azure', 'communication', 'computer vision', 'data analysis', 'data mining', 'data visualization', 'deep learning', 'git', 'machine learning', 'matplotlib', 'neural network', 'nlp', 'numpy', 'pandas', 'python', 'pytorch', 'scikit', 'sql', 'statistics', 'tableau', 'tensorflow']"
1443,BUSINESS-DEVELOPMENT,2.5,4.17,0.0,1,23,['r'],"['agile', 'aws', 'azure', 'communication', 'computer vision', 'data analysis', 'data mining', 'data visualization', 'deep learning', 'git', 'machine learning', 'matplotlib', 'neural network', 'nlp', 'numpy', 'pandas', 'python', 'pytorch', 'scikit', 'sql', 'statistics', 'tableau', 'tensorflow']"
1444,BUSINESS-DEVELOPMENT,2.5,4.17,0.0,1,23,['r'],"['agile', 'aws', 'azure', 'communication', 'computer vision', 'data analysis', 'data mining', 'data visualization', 'deep learning', 'git', 'machine learning', 'matplotlib', 'neural network', 'nlp', 'numpy', 'pandas', 'python', 'pytorch', 'scikit', 'sql', 'statistics', 'tableau', 'tensorflow']"
1445,BUSINESS-DEVELOPMENT,2.5,4.17,0.0,1,23,['r'],"['agile', 'aws', 'azure', 'communication', 'computer vision', 'data analysis', 'data mining', 'data visualization', 'deep learning', 'git', 'machine learning', 'matplotlib', 'neural network', 'nlp', 'numpy', 'pandas', 'python', 'pytorch', 'scikit', 'sql', 'statistics', 'tableau', 'tensorflow']"
1446,BUSINESS-DEVELOPMENT,2.5,4.17,0.0,1,23,['r'],"['agile', 'aws', 'azure', 'communication', 'computer vision', 'data analysis', 'data mining', 'data visualization', 'deep learning', 'git', 'machine learning', 'matplotlib', 'neural network', 'nlp', 'numpy', 'pandas', 'python', 'pytorch', 'scikit', 'sql', 'statistics', 'tableau', 'tensorflow']"
1447,BUSINESS-DEVELOPMENT,2.5,4.17,0.0,1,23,['r'],"['agile', 'aws', 'azure', 'communication', 'computer vision', 'data analysis', 'data mining', 'data visualization', 'deep learning', 'git', 'machine learning', 'matplotlib', 'neural network', 'nlp', 'numpy', 'pandas', 'python', 'pytorch', 'scikit', 'sql', 'statistics', 'tableau', 'tensorflow']"
1448,BUSINESS-DEVELOPMENT,2.5,4.17,0.0,1,23,['r'],"['agile', 'aws', 'azure', 'communication', 'computer vision', 'data analysis', 'data mining', 'data visualization', 'deep learning', 'git', 'machine learning', 'matplotlib', 'neural network', 'nlp', 'numpy', 'pandas', 'python', 'pytorch', 'scikit', 'sql', 'statistics', 'tableau', 'tensorflow']"
1449,ADVOCATE,2.5,4.17,0.0,1,23,['r'],"['agile', 'aws', 'azure', 'communication', 'computer vision', 'data analysis', 'data mining', 'data visualization', 'deep learning', 'git', 'machine learning', 'matplotlib', 'neural network', 'nlp', 'numpy', 'pandas', 'python', 'pytorch', 'scikit', 'sql', 'statistics', 'tableau', 'tensorflow']"
1450,BUSINESS-DEVELOPMENT,2.5,4.17,0.0,1,23,['r'],"['agile', 'aws', 'azure', 'communication', 'computer vision', 'data analysis', 'data mining', 'data visualization', 'deep learning', 'git', 'machine learning', 'matplotlib', 'neural network', 'nlp', 'numpy', 'pandas', 'python', 'pytorch', 'scikit', 'sql', 'statistics', 'tableau', 'tensorflow']"
1451,BUSINESS-DEVELOPMENT,2.5,4.17,0.0,1,23,['r'],"['agile', 'aws', 'azure', 'communication', 'computer vision', 'data analysis', 'data mining', 'data visualization', 'deep learning', 'git', 'machine learning', 'matplotlib', 'neural network', 'nlp', 'numpy', 'pandas', 'python', 'pytorch', 'scikit', 'sql', 'statistics', 'tableau', 'tensorflow']"
1452,BUSINESS-DEVELOPMENT,2.5,4.17,0.0,1,23,['r'],"['agile', 'aws', 'azure', 'communication', 'computer vision', 'data analysis', 'data mining', 'data visualization', 'deep learning', 'git', 'machine learning', 'matplotlib', 'neural network', 'nlp', 'numpy', 'pandas', 'python', 'pytorch', 'scikit', 'sql', 'statistics', 'tableau', 'tensorflow']"
1453,BUSINESS-DEVELOPMENT,2.5,4.17,0.0,1,23,['r'],"['agile', 'aws', 'azure', 'communication', 'computer vision', 'data analysis', 'data mining', 'data visualization', 'deep learning', 'git', 'machine learning', 'matplotlib', 'neural network', 'nlp', 'numpy', 'pandas', 'python', 'pytorch', 'scikit', 'sql', 'statistics', 'tableau', 'tensorflow']"
1454,BUSINESS-DEVELOPMENT,2.5,4.17,0.0,1,23,['r'],"['agile', 'aws', 'azure', 'communication', 'computer vision', 'data analysis', 'data mining', 'data visualization', 'deep learning', 'git', 'machine learning', 'matplotlib', 'neural network', 'nlp', 'numpy', 'pandas', 'python', 'pytorch', 'scikit', 'sql', 'statistics', 'tableau', 'tensorflow']"
1455,BUSINESS-DEVELOPMENT,2.5,4.17,0.0,1,23,['r'],"['agile', 'aws', 'azure', 'communication', 'computer vision', 'data analysis', 'data mining', 'data visualization', 'deep learning', 'git', 'machine learning', 'matplotlib', 'neural network', 'nlp', 'numpy', 'pandas', 'python', 'pytorch', 'scikit', 'sql', 'statistics', 'tableau', 'tensorflow']"
1456,BUSINESS-DEVELOPMENT,2.5,4.17,0.0,1,23,['r'],"['agile', 'aws', 'azure', 'communication', 'computer vision', 'data analysis', 'data mining', 'data visualization', 'deep learning', 'git', 'machine learning', 'matplotlib', 'neural network', 'nlp', 'numpy', 'pandas', 'python', 'pytorch', 'scikit', 'sql', 'statistics', 'tableau', 'tensorflow']"
1457,BUSINESS-DEVELOPMENT,2.5,4.17,0.0,1,23,['r'],"['agile', 'aws', 'azure', 'communication', 'computer vision', 'data analysis', 'data mining', 'data visualization', 'deep learning', 'git', 'machine learning', 'matplotlib', 'neural network', 'nlp', 'numpy', 'pandas', 'python', 'pytorch', 'scikit', 'sql', 'statistics', 'tableau', 'tensorflow']"
1458,BUSINESS-DEVELOPMENT,2.5,4.17,0.0,1,23,['r'],"['agile', 'aws', 'azure', 'communication', 'computer vision', 'data analysis', 'data mining', 'data visualization', 'deep learning', 'git', 'machine learning', 'matplotlib', 'neural network', 'nlp', 'numpy', 'pandas', 'python', 'pytorch', 'scikit', 'sql', 'statistics', 'tableau', 'tensorflow']"
1459,BUSINESS-DEVELOPMENT,2.5,4.17,0.0,1,23,['r'],"['agile', 'aws', 'azure', 'communication', 'computer vision', 'data analysis', 'data mining', 'data visualization', 'deep learning', 'git', 'machine learning', 'matplotlib', 'neural network', 'nlp', 'numpy', 'pandas', 'python', 'pytorch', 'scikit', 'sql', 'statistics', 'tableau', 'tensorflow']"
1460,BUSINESS-DEVELOPMENT,2.5,4.17,0.0,1,23,['r'],"['agile', 'aws', 'azure', 'communication', 'computer vision', 'data analysis', 'data mining', 'data visualization', 'deep learning', 'git', 'machine learning', 'matplotlib', 'neural network', 'nlp', 'numpy', 'pandas', 'python', 'pytorch', 'scikit', 'sql', 'statistics', 'tableau', 'tensorflow']"
1461,BUSINESS-DEVELOPMENT,2.5,4.17,0.0,1,23,['r'],"['agile', 'aws', 'azure', 'communication', 'computer vision', 'data analysis', 'data mining', 'data visualization', 'deep learning', 'git', 'machine learning', 'matplotlib', 'neural network', 'nlp', 'numpy', 'pandas', 'python', 'pytorch', 'scikit', 'sql', 'statistics', 'tableau', 'tensorflow']"
1462,BUSINESS-DEVELOPMENT,2.5,4.17,0.0,1,23,['r'],"['agile', 'aws', 'azure', 'communication', 'computer vision', 'data analysis', 'data mining', 'data visualization', 'deep learning', 'git', 'machine learning', 'matplotlib', 'neural network', 'nlp', 'numpy', 'pandas', 'python', 'pytorch', 'scikit', 'sql', 'statistics', 'tableau', 'tensorflow']"
1463,BUSINESS-DEVELOPMENT,2.5,4.17,0.0,1,23,['r'],"['agile', 'aws', 'azure', 'communication', 'computer vision', 'data analysis', 'data mining', 'data visualization', 'deep learning', 'git', 'machine learning', 'matplotlib', 'neural network', 'nlp', 'numpy', 'pandas', 'python', 'pytorch', 'scikit', 'sql', 'statistics', 'tableau', 'tensorflow']"
1464,BUSINESS-DEVELOPMENT,2.5,4.17,0.0,1,23,['r'],"['agile', 'aws', 'azure', 'communication', 'computer vision', 'data analysis', 'data mining', 'data visualization', 'deep learning', 'git', 'machine learning', 'matplotlib', 'neural network', 'nlp', 'numpy', 'pandas', 'python', 'pytorch', 'scikit', 'sql', 'statistics', 'tableau', 'tensorflow']"
1465,BUSINESS-DEVELOPMENT,2.5,4.17,0.0,1,23,['r'],"['agile', 'aws', 'azure', 'communication', 'computer vision', 'data analysis', 'data mining', 'data visualization', 'deep learning', 'git', 'machine learning', 'matplotlib', 'neural network', 'nlp', 'numpy', 'pandas', 'python', 'pytorch', 'scikit', 'sql', 'statistics', 'tableau', 'tensorflow']"
1466,BUSINESS-DEVELOPMENT,2.5,4.17,0.0,1,23,['r'],"['agile', 'aws', 'azure', 'communication', 'computer vision', 'data analysis', 'data mining', 'data visualization', 'deep learning', 'git', 'machine learning', 'matplotlib', 'neural network', 'nlp', 'numpy', 'pandas', 'python', 'pytorch', 'scikit', 'sql', 'statistics', 'tableau', 'tensorflow']"
1467,BUSINESS-DEVELOPMENT,2.5,4.17,0.0,1,23,['r'],"['agile', 'aws', 'azure', 'communication', 'computer vision', 'data analysis', 'data mining', 'data visualization', 'deep learning', 'git', 'machine learning', 'matplotlib', 'neural network', 'nlp', 'numpy', 'pandas', 'python', 'pytorch', 'scikit', 'sql', 'statistics', 'tableau', 'tensorflow']"
1468,BUSINESS-DEVELOPMENT,2.5,4.17,0.0,1,23,['r'],"['agile', 'aws', 'azure', 'communication', 'computer vision', 'data analysis', 'data mining', 'data visualization', 'deep learning', 'git', 'machine learning', 'matplotlib', 'neural network', 'nlp', 'numpy', 'pandas', 'python', 'pytorch', 'scikit', 'sql', 'statistics', 'tableau', 'tensorflow']"
1469,BUSINESS-DEVELOPMENT,2.5,4.17,0.0,1,23,['r'],"['agile', 'aws', 'azure', 'communication', 'computer vision', 'data analysis', 'data mining', 'data visualization', 'deep learning', 'git', 'machine learning', 'matplotlib', 'neural network', 'nlp', 'numpy', 'pandas', 'python', 'pytorch', 'scikit', 'sql', 'statistics', 'tableau', 'tensorflow']"
1470,BUSINESS-DEVELOPMENT,2.5,4.17,0.0,1,23,['r'],"['agile', 'aws', 'azure', 'communication', 'computer vision', 'data analysis', 'data mining', 'data visualization', 'deep learning', 'git', 'machine learning', 'matplotlib', 'neural network', 'nlp', 'numpy', 'pandas', 'python', 'pytorch', 'scikit', 'sql', 'statistics', 'tableau', 'tensorflow']"
1471,BUSINESS-DEVELOPMENT,2.5,4.17,0.0,1,23,['r'],"['agile', 'aws', 'azure', 'communication', 'computer vision', 'data analysis', 'data mining', 'data visualization', 'deep learning', 'git', 'machine learning', 'matplotlib', 'neural network', 'nlp', 'numpy', 'pandas', 'python', 'pytorch', 'scikit', 'sql', 'statistics', 'tableau', 'tensorflow']"
1472,BUSINESS-DEVELOPMENT,2.5,4.17,0.0,1,23,['r'],"['agile', 'aws', 'azure', 'communication', 'computer vision', 'data analysis', 'data mining', 'data visualization', 'deep learning', 'git', 'machine learning', 'matplotlib', 'neural network', 'nlp', 'numpy', 'pandas', 'python', 'pytorch', 'scikit', 'sql', 'statistics', 'tableau', 'tensorflow']"
1473,BUSINESS-DEVELOPMENT,2.5,4.17,0.0,1,23,['r'],"['agile', 'aws', 'azure', 'communication', 'computer vision', 'data analysis', 'data mining', 'data visualization', 'deep learning', 'git', 'machine learning', 'matplotlib', 'neural network', 'nlp', 'numpy', 'pandas', 'python', 'pytorch', 'scikit', 'sql', 'statistics', 'tableau', 'tensorflow']"
1474,BUSINESS-DEVELOPMENT,2.5,4.17,0.0,1,23,['r'],"['agile', 'aws', 'azure', 'communication', 'computer vision', 'data analysis', 'data mining', 'data visualization', 'deep learning', 'git', 'machine learning', 'matplotlib', 'neural network', 'nlp', 'numpy', 'pandas', 'python', 'pytorch', 'scikit', 'sql', 'statistics', 'tableau', 'tensorflow']"
1475,BUSINESS-DEVELOPMENT,2.5,4.17,0.0,1,23,['r'],"['agile', 'aws', 'azure', 'communication', 'computer vision', 'data analysis', 'data mining', 'data visualization', 'deep learning', 'git', 'machine learning', 'matplotlib', 'neural network', 'nlp', 'numpy', 'pandas', 'python', 'pytorch', 'scikit', 'sql', 'statistics', 'tableau', 'tensorflow']"
1476,BUSINESS-DEVELOPMENT,2.5,4.17,0.0,1,23,['r'],"['agile', 'aws', 'azure', 'communication', 'computer vision', 'data analysis', 'data mining', 'data visualization', 'deep learning', 'git', 'machine learning', 'matplotlib', 'neural network', 'nlp', 'numpy', 'pandas', 'python', 'pytorch', 'scikit', 'sql', 'statistics', 'tableau', 'tensorflow']"
1477,BUSINESS-DEVELOPMENT,2.5,4.17,0.0,1,23,['r'],"['agile', 'aws', 'azure', 'communication', 'computer vision', 'data analysis', 'data mining', 'data visualization', 'deep learning', 'git', 'machine learning', 'matplotlib', 'neural network', 'nlp', 'numpy', 'pandas', 'python', 'pytorch', 'scikit', 'sql', 'statistics', 'tableau', 'tensorflow']"
1478,BUSINESS-DEVELOPMENT,2.5,4.17,0.0,1,23,['r'],"['agile', 'aws', 'azure', 'communication', 'computer vision', 'data analysis', 'data mining', 'data visualization', 'deep learning', 'git', 'machine learning', 'matplotlib', 'neural network', 'nlp', 'numpy', 'pandas', 'python', 'pytorch', 'scikit', 'sql', 'statistics', 'tableau', 'tensorflow']"
1479,BUSINESS-DEVELOPMENT,2.5,4.17,0.0,1,23,['r'],"['agile', 'aws', 'azure', 'communication', 'computer vision', 'data analysis', 'data mining', 'data visualization', 'deep learning', 'git', 'machine learning', 'matplotlib', 'neural network', 'nlp', 'numpy', 'pandas', 'python', 'pytorch', 'scikit', 'sql', 'statistics', 'tableau', 'tensorflow']"
1480,BUSINESS-DEVELOPMENT,2.5,4.17,0.0,1,23,['r'],"['agile', 'aws', 'azure', 'communication', 'computer vision', 'data analysis', 'data mining', 'data visualization', 'deep learning', 'git', 'machine learning', 'matplotlib', 'neural network', 'nlp', 'numpy', 'pandas', 'python', 'pytorch', 'scikit', 'sql', 'statistics', 'tableau', 'tensorflow']"
1481,BUSINESS-DEVELOPMENT,2.5,4.17,0.0,1,23,['r'],"['agile', 'aws', 'azure', 'communication', 'computer vision', 'data analysis', 'data mining', 'data visualization', 'deep learning', 'git', 'machine learning', 'matplotlib', 'neural network', 'nlp', 'numpy', 'pandas', 'python', 'pytorch', 'scikit', 'sql', 'statistics', 'tableau', 'tensorflow']"
1482,BUSINESS-DEVELOPMENT,2.5,4.17,0.0,1,23,['r'],"['agile', 'aws', 'azure', 'communication', 'computer vision', 'data analysis', 'data mining', 'data visualization', 'deep learning', 'git', 'machine learning', 'matplotlib', 'neural network', 'nlp', 'numpy', 'pandas', 'python', 'pytorch', 'scikit', 'sql', 'statistics', 'tableau', 'tensorflow']"
1483,BUSINESS-DEVELOPMENT,2.5,4.17,0.0,1,23,['r'],"['agile', 'aws', 'azure', 'communication', 'computer vision', 'data analysis', 'data mining', 'data visualization', 'deep learning', 'git', 'machine learning', 'matplotlib', 'neural network', 'nlp', 'numpy', 'pandas', 'python', 'pytorch', 'scikit', 'sql', 'statistics', 'tableau', 'tensorflow']"
1484,BUSINESS-DEVELOPMENT,2.5,4.17,0.0,1,23,['r'],"['agile', 'aws', 'azure', 'communication', 'computer vision', 'data analysis', 'data mining', 'data visualization', 'deep learning', 'git', 'machine learning', 'matplotlib', 'neural network', 'nlp', 'numpy', 'pandas', 'python', 'pytorch', 'scikit', 'sql', 'statistics', 'tableau', 'tensorflow']"
1485,BUSINESS-DEVELOPMENT,2.5,4.17,0.0,1,23,['r'],"['agile', 'aws', 'azure', 'communication', 'computer vision', 'data analysis', 'data mining', 'data visualization', 'deep learning', 'git', 'machine learning', 'matplotlib', 'neural network', 'nlp', 'numpy', 'pandas', 'python', 'pytorch', 'scikit', 'sql', 'statistics', 'tableau', 'tensorflow']"
1486,BUSINESS-DEVELOPMENT,2.5,4.17,0.0,1,23,['r'],"['agile', 'aws', 'azure', 'communication', 'computer vision', 'data analysis', 'data mining', 'data visualization', 'deep learning', 'git', 'machine learning', 'matplotlib', 'neural network', 'nlp', 'numpy', 'pandas', 'python', 'pytorch', 'scikit', 'sql', 'statistics', 'tableau', 'tensorflow']"
1487,BUSINESS-DEVELOPMENT,2.5,4.17,0.0,1,23,['r'],"['agile', 'aws', 'azure', 'communication', 'computer vision', 'data analysis', 'data mining', 'data visualization', 'deep learning', 'git', 'machine learning', 'matplotlib', 'neural network', 'nlp', 'numpy', 'pandas', 'python', 'pytorch', 'scikit', 'sql', 'statistics', 'tableau', 'tensorflow']"
1488,BUSINESS-DEVELOPMENT,2.5,4.17,0.0,1,23,['r'],"['agile', 'aws', 'azure', 'communication', 'computer vision', 'data analysis', 'data mining', 'data visualization', 'deep learning', 'git', 'machine learning', 'matplotlib', 'neural network', 'nlp', 'numpy', 'pandas', 'python', 'pytorch', 'scikit', 'sql', 'statistics', 'tableau', 'tensorflow']"
1489,BUSINESS-DEVELOPMENT,2.5,4.17,0.0,1,23,['r'],"['agile', 'aws', 'azure', 'communication', 'computer vision', 'data analysis', 'data mining', 'data visualization', 'deep learning', 'git', 'machine learning', 'matplotlib', 'neural network', 'nlp', 'numpy', 'pandas', 'python', 'pytorch', 'scikit', 'sql', 'statistics', 'tableau', 'tensorflow']"
1490,BUSINESS-DEVELOPMENT,2.5,4.17,0.0,1,23,['r'],"['agile', 'aws', 'azure', 'communication', 'computer vision', 'data analysis', 'data mining', 'data visualization', 'deep learning', 'git', 'machine learning', 'matplotlib', 'neural network', 'nlp', 'numpy', 'pandas', 'python', 'pytorch', 'scikit', 'sql', 'statistics', 'tableau', 'tensorflow']"
1491,BUSINESS-DEVELOPMENT,2.5,4.17,0.0,1,23,['r'],"['agile', 'aws', 'azure', 'communication', 'computer vision', 'data analysis', 'data mining', 'data visualization', 'deep learning', 'git', 'machine learning', 'matplotlib', 'neural network', 'nlp', 'numpy', 'pandas', 'python', 'pytorch', 'scikit', 'sql', 'statistics', 'tableau', 'tensorflow']"
1492,BUSINESS-DEVELOPMENT,2.5,4.17,0.0,1,23,['r'],"['agile', 'aws', 'azure', 'communication', 'computer vision', 'data analysis', 'data mining', 'data visualization', 'deep learning', 'git', 'machine learning', 'matplotlib', 'neural network', 'nlp', 'numpy', 'pandas', 'python', 'pytorch', 'scikit', 'sql', 'statistics', 'tableau', 'tensorflow']"
1493,BUSINESS-DEVELOPMENT,2.5,4.17,0.0,1,23,['r'],"['agile', 'aws', 'azure', 'communication', 'computer vision', 'data analysis', 'data mining', 'data visualization', 'deep learning', 'git', 'machine learning', 'matplotlib', 'neural network', 'nlp', 'numpy', 'pandas', 'python', 'pytorch', 'scikit', 'sql', 'statistics', 'tableau', 'tensorflow']"
1494,BUSINESS-DEVELOPMENT,2.5,4.17,0.0,1,23,['r'],"['agile', 'aws', 'azure', 'communication', 'computer vision', 'data analysis', 'data mining', 'data visualization', 'deep learning', 'git', 'machine learning', 'matplotlib', 'neural network', 'nlp', 'numpy', 'pandas', 'python', 'pytorch', 'scikit', 'sql', 'statistics', 'tableau', 'tensorflow']"
1495,BUSINESS-DEVELOPMENT,2.5,4.17,0.0,1,23,['r'],"['agile', 'aws', 'azure', 'communication', 'computer vision', 'data analysis', 'data mining', 'data visualization', 'deep learning', 'git', 'machine learning', 'matplotlib', 'neural network', 'nlp', 'numpy', 'pandas', 'python', 'pytorch', 'scikit', 'sql', 'statistics', 'tableau', 'tensorflow']"
1496,BUSINESS-DEVELOPMENT,2.5,4.17,0.0,1,23,['r'],"['agile', 'aws', 'azure', 'communication', 'computer vision', 'data analysis', 'data mining', 'data visualization', 'deep learning', 'git', 'machine learning', 'matplotlib', 'neural network', 'nlp', 'numpy', 'pandas', 'python', 'pytorch', 'scikit', 'sql', 'statistics', 'tableau', 'tensorflow']"
1497,BUSINESS-DEVELOPMENT,2.5,4.17,0.0,1,23,['r'],"['agile', 'aws', 'azure', 'communication', 'computer vision', 'data analysis', 'data mining', 'data visualization', 'deep learning', 'git', 'machine learning', 'matplotlib', 'neural network', 'nlp', 'numpy', 'pandas', 'python', 'pytorch', 'scikit', 'sql', 'statistics', 'tableau', 'tensorflow']"
1498,BUSINESS-DEVELOPMENT,2.5,4.17,0.0,1,23,['r'],"['agile', 'aws', 'azure', 'communication', 'computer vision', 'data analysis', 'data mining', 'data visualization', 'deep learning', 'git', 'machine learning', 'matplotlib', 'neural network', 'nlp', 'numpy', 'pandas', 'python', 'pytorch', 'scikit', 'sql', 'statistics', 'tableau', 'tensorflow']"
1499,BUSINESS-DEVELOPMENT,2.5,4.17,0.0,1,23,['r'],"['agile', 'aws', 'azure', 'communication', 'computer vision', 'data analysis', 'data mining', 'data visualization', 'deep learning', 'git', 'machine learning', 'matplotlib', 'neural network', 'nlp', 'numpy', 'pandas', 'python', 'pytorch', 'scikit', 'sql', 'statistics', 'tableau', 'tensorflow']"
1500,BUSINESS-DEVELOPMENT,2.5,4.17,0.0,1,23,['r'],"['agile', 'aws', 'azure', 'communication', 'computer vision', 'data analysis', 'data mining', 'data visualization', 'deep learning', 'git', 'machine learning', 'matplotlib', 'neural network', 'nlp', 'numpy', 'pandas', 'python', 'pytorch', 'scikit', 'sql', 'statistics', 'tableau', 'tensorflow']"
1501,BUSINESS-DEVELOPMENT,2.5,4.17,0.0,1,23,['r'],"['agile', 'aws', 'azure', 'communication', 'computer vision', 'data analysis', 'data mining', 'data visualization', 'deep learning', 'git', 'machine learning', 'matplotlib', 'neural network', 'nlp', 'numpy', 'pandas', 'python', 'pytorch', 'scikit', 'sql', 'statistics', 'tableau', 'tensorflow']"
1502,BUSINESS-DEVELOPMENT,2.5,4.17,0.0,1,23,['r'],"['agile', 'aws', 'azure', 'communication', 'computer vision', 'data analysis', 'data mining', 'data visualization', 'deep learning', 'git', 'machine learning', 'matplotlib', 'neural network', 'nlp', 'numpy', 'pandas', 'python', 'pytorch', 'scikit', 'sql', 'statistics', 'tableau', 'tensorflow']"
1503,BUSINESS-DEVELOPMENT,2.5,4.17,0.0,1,23,['r'],"['agile', 'aws', 'azure', 'communication', 'computer vision', 'data analysis', 'data mining', 'data visualization', 'deep learning', 'git', 'machine learning', 'matplotlib', 'neural network', 'nlp', 'numpy', 'pandas', 'python', 'pytorch', 'scikit', 'sql', 'statistics', 'tableau', 'tensorflow']"
1504,BUSINESS-DEVELOPMENT,2.5,4.17,0.0,1,23,['r'],"['agile', 'aws', 'azure', 'communication', 'computer vision', 'data analysis', 'data mining', 'data visualization', 'deep learning', 'git', 'machine learning', 'matplotlib', 'neural network', 'nlp', 'numpy', 'pandas', 'python', 'pytorch', 'scikit', 'sql', 'statistics', 'tableau', 'tensorflow']"
1505,BUSINESS-DEVELOPMENT,2.5,4.17,0.0,1,23,['r'],"['agile', 'aws', 'azure', 'communication', 'computer vision', 'data analysis', 'data mining', 'data visualization', 'deep learning', 'git', 'machine learning', 'matplotlib', 'neural network', 'nlp', 'numpy', 'pandas', 'python', 'pytorch', 'scikit', 'sql', 'statistics', 'tableau', 'tensorflow']"
1506,BUSINESS-DEVELOPMENT,2.5,4.17,0.0,1,23,['r'],"['agile', 'aws', 'azure', 'communication', 'computer vision', 'data analysis', 'data mining', 'data visualization', 'deep learning', 'git', 'machine learning', 'matplotlib', 'neural network', 'nlp', 'numpy', 'pandas', 'python', 'pytorch', 'scikit', 'sql', 'statistics', 'tableau', 'tensorflow']"
1507,BUSINESS-DEVELOPMENT,2.5,4.17,0.0,1,23,['r'],"['agile', 'aws', 'azure', 'communication', 'computer vision', 'data analysis', 'data mining', 'data visualization', 'deep learning', 'git', 'machine learning', 'matplotlib', 'neural network', 'nlp', 'numpy', 'pandas', 'python', 'pytorch', 'scikit', 'sql', 'statistics', 'tableau', 'tensorflow']"
1508,BUSINESS-DEVELOPMENT,2.5,4.17,0.0,1,23,['r'],"['agile', 'aws', 'azure', 'communication', 'computer vision', 'data analysis', 'data mining', 'data visualization', 'deep learning', 'git', 'machine learning', 'matplotlib', 'neural network', 'nlp', 'numpy', 'pandas', 'python', 'pytorch', 'scikit', 'sql', 'statistics', 'tableau', 'tensorflow']"
1509,BUSINESS-DEVELOPMENT,2.5,4.17,0.0,1,23,['r'],"['agile', 'aws', 'azure', 'communication', 'computer vision', 'data analysis', 'data mining', 'data visualization', 'deep learning', 'git', 'machine learning', 'matplotlib', 'neural network', 'nlp', 'numpy', 'pandas', 'python', 'pytorch', 'scikit', 'sql', 'statistics', 'tableau', 'tensorflow']"
1510,BUSINESS-DEVELOPMENT,2.5,4.17,0.0,1,23,['r'],"['agile', 'aws', 'azure', 'communication', 'computer vision', 'data analysis', 'data mining', 'data visualization', 'deep learning', 'git', 'machine learning', 'matplotlib', 'neural network', 'nlp', 'numpy', 'pandas', 'python', 'pytorch', 'scikit', 'sql', 'statistics', 'tableau', 'tensorflow']"
1511,BUSINESS-DEVELOPMENT,2.5,4.17,0.0,1,23,['r'],"['agile', 'aws', 'azure', 'communication', 'computer vision', 'data analysis', 'data mining', 'data visualization', 'deep learning', 'git', 'machine learning', 'matplotlib', 'neural network', 'nlp', 'numpy', 'pandas', 'python', 'pytorch', 'scikit', 'sql', 'statistics', 'tableau', 'tensorflow']"
1512,BUSINESS-DEVELOPMENT,2.5,4.17,0.0,1,23,['r'],"['agile', 'aws', 'azure', 'communication', 'computer vision', 'data analysis', 'data mining', 'data visualization', 'deep learning', 'git', 'machine learning', 'matplotlib', 'neural network', 'nlp', 'numpy', 'pandas', 'python', 'pytorch', 'scikit', 'sql', 'statistics', 'tableau', 'tensorflow']"
1513,BUSINESS-DEVELOPMENT,2.5,4.17,0.0,1,23,['r'],"['agile', 'aws', 'azure', 'communication', 'computer vision', 'data analysis', 'data mining', 'data visualization', 'deep learning', 'git', 'machine learning', 'matplotlib', 'neural network', 'nlp', 'numpy', 'pandas', 'python', 'pytorch', 'scikit', 'sql', 'statistics', 'tableau', 'tensorflow']"
1514,BUSINESS-DEVELOPMENT,2.5,4.17,0.0,1,23,['r'],"['agile', 'aws', 'azure', 'communication', 'computer vision', 'data analysis', 'data mining', 'data visualization', 'deep learning', 'git', 'machine learning', 'matplotlib', 'neural network', 'nlp', 'numpy', 'pandas', 'python', 'pytorch', 'scikit', 'sql', 'statistics', 'tableau', 'tensorflow']"
1515,ADVOCATE,2.5,4.17,0.0,1,23,['r'],"['agile', 'aws', 'azure', 'communication', 'computer vision', 'data analysis', 'data mining', 'data visualization', 'deep learning', 'git', 'machine learning', 'matplotlib', 'neural network', 'nlp', 'numpy', 'pandas', 'python', 'pytorch', 'scikit', 'sql', 'statistics', 'tableau', 'tensorflow']"
1516,ADVOCATE,2.5,4.17,0.0,1,23,['r'],"['agile', 'aws', 'azure', 'communication', 'computer vision', 'data analysis', 'data mining', 'data visualization', 'deep learning', 'git', 'machine learning', 'matplotlib', 'neural network', 'nlp', 'numpy', 'pandas', 'python', 'pytorch', 'scikit', 'sql', 'statistics', 'tableau', 'tensorflow']"
1517,ADVOCATE,2.5,4.17,0.0,1,23,['r'],"['agile', 'aws', 'azure', 'communication', 'computer vision', 'data analysis', 'data mining', 'data visualization', 'deep learning', 'git', 'machine learning', 'matplotlib', 'neural network', 'nlp', 'numpy', 'pandas', 'python', 'pytorch', 'scikit', 'sql', 'statistics', 'tableau', 'tensorflow']"
1518,ADVOCATE,2.5,4.17,0.0,1,23,['r'],"['agile', 'aws', 'azure', 'communication', 'computer vision', 'data analysis', 'data mining', 'data visualization', 'deep learning', 'git', 'machine learning', 'matplotlib', 'neural network', 'nlp', 'numpy', 'pandas', 'python', 'pytorch', 'scikit', 'sql', 'statistics', 'tableau', 'tensorflow']"
1519,ADVOCATE,2.5,4.17,0.0,1,23,['r'],"['agile', 'aws', 'azure', 'communication', 'computer vision', 'data analysis', 'data mining', 'data visualization', 'deep learning', 'git', 'machine learning', 'matplotlib', 'neural network', 'nlp', 'numpy', 'pandas', 'python', 'pytorch', 'scikit', 'sql', 'statistics', 'tableau', 'tensorflow']"
1520,ADVOCATE,2.5,4.17,0.0,1,23,['r'],"['agile', 'aws', 'azure', 'communication', 'computer vision', 'data analysis', 'data mining', 'data visualization', 'deep learning', 'git', 'machine learning', 'matplotlib', 'neural network', 'nlp', 'numpy', 'pandas', 'python', 'pytorch', 'scikit', 'sql', 'statistics', 'tableau', 'tensorflow']"
1521,ADVOCATE,2.5,4.17,0.0,1,23,['r'],"['agile', 'aws', 'azure', 'communication', 'computer vision', 'data analysis', 'data mining', 'data visualization', 'deep learning', 'git', 'machine learning', 'matplotlib', 'neural network', 'nlp', 'numpy', 'pandas', 'python', 'pytorch', 'scikit', 'sql', 'statistics', 'tableau', 'tensorflow']"
1522,ADVOCATE,2.5,4.17,0.0,1,23,['r'],"['agile', 'aws', 'azure', 'communication', 'computer vision', 'data analysis', 'data mining', 'data visualization', 'deep learning', 'git', 'machine learning', 'matplotlib', 'neural network', 'nlp', 'numpy', 'pandas', 'python', 'pytorch', 'scikit', 'sql', 'statistics', 'tableau', 'tensorflow']"
1523,ADVOCATE,2.5,4.17,0.0,1,23,['r'],"['agile', 'aws', 'azure', 'communication', 'computer vision', 'data analysis', 'data mining', 'data visualization', 'deep learning', 'git', 'machine learning', 'matplotlib', 'neural network', 'nlp', 'numpy', 'pandas', 'python', 'pytorch', 'scikit', 'sql', 'statistics', 'tableau', 'tensorflow']"
1524,ADVOCATE,2.5,4.17,0.0,1,23,['r'],"['agile', 'aws', 'azure', 'communication', 'computer vision', 'data analysis', 'data mining', 'data visualization', 'deep learning', 'git', 'machine learning', 'matplotlib', 'neural network', 'nlp', 'numpy', 'pandas', 'python', 'pytorch', 'scikit', 'sql', 'statistics', 'tableau', 'tensorflow']"
1525,ADVOCATE,2.5,4.17,0.0,1,23,['r'],"['agile', 'aws', 'azure', 'communication', 'computer vision', 'data analysis', 'data mining', 'data visualization', 'deep learning', 'git', 'machine learning', 'matplotlib', 'neural network', 'nlp', 'numpy', 'pandas', 'python', 'pytorch', 'scikit', 'sql', 'statistics', 'tableau', 'tensorflow']"
1526,ADVOCATE,2.5,4.17,0.0,1,23,['r'],"['agile', 'aws', 'azure', 'communication', 'computer vision', 'data analysis', 'data mining', 'data visualization', 'deep learning', 'git', 'machine learning', 'matplotlib', 'neural network', 'nlp', 'numpy', 'pandas', 'python', 'pytorch', 'scikit', 'sql', 'statistics', 'tableau', 'tensorflow']"
1527,ADVOCATE,2.5,4.17,0.0,1,23,['r'],"['agile', 'aws', 'azure', 'communication', 'computer vision', 'data analysis', 'data mining', 'data visualization', 'deep learning', 'git', 'machine learning', 'matplotlib', 'neural network', 'nlp', 'numpy', 'pandas', 'python', 'pytorch', 'scikit', 'sql', 'statistics', 'tableau', 'tensorflow']"
1528,ADVOCATE,2.5,4.17,0.0,1,23,['r'],"['agile', 'aws', 'azure', 'communication', 'computer vision', 'data analysis', 'data mining', 'data visualization', 'deep learning', 'git', 'machine learning', 'matplotlib', 'neural network', 'nlp', 'numpy', 'pandas', 'python', 'pytorch', 'scikit', 'sql', 'statistics', 'tableau', 'tensorflow']"
1529,ADVOCATE,2.5,4.17,0.0,1,23,['r'],"['agile', 'aws', 'azure', 'communication', 'computer vision', 'data analysis', 'data mining', 'data visualization', 'deep learning', 'git', 'machine learning', 'matplotlib', 'neural network', 'nlp', 'numpy', 'pandas', 'python', 'pytorch', 'scikit', 'sql', 'statistics', 'tableau', 'tensorflow']"
1530,ADVOCATE,2.5,4.17,0.0,1,23,['r'],"['agile', 'aws', 'azure', 'communication', 'computer vision', 'data analysis', 'data mining', 'data visualization', 'deep learning', 'git', 'machine learning', 'matplotlib', 'neural network', 'nlp', 'numpy', 'pandas', 'python', 'pytorch', 'scikit', 'sql', 'statistics', 'tableau', 'tensorflow']"
1531,ADVOCATE,2.5,4.17,0.0,1,23,['r'],"['agile', 'aws', 'azure', 'communication', 'computer vision', 'data analysis', 'data mining', 'data visualization', 'deep learning', 'git', 'machine learning', 'matplotlib', 'neural network', 'nlp', 'numpy', 'pandas', 'python', 'pytorch', 'scikit', 'sql', 'statistics', 'tableau', 'tensorflow']"
1532,ADVOCATE,2.5,4.17,0.0,1,23,['r'],"['agile', 'aws', 'azure', 'communication', 'computer vision', 'data analysis', 'data mining', 'data visualization', 'deep learning', 'git', 'machine learning', 'matplotlib', 'neural network', 'nlp', 'numpy', 'pandas', 'python', 'pytorch', 'scikit', 'sql', 'statistics', 'tableau', 'tensorflow']"
1533,ADVOCATE,2.5,4.17,0.0,1,23,['r'],"['agile', 'aws', 'azure', 'communication', 'computer vision', 'data analysis', 'data mining', 'data visualization', 'deep learning', 'git', 'machine learning', 'matplotlib', 'neural network', 'nlp', 'numpy', 'pandas', 'python', 'pytorch', 'scikit', 'sql', 'statistics', 'tableau', 'tensorflow']"
1534,ADVOCATE,2.5,4.17,0.0,1,23,['r'],"['agile', 'aws', 'azure', 'communication', 'computer vision', 'data analysis', 'data mining', 'data visualization', 'deep learning', 'git', 'machine learning', 'matplotlib', 'neural network', 'nlp', 'numpy', 'pandas', 'python', 'pytorch', 'scikit', 'sql', 'statistics', 'tableau', 'tensorflow']"
1535,ADVOCATE,2.5,4.17,0.0,1,23,['r'],"['agile', 'aws', 'azure', 'communication', 'computer vision', 'data analysis', 'data mining', 'data visualization', 'deep learning', 'git', 'machine learning', 'matplotlib', 'neural network', 'nlp', 'numpy', 'pandas', 'python', 'pytorch', 'scikit', 'sql', 'statistics', 'tableau', 'tensorflow']"
1536,ADVOCATE,2.5,4.17,0.0,1,23,['r'],"['agile', 'aws', 'azure', 'communication', 'computer vision', 'data analysis', 'data mining', 'data visualization', 'deep learning', 'git', 'machine learning', 'matplotlib', 'neural network', 'nlp', 'numpy', 'pandas', 'python', 'pytorch', 'scikit', 'sql', 'statistics', 'tableau', 'tensorflow']"
1537,ADVOCATE,2.5,4.17,0.0,1,23,['r'],"['agile', 'aws', 'azure', 'communication', 'computer vision', 'data analysis', 'data mining', 'data visualization', 'deep learning', 'git', 'machine learning', 'matplotlib', 'neural network', 'nlp', 'numpy', 'pandas', 'python', 'pytorch', 'scikit', 'sql', 'statistics', 'tableau', 'tensorflow']"
1538,ADVOCATE,2.5,4.17,0.0,1,23,['r'],"['agile', 'aws', 'azure', 'communication', 'computer vision', 'data analysis', 'data mining', 'data visualization', 'deep learning', 'git', 'machine learning', 'matplotlib', 'neural network', 'nlp', 'numpy', 'pandas', 'python', 'pytorch', 'scikit', 'sql', 'statistics', 'tableau', 'tensorflow']"
1539,ADVOCATE,2.5,4.17,0.0,1,23,['r'],"['agile', 'aws', 'azure', 'communication', 'computer vision', 'data analysis', 'data mining', 'data visualization', 'deep learning', 'git', 'machine learning', 'matplotlib', 'neural network', 'nlp', 'numpy', 'pandas', 'python', 'pytorch', 'scikit', 'sql', 'statistics', 'tableau', 'tensorflow']"
1540,ADVOCATE,2.5,4.17,0.0,1,23,['r'],"['agile', 'aws', 'azure', 'communication', 'computer vision', 'data analysis', 'data mining', 'data visualization', 'deep learning', 'git', 'machine learning', 'matplotlib', 'neural network', 'nlp', 'numpy', 'pandas', 'python', 'pytorch', 'scikit', 'sql', 'statistics', 'tableau', 'tensorflow']"
1541,ADVOCATE,2.5,4.17,0.0,1,23,['r'],"['agile', 'aws', 'azure', 'communication', 'computer vision', 'data analysis', 'data mining', 'data visualization', 'deep learning', 'git', 'machine learning', 'matplotlib', 'neural network', 'nlp', 'numpy', 'pandas', 'python', 'pytorch', 'scikit', 'sql', 'statistics', 'tableau', 'tensorflow']"
1542,ADVOCATE,2.5,4.17,0.0,1,23,['r'],"['agile', 'aws', 'azure', 'communication', 'computer vision', 'data analysis', 'data mining', 'data visualization', 'deep learning', 'git', 'machine learning', 'matplotlib', 'neural network', 'nlp', 'numpy', 'pandas', 'python', 'pytorch', 'scikit', 'sql', 'statistics', 'tableau', 'tensorflow']"
1543,ADVOCATE,2.5,4.17,0.0,1,23,['r'],"['agile', 'aws', 'azure', 'communication', 'computer vision', 'data analysis', 'data mining', 'data visualization', 'deep learning', 'git', 'machine learning', 'matplotlib', 'neural network', 'nlp', 'numpy', 'pandas', 'python', 'pytorch', 'scikit', 'sql', 'statistics', 'tableau', 'tensorflow']"
1544,ADVOCATE,2.5,4.17,0.0,1,23,['r'],"['agile', 'aws', 'azure', 'communication', 'computer vision', 'data analysis', 'data mining', 'data visualization', 'deep learning', 'git', 'machine learning', 'matplotlib', 'neural network', 'nlp', 'numpy', 'pandas', 'python', 'pytorch', 'scikit', 'sql', 'statistics', 'tableau', 'tensorflow']"
1545,ADVOCATE,2.5,4.17,0.0,1,23,['r'],"['agile', 'aws', 'azure', 'communication', 'computer vision', 'data analysis', 'data mining', 'data visualization', 'deep learning', 'git', 'machine learning', 'matplotlib', 'neural network', 'nlp', 'numpy', 'pandas', 'python', 'pytorch', 'scikit', 'sql', 'statistics', 'tableau', 'tensorflow']"
1546,ADVOCATE,2.5,4.17,0.0,1,23,['r'],"['agile', 'aws', 'azure', 'communication', 'computer vision', 'data analysis', 'data mining', 'data visualization', 'deep learning', 'git', 'machine learning', 'matplotlib', 'neural network', 'nlp', 'numpy', 'pandas', 'python', 'pytorch', 'scikit', 'sql', 'statistics', 'tableau', 'tensorflow']"
1547,ADVOCATE,2.5,4.17,0.0,1,23,['r'],"['agile', 'aws', 'azure', 'communication', 'computer vision', 'data analysis', 'data mining', 'data visualization', 'deep learning', 'git', 'machine learning', 'matplotlib', 'neural network', 'nlp', 'numpy', 'pandas', 'python', 'pytorch', 'scikit', 'sql', 'statistics', 'tableau', 'tensorflow']"
1548,ADVOCATE,2.5,4.17,0.0,1,23,['r'],"['agile', 'aws', 'azure', 'communication', 'computer vision', 'data analysis', 'data mining', 'data visualization', 'deep learning', 'git', 'machine learning', 'matplotlib', 'neural network', 'nlp', 'numpy', 'pandas', 'python', 'pytorch', 'scikit', 'sql', 'statistics', 'tableau', 'tensorflow']"
1549,ADVOCATE,2.5,4.17,0.0,1,23,['r'],"['agile', 'aws', 'azure', 'communication', 'computer vision', 'data analysis', 'data mining', 'data visualization', 'deep learning', 'git', 'machine learning', 'matplotlib', 'neural network', 'nlp', 'numpy', 'pandas', 'python', 'pytorch', 'scikit', 'sql', 'statistics', 'tableau', 'tensorflow']"
1550,ADVOCATE,2.5,4.17,0.0,1,23,['r'],"['agile', 'aws', 'azure', 'communication', 'computer vision', 'data analysis', 'data mining', 'data visualization', 'deep learning', 'git', 'machine learning', 'matplotlib', 'neural network', 'nlp', 'numpy', 'pandas', 'python', 'pytorch', 'scikit', 'sql', 'statistics', 'tableau', 'tensorflow']"
1551,ADVOCATE,2.5,4.17,0.0,1,23,['r'],"['agile', 'aws', 'azure', 'communication', 'computer vision', 'data analysis', 'data mining', 'data visualization', 'deep learning', 'git', 'machine learning', 'matplotlib', 'neural network', 'nlp', 'numpy', 'pandas', 'python', 'pytorch', 'scikit', 'sql', 'statistics', 'tableau', 'tensorflow']"
1552,ADVOCATE,2.5,4.17,0.0,1,23,['r'],"['agile', 'aws', 'azure', 'communication', 'computer vision', 'data analysis', 'data mining', 'data visualization', 'deep learning', 'git', 'machine learning', 'matplotlib', 'neural network', 'nlp', 'numpy', 'pandas', 'python', 'pytorch', 'scikit', 'sql', 'statistics', 'tableau', 'tensorflow']"
1553,ADVOCATE,2.5,4.17,0.0,1,23,['r'],"['agile', 'aws', 'azure', 'communication', 'computer vision', 'data analysis', 'data mining', 'data visualization', 'deep learning', 'git', 'machine learning', 'matplotlib', 'neural network', 'nlp', 'numpy', 'pandas', 'python', 'pytorch', 'scikit', 'sql', 'statistics', 'tableau', 'tensorflow']"
1554,ADVOCATE,2.5,4.17,0.0,1,23,['r'],"['agile', 'aws', 'azure', 'communication', 'computer vision', 'data analysis', 'data mining', 'data visualization', 'deep learning', 'git', 'machine learning', 'matplotlib', 'neural network', 'nlp', 'numpy', 'pandas', 'python', 'pytorch', 'scikit', 'sql', 'statistics', 'tableau', 'tensorflow']"
1555,ADVOCATE,2.5,4.17,0.0,1,23,['r'],"['agile', 'aws', 'azure', 'communication', 'computer vision', 'data analysis', 'data mining', 'data visualization', 'deep learning', 'git', 'machine learning', 'matplotlib', 'neural network', 'nlp', 'numpy', 'pandas', 'python', 'pytorch', 'scikit', 'sql', 'statistics', 'tableau', 'tensorflow']"
1556,ADVOCATE,2.5,4.17,0.0,1,23,['r'],"['agile', 'aws', 'azure', 'communication', 'computer vision', 'data analysis', 'data mining', 'data visualization', 'deep learning', 'git', 'machine learning', 'matplotlib', 'neural network', 'nlp', 'numpy', 'pandas', 'python', 'pytorch', 'scikit', 'sql', 'statistics', 'tableau', 'tensorflow']"
1557,ADVOCATE,2.5,4.17,0.0,1,23,['r'],"['agile', 'aws', 'azure', 'communication', 'computer vision', 'data analysis', 'data mining', 'data visualization', 'deep learning', 'git', 'machine learning', 'matplotlib', 'neural network', 'nlp', 'numpy', 'pandas', 'python', 'pytorch', 'scikit', 'sql', 'statistics', 'tableau', 'tensorflow']"
1558,ADVOCATE,2.5,4.17,0.0,1,23,['r'],"['agile', 'aws', 'azure', 'communication', 'computer vision', 'data analysis', 'data mining', 'data visualization', 'deep learning', 'git', 'machine learning', 'matplotlib', 'neural network', 'nlp', 'numpy', 'pandas', 'python', 'pytorch', 'scikit', 'sql', 'statistics', 'tableau', 'tensorflow']"
1559,ADVOCATE,2.5,4.17,0.0,1,23,['r'],"['agile', 'aws', 'azure', 'communication', 'computer vision', 'data analysis', 'data mining', 'data visualization', 'deep learning', 'git', 'machine learning', 'matplotlib', 'neural network', 'nlp', 'numpy', 'pandas', 'python', 'pytorch', 'scikit', 'sql', 'statistics', 'tableau', 'tensorflow']"
1560,ADVOCATE,2.5,4.17,0.0,1,23,['r'],"['agile', 'aws', 'azure', 'communication', 'computer vision', 'data analysis', 'data mining', 'data visualization', 'deep learning', 'git', 'machine learning', 'matplotlib', 'neural network', 'nlp', 'numpy', 'pandas', 'python', 'pytorch', 'scikit', 'sql', 'statistics', 'tableau', 'tensorflow']"
1561,ADVOCATE,2.5,4.17,0.0,1,23,['r'],"['agile', 'aws', 'azure', 'communication', 'computer vision', 'data analysis', 'data mining', 'data visualization', 'deep learning', 'git', 'machine learning', 'matplotlib', 'neural network', 'nlp', 'numpy', 'pandas', 'python', 'pytorch', 'scikit', 'sql', 'statistics', 'tableau', 'tensorflow']"
1562,ADVOCATE,2.5,4.17,0.0,1,23,['r'],"['agile', 'aws', 'azure', 'communication', 'computer vision', 'data analysis', 'data mining', 'data visualization', 'deep learning', 'git', 'machine learning', 'matplotlib', 'neural network', 'nlp', 'numpy', 'pandas', 'python', 'pytorch', 'scikit', 'sql', 'statistics', 'tableau', 'tensorflow']"
1563,ADVOCATE,2.5,4.17,0.0,1,23,['r'],"['agile', 'aws', 'azure', 'communication', 'computer vision', 'data analysis', 'data mining', 'data visualization', 'deep learning', 'git', 'machine learning', 'matplotlib', 'neural network', 'nlp', 'numpy', 'pandas', 'python', 'pytorch', 'scikit', 'sql', 'statistics', 'tableau', 'tensorflow']"
1564,ADVOCATE,2.5,4.17,0.0,1,23,['r'],"['agile', 'aws', 'azure', 'communication', 'computer vision', 'data analysis', 'data mining', 'data visualization', 'deep learning', 'git', 'machine learning', 'matplotlib', 'neural network', 'nlp', 'numpy', 'pandas', 'python', 'pytorch', 'scikit', 'sql', 'statistics', 'tableau', 'tensorflow']"
1565,ADVOCATE,2.5,4.17,0.0,1,23,['r'],"['agile', 'aws', 'azure', 'communication', 'computer vision', 'data analysis', 'data mining', 'data visualization', 'deep learning', 'git', 'machine learning', 'matplotlib', 'neural network', 'nlp', 'numpy', 'pandas', 'python', 'pytorch', 'scikit', 'sql', 'statistics', 'tableau', 'tensorflow']"
1566,ADVOCATE,2.5,4.17,0.0,1,23,['r'],"['agile', 'aws', 'azure', 'communication', 'computer vision', 'data analysis', 'data mining', 'data visualization', 'deep learning', 'git', 'machine learning', 'matplotlib', 'neural network', 'nlp', 'numpy', 'pandas', 'python', 'pytorch', 'scikit', 'sql', 'statistics', 'tableau', 'tensorflow']"
1567,ADVOCATE,2.5,4.17,0.0,1,23,['r'],"['agile', 'aws', 'azure', 'communication', 'computer vision', 'data analysis', 'data mining', 'data visualization', 'deep learning', 'git', 'machine learning', 'matplotlib', 'neural network', 'nlp', 'numpy', 'pandas', 'python', 'pytorch', 'scikit', 'sql', 'statistics', 'tableau', 'tensorflow']"
1568,ADVOCATE,2.5,4.17,0.0,1,23,['r'],"['agile', 'aws', 'azure', 'communication', 'computer vision', 'data analysis', 'data mining', 'data visualization', 'deep learning', 'git', 'machine learning', 'matplotlib', 'neural network', 'nlp', 'numpy', 'pandas', 'python', 'pytorch', 'scikit', 'sql', 'statistics', 'tableau', 'tensorflow']"
1569,ADVOCATE,2.5,4.17,0.0,1,23,['r'],"['agile', 'aws', 'azure', 'communication', 'computer vision', 'data analysis', 'data mining', 'data visualization', 'deep learning', 'git', 'machine learning', 'matplotlib', 'neural network', 'nlp', 'numpy', 'pandas', 'python', 'pytorch', 'scikit', 'sql', 'statistics', 'tableau', 'tensorflow']"
1570,ADVOCATE,2.5,4.17,0.0,1,23,['r'],"['agile', 'aws', 'azure', 'communication', 'computer vision', 'data analysis', 'data mining', 'data visualization', 'deep learning', 'git', 'machine learning', 'matplotlib', 'neural network', 'nlp', 'numpy', 'pandas', 'python', 'pytorch', 'scikit', 'sql', 'statistics', 'tableau', 'tensorflow']"
1571,ADVOCATE,2.5,4.17,0.0,1,23,['r'],"['agile', 'aws', 'azure', 'communication', 'computer vision', 'data analysis', 'data mining', 'data visualization', 'deep learning', 'git', 'machine learning', 'matplotlib', 'neural network', 'nlp', 'numpy', 'pandas', 'python', 'pytorch', 'scikit', 'sql', 'statistics', 'tableau', 'tensorflow']"
1572,ADVOCATE,2.5,4.17,0.0,1,23,['r'],"['agile', 'aws', 'azure', 'communication', 'computer vision', 'data analysis', 'data mining', 'data visualization', 'deep learning', 'git', 'machine learning', 'matplotlib', 'neural network', 'nlp', 'numpy', 'pandas', 'python', 'pytorch', 'scikit', 'sql', 'statistics', 'tableau', 'tensorflow']"
1573,ADVOCATE,2.5,4.17,0.0,1,23,['r'],"['agile', 'aws', 'azure', 'communication', 'computer vision', 'data analysis', 'data mining', 'data visualization', 'deep learning', 'git', 'machine learning', 'matplotlib', 'neural network', 'nlp', 'numpy', 'pandas', 'python', 'pytorch', 'scikit', 'sql', 'statistics', 'tableau', 'tensorflow']"
1574,ADVOCATE,2.5,4.17,0.0,1,23,['r'],"['agile', 'aws', 'azure', 'communication', 'computer vision', 'data analysis', 'data mining', 'data visualization', 'deep learning', 'git', 'machine learning', 'matplotlib', 'neural network', 'nlp', 'numpy', 'pandas', 'python', 'pytorch', 'scikit', 'sql', 'statistics', 'tableau', 'tensorflow']"
1575,ADVOCATE,2.5,4.17,0.0,1,23,['r'],"['agile', 'aws', 'azure', 'communication', 'computer vision', 'data analysis', 'data mining', 'data visualization', 'deep learning', 'git', 'machine learning', 'matplotlib', 'neural network', 'nlp', 'numpy', 'pandas', 'python', 'pytorch', 'scikit', 'sql', 'statistics', 'tableau', 'tensorflow']"
1576,ADVOCATE,2.5,4.17,0.0,1,23,['r'],"['agile', 'aws', 'azure', 'communication', 'computer vision', 'data analysis', 'data mining', 'data visualization', 'deep learning', 'git', 'machine learning', 'matplotlib', 'neural network', 'nlp', 'numpy', 'pandas', 'python', 'pytorch', 'scikit', 'sql', 'statistics', 'tableau', 'tensorflow']"
1577,ADVOCATE,2.5,4.17,0.0,1,23,['r'],"['agile', 'aws', 'azure', 'communication', 'computer vision', 'data analysis', 'data mining', 'data visualization', 'deep learning', 'git', 'machine learning', 'matplotlib', 'neural network', 'nlp', 'numpy', 'pandas', 'python', 'pytorch', 'scikit', 'sql', 'statistics', 'tableau', 'tensorflow']"
1578,ADVOCATE,2.5,4.17,0.0,1,23,['r'],"['agile', 'aws', 'azure', 'communication', 'computer vision', 'data analysis', 'data mining', 'data visualization', 'deep learning', 'git', 'machine learning', 'matplotlib', 'neural network', 'nlp', 'numpy', 'pandas', 'python', 'pytorch', 'scikit', 'sql', 'statistics', 'tableau', 'tensorflow']"
1579,ADVOCATE,2.5,4.17,0.0,1,23,['r'],"['agile', 'aws', 'azure', 'communication', 'computer vision', 'data analysis', 'data mining', 'data visualization', 'deep learning', 'git', 'machine learning', 'matplotlib', 'neural network', 'nlp', 'numpy', 'pandas', 'python', 'pytorch', 'scikit', 'sql', 'statistics', 'tableau', 'tensorflow']"
1580,ADVOCATE,2.5,4.17,0.0,1,23,['r'],"['agile', 'aws', 'azure', 'communication', 'computer vision', 'data analysis', 'data mining', 'data visualization', 'deep learning', 'git', 'machine learning', 'matplotlib', 'neural network', 'nlp', 'numpy', 'pandas', 'python', 'pytorch', 'scikit', 'sql', 'statistics', 'tableau', 'tensorflow']"
1581,ADVOCATE,2.5,4.17,0.0,1,23,['r'],"['agile', 'aws', 'azure', 'communication', 'computer vision', 'data analysis', 'data mining', 'data visualization', 'deep learning', 'git', 'machine learning', 'matplotlib', 'neural network', 'nlp', 'numpy', 'pandas', 'python', 'pytorch', 'scikit', 'sql', 'statistics', 'tableau', 'tensorflow']"
1582,ADVOCATE,2.5,4.17,0.0,1,23,['r'],"['agile', 'aws', 'azure', 'communication', 'computer vision', 'data analysis', 'data mining', 'data visualization', 'deep learning', 'git', 'machine learning', 'matplotlib', 'neural network', 'nlp', 'numpy', 'pandas', 'python', 'pytorch', 'scikit', 'sql', 'statistics', 'tableau', 'tensorflow']"
1583,ADVOCATE,2.5,4.17,0.0,1,23,['r'],"['agile', 'aws', 'azure', 'communication', 'computer vision', 'data analysis', 'data mining', 'data visualization', 'deep learning', 'git', 'machine learning', 'matplotlib', 'neural network', 'nlp', 'numpy', 'pandas', 'python', 'pytorch', 'scikit', 'sql', 'statistics', 'tableau', 'tensorflow']"
1584,ADVOCATE,2.5,4.17,0.0,1,23,['r'],"['agile', 'aws', 'azure', 'communication', 'computer vision', 'data analysis', 'data mining', 'data visualization', 'deep learning', 'git', 'machine learning', 'matplotlib', 'neural network', 'nlp', 'numpy', 'pandas', 'python', 'pytorch', 'scikit', 'sql', 'statistics', 'tableau', 'tensorflow']"
1585,ADVOCATE,2.5,4.17,0.0,1,23,['r'],"['agile', 'aws', 'azure', 'communication', 'computer vision', 'data analysis', 'data mining', 'data visualization', 'deep learning', 'git', 'machine learning', 'matplotlib', 'neural network', 'nlp', 'numpy', 'pandas', 'python', 'pytorch', 'scikit', 'sql', 'statistics', 'tableau', 'tensorflow']"
1586,ADVOCATE,2.5,4.17,0.0,1,23,['r'],"['agile', 'aws', 'azure', 'communication', 'computer vision', 'data analysis', 'data mining', 'data visualization', 'deep learning', 'git', 'machine learning', 'matplotlib', 'neural network', 'nlp', 'numpy', 'pandas', 'python', 'pytorch', 'scikit', 'sql', 'statistics', 'tableau', 'tensorflow']"
1587,ADVOCATE,2.5,4.17,0.0,1,23,['r'],"['agile', 'aws', 'azure', 'communication', 'computer vision', 'data analysis', 'data mining', 'data visualization', 'deep learning', 'git', 'machine learning', 'matplotlib', 'neural network', 'nlp', 'numpy', 'pandas', 'python', 'pytorch', 'scikit', 'sql', 'statistics', 'tableau', 'tensorflow']"
1588,ADVOCATE,2.5,4.17,0.0,1,23,['r'],"['agile', 'aws', 'azure', 'communication', 'computer vision', 'data analysis', 'data mining', 'data visualization', 'deep learning', 'git', 'machine learning', 'matplotlib', 'neural network', 'nlp', 'numpy', 'pandas', 'python', 'pytorch', 'scikit', 'sql', 'statistics', 'tableau', 'tensorflow']"
1589,ADVOCATE,2.5,4.17,0.0,1,23,['r'],"['agile', 'aws', 'azure', 'communication', 'computer vision', 'data analysis', 'data mining', 'data visualization', 'deep learning', 'git', 'machine learning', 'matplotlib', 'neural network', 'nlp', 'numpy', 'pandas', 'python', 'pytorch', 'scikit', 'sql', 'statistics', 'tableau', 'tensorflow']"
1590,HR,2.5,4.17,0.0,1,23,['r'],"['agile', 'aws', 'azure', 'communication', 'computer vision', 'data analysis', 'data mining', 'data visualization', 'deep learning', 'git', 'machine learning', 'matplotlib', 'neural network', 'nlp', 'numpy', 'pandas', 'python', 'pytorch', 'scikit', 'sql', 'statistics', 'tableau', 'tensorflow']"
1591,HR,2.5,4.17,0.0,1,23,['r'],"['agile', 'aws', 'azure', 'communication', 'computer vision', 'data analysis', 'data mining', 'data visualization', 'deep learning', 'git', 'machine learning', 'matplotlib', 'neural network', 'nlp', 'numpy', 'pandas', 'python', 'pytorch', 'scikit', 'sql', 'statistics', 'tableau', 'tensorflow']"
1592,HR,2.5,4.17,0.0,1,23,['r'],"['agile', 'aws', 'azure', 'communication', 'computer vision', 'data analysis', 'data mining', 'data visualization', 'deep learning', 'git', 'machine learning', 'matplotlib', 'neural network', 'nlp', 'numpy', 'pandas', 'python', 'pytorch', 'scikit', 'sql', 'statistics', 'tableau', 'tensorflow']"
1593,HR,2.5,4.17,0.0,1,23,['r'],"['agile', 'aws', 'azure', 'communication', 'computer vision', 'data analysis', 'data mining', 'data visualization', 'deep learning', 'git', 'machine learning', 'matplotlib', 'neural network', 'nlp', 'numpy', 'pandas', 'python', 'pytorch', 'scikit', 'sql', 'statistics', 'tableau', 'tensorflow']"
1594,HR,2.5,4.17,0.0,1,23,['r'],"['agile', 'aws', 'azure', 'communication', 'computer vision', 'data analysis', 'data mining', 'data visualization', 'deep learning', 'git', 'machine learning', 'matplotlib', 'neural network', 'nlp', 'numpy', 'pandas', 'python', 'pytorch', 'scikit', 'sql', 'statistics', 'tableau', 'tensorflow']"
1595,HR,2.5,4.17,0.0,1,23,['r'],"['agile', 'aws', 'azure', 'communication', 'computer vision', 'data analysis', 'data mining', 'data visualization', 'deep learning', 'git', 'machine learning', 'matplotlib', 'neural network', 'nlp', 'numpy', 'pandas', 'python', 'pytorch', 'scikit', 'sql', 'statistics', 'tableau', 'tensorflow']"
1596,HR,2.5,4.17,0.0,1,23,['r'],"['agile', 'aws', 'azure', 'communication', 'computer vision', 'data analysis', 'data mining', 'data visualization', 'deep learning', 'git', 'machine learning', 'matplotlib', 'neural network', 'nlp', 'numpy', 'pandas', 'python', 'pytorch', 'scikit', 'sql', 'statistics', 'tableau', 'tensorflow']"
1597,HR,2.5,4.17,0.0,1,23,['r'],"['agile', 'aws', 'azure', 'communication', 'computer vision', 'data analysis', 'data mining', 'data visualization', 'deep learning', 'git', 'machine learning', 'matplotlib', 'neural network', 'nlp', 'numpy', 'pandas', 'python', 'pytorch', 'scikit', 'sql', 'statistics', 'tableau', 'tensorflow']"
1598,INFORMATION-TECHNOLOGY,2.5,4.17,0.0,1,23,['r'],"['agile', 'aws', 'azure', 'communication', 'computer vision', 'data analysis', 'data mining', 'data visualization', 'deep learning', 'git', 'machine learning', 'matplotlib', 'neural network', 'nlp', 'numpy', 'pandas', 'python', 'pytorch', 'scikit', 'sql', 'statistics', 'tableau', 'tensorflow']"
1599,HR,2.5,4.17,0.0,1,23,['r'],"['agile', 'aws', 'azure', 'communication', 'computer vision', 'data analysis', 'data mining', 'data visualization', 'deep learning', 'git', 'machine learning', 'matplotlib', 'neural network', 'nlp', 'numpy', 'pandas', 'python', 'pytorch', 'scikit', 'sql', 'statistics', 'tableau', 'tensorflow']"
1600,HR,2.5,4.17,0.0,1,23,['r'],"['agile', 'aws', 'azure', 'communication', 'computer vision', 'data analysis', 'data mining', 'data visualization', 'deep learning', 'git', 'machine learning', 'matplotlib', 'neural network', 'nlp', 'numpy', 'pandas', 'python', 'pytorch', 'scikit', 'sql', 'statistics', 'tableau', 'tensorflow']"
1601,DESIGNER,2.5,4.17,0.0,1,23,['r'],"['agile', 'aws', 'azure', 'communication', 'computer vision', 'data analysis', 'data mining', 'data visualization', 'deep learning', 'git', 'machine learning', 'matplotlib', 'neural network', 'nlp', 'numpy', 'pandas', 'python', 'pytorch', 'scikit', 'sql', 'statistics', 'tableau', 'tensorflow']"
1602,DESIGNER,2.5,4.17,0.0,1,23,['r'],"['agile', 'aws', 'azure', 'communication', 'computer vision', 'data analysis', 'data mining', 'data visualization', 'deep learning', 'git', 'machine learning', 'matplotlib', 'neural network', 'nlp', 'numpy', 'pandas', 'python', 'pytorch', 'scikit', 'sql', 'statistics', 'tableau', 'tensorflow']"
1603,DESIGNER,2.5,4.17,0.0,1,23,['r'],"['agile', 'aws', 'azure', 'communication', 'computer vision', 'data analysis', 'data mining', 'data visualization', 'deep learning', 'git', 'machine learning', 'matplotlib', 'neural network', 'nlp', 'numpy', 'pandas', 'python', 'pytorch', 'scikit', 'sql', 'statistics', 'tableau', 'tensorflow']"
1604,DESIGNER,2.5,4.17,0.0,1,23,['r'],"['agile', 'aws', 'azure', 'communication', 'computer vision', 'data analysis', 'data mining', 'data visualization', 'deep learning', 'git', 'machine learning', 'matplotlib', 'neural network', 'nlp', 'numpy', 'pandas', 'python', 'pytorch', 'scikit', 'sql', 'statistics', 'tableau', 'tensorflow']"
1605,DESIGNER,2.5,4.17,0.0,1,23,['r'],"['agile', 'aws', 'azure', 'communication', 'computer vision', 'data analysis', 'data mining', 'data visualization', 'deep learning', 'git', 'machine learning', 'matplotlib', 'neural network', 'nlp', 'numpy', 'pandas', 'python', 'pytorch', 'scikit', 'sql', 'statistics', 'tableau', 'tensorflow']"
1606,DESIGNER,2.5,4.17,0.0,1,23,['r'],"['agile', 'aws', 'azure', 'communication', 'computer vision', 'data analysis', 'data mining', 'data visualization', 'deep learning', 'git', 'machine learning', 'matplotlib', 'neural network', 'nlp', 'numpy', 'pandas', 'python', 'pytorch', 'scikit', 'sql', 'statistics', 'tableau', 'tensorflow']"
1607,HR,2.5,4.17,0.0,1,23,['r'],"['agile', 'aws', 'azure', 'communication', 'computer vision', 'data analysis', 'data mining', 'data visualization', 'deep learning', 'git', 'machine learning', 'matplotlib', 'neural network', 'nlp', 'numpy', 'pandas', 'python', 'pytorch', 'scikit', 'sql', 'statistics', 'tableau', 'tensorflow']"
1608,HR,2.5,4.17,0.0,1,23,['r'],"['agile', 'aws', 'azure', 'communication', 'computer vision', 'data analysis', 'data mining', 'data visualization', 'deep learning', 'git', 'machine learning', 'matplotlib', 'neural network', 'nlp', 'numpy', 'pandas', 'python', 'pytorch', 'scikit', 'sql', 'statistics', 'tableau', 'tensorflow']"
1609,HR,2.5,4.17,0.0,1,23,['r'],"['agile', 'aws', 'azure', 'communication', 'computer vision', 'data analysis', 'data mining', 'data visualization', 'deep learning', 'git', 'machine learning', 'matplotlib', 'neural network', 'nlp', 'numpy', 'pandas', 'python', 'pytorch', 'scikit', 'sql', 'statistics', 'tableau', 'tensorflow']"
1610,HR,2.5,4.17,0.0,1,23,['r'],"['agile', 'aws', 'azure', 'communication', 'computer vision', 'data analysis', 'data mining', 'data visualization', 'deep learning', 'git', 'machine learning', 'matplotlib', 'neural network', 'nlp', 'numpy', 'pandas', 'python', 'pytorch', 'scikit', 'sql', 'statistics', 'tableau', 'tensorflow']"
1611,HR,2.5,4.17,0.0,1,23,['r'],"['agile', 'aws', 'azure', 'communication', 'computer vision', 'data analysis', 'data mining', 'data visualization', 'deep learning', 'git', 'machine learning', 'matplotlib', 'neural network', 'nlp', 'numpy', 'pandas', 'python', 'pytorch', 'scikit', 'sql', 'statistics', 'tableau', 'tensorflow']"
1612,HR,2.5,4.17,0.0,1,23,['r'],"['agile', 'aws', 'azure', 'communication', 'computer vision', 'data analysis', 'data mining', 'data visualization', 'deep learning', 'git', 'machine learning', 'matplotlib', 'neural network', 'nlp', 'numpy', 'pandas', 'python', 'pytorch', 'scikit', 'sql', 'statistics', 'tableau', 'tensorflow']"
1613,HR,2.5,4.17,0.0,1,23,['r'],"['agile', 'aws', 'azure', 'communication', 'computer vision', 'data analysis', 'data mining', 'data visualization', 'deep learning', 'git', 'machine learning', 'matplotlib', 'neural network', 'nlp', 'numpy', 'pandas', 'python', 'pytorch', 'scikit', 'sql', 'statistics', 'tableau', 'tensorflow']"
1614,HR,2.5,4.17,0.0,1,23,['r'],"['agile', 'aws', 'azure', 'communication', 'computer vision', 'data analysis', 'data mining', 'data visualization', 'deep learning', 'git', 'machine learning', 'matplotlib', 'neural network', 'nlp', 'numpy', 'pandas', 'python', 'pytorch', 'scikit', 'sql', 'statistics', 'tableau', 'tensorflow']"
1615,HR,2.5,4.17,0.0,1,23,['r'],"['agile', 'aws', 'azure', 'communication', 'computer vision', 'data analysis', 'data mining', 'data visualization', 'deep learning', 'git', 'machine learning', 'matplotlib', 'neural network', 'nlp', 'numpy', 'pandas', 'python', 'pytorch', 'scikit', 'sql', 'statistics', 'tableau', 'tensorflow']"
1616,HR,2.5,4.17,0.0,1,23,['r'],"['agile', 'aws', 'azure', 'communication', 'computer vision', 'data analysis', 'data mining', 'data visualization', 'deep learning', 'git', 'machine learning', 'matplotlib', 'neural network', 'nlp', 'numpy', 'pandas', 'python', 'pytorch', 'scikit', 'sql', 'statistics', 'tableau', 'tensorflow']"
1617,HR,2.5,4.17,0.0,1,23,['r'],"['agile', 'aws', 'azure', 'communication', 'computer vision', 'data analysis', 'data mining', 'data visualization', 'deep learning', 'git', 'machine learning', 'matplotlib', 'neural network', 'nlp', 'numpy', 'pandas', 'python', 'pytorch', 'scikit', 'sql', 'statistics', 'tableau', 'tensorflow']"
1618,HR,2.5,4.17,0.0,1,23,['r'],"['agile', 'aws', 'azure', 'communication', 'computer vision', 'data analysis', 'data mining', 'data visualization', 'deep learning', 'git', 'machine learning', 'matplotlib', 'neural network', 'nlp', 'numpy', 'pandas', 'python', 'pytorch', 'scikit', 'sql', 'statistics', 'tableau', 'tensorflow']"
1619,HR,2.5,4.17,0.0,1,23,['r'],"['agile', 'aws', 'azure', 'communication', 'computer vision', 'data analysis', 'data mining', 'data visualization', 'deep learning', 'git', 'machine learning', 'matplotlib', 'neural network', 'nlp', 'numpy', 'pandas', 'python', 'pytorch', 'scikit', 'sql', 'statistics', 'tableau', 'tensorflow']"
1620,HR,2.5,4.17,0.0,1,23,['r'],"['agile', 'aws', 'azure', 'communication', 'computer vision', 'data analysis', 'data mining', 'data visualization', 'deep learning', 'git', 'machine learning', 'matplotlib', 'neural network', 'nlp', 'numpy', 'pandas', 'python', 'pytorch', 'scikit', 'sql', 'statistics', 'tableau', 'tensorflow']"
1621,HR,2.5,4.17,0.0,1,23,['r'],"['agile', 'aws', 'azure', 'communication', 'computer vision', 'data analysis', 'data mining', 'data visualization', 'deep learning', 'git', 'machine learning', 'matplotlib', 'neural network', 'nlp', 'numpy', 'pandas', 'python', 'pytorch', 'scikit', 'sql', 'statistics', 'tableau', 'tensorflow']"
1622,HR,2.5,4.17,0.0,1,23,['r'],"['agile', 'aws', 'azure', 'communication', 'computer vision', 'data analysis', 'data mining', 'data visualization', 'deep learning', 'git', 'machine learning', 'matplotlib', 'neural network', 'nlp', 'numpy', 'pandas', 'python', 'pytorch', 'scikit', 'sql', 'statistics', 'tableau', 'tensorflow']"
1623,HR,2.5,4.17,0.0,1,23,['r'],"['agile', 'aws', 'azure', 'communication', 'computer vision', 'data analysis', 'data mining', 'data visualization', 'deep learning', 'git', 'machine learning', 'matplotlib', 'neural network', 'nlp', 'numpy', 'pandas', 'python', 'pytorch', 'scikit', 'sql', 'statistics', 'tableau', 'tensorflow']"
1624,HR,2.5,4.17,0.0,1,23,['r'],"['agile', 'aws', 'azure', 'communication', 'computer vision', 'data analysis', 'data mining', 'data visualization', 'deep learning', 'git', 'machine learning', 'matplotlib', 'neural network', 'nlp', 'numpy', 'pandas', 'python', 'pytorch', 'scikit', 'sql', 'statistics', 'tableau', 'tensorflow']"
1625,HR,2.5,4.17,0.0,1,23,['r'],"['agile', 'aws', 'azure', 'communication', 'computer vision', 'data analysis', 'data mining', 'data visualization', 'deep learning', 'git', 'machine learning', 'matplotlib', 'neural network', 'nlp', 'numpy', 'pandas', 'python', 'pytorch', 'scikit', 'sql', 'statistics', 'tableau', 'tensorflow']"
1626,HR,2.5,4.17,0.0,1,23,['r'],"['agile', 'aws', 'azure', 'communication', 'computer vision', 'data analysis', 'data mining', 'data visualization', 'deep learning', 'git', 'machine learning', 'matplotlib', 'neural network', 'nlp', 'numpy', 'pandas', 'python', 'pytorch', 'scikit', 'sql', 'statistics', 'tableau', 'tensorflow']"
1627,DESIGNER,2.5,4.17,0.0,1,23,['r'],"['agile', 'aws', 'azure', 'communication', 'computer vision', 'data analysis', 'data mining', 'data visualization', 'deep learning', 'git', 'machine learning', 'matplotlib', 'neural network', 'nlp', 'numpy', 'pandas', 'python', 'pytorch', 'scikit', 'sql', 'statistics', 'tableau', 'tensorflow']"
1628,DESIGNER,2.5,4.17,0.0,1,23,['r'],"['agile', 'aws', 'azure', 'communication', 'computer vision', 'data analysis', 'data mining', 'data visualization', 'deep learning', 'git', 'machine learning', 'matplotlib', 'neural network', 'nlp', 'numpy', 'pandas', 'python', 'pytorch', 'scikit', 'sql', 'statistics', 'tableau', 'tensorflow']"
1629,DESIGNER,2.5,4.17,0.0,1,23,['r'],"['agile', 'aws', 'azure', 'communication', 'computer vision', 'data analysis', 'data mining', 'data visualization', 'deep learning', 'git', 'machine learning', 'matplotlib', 'neural network', 'nlp', 'numpy', 'pandas', 'python', 'pytorch', 'scikit', 'sql', 'statistics', 'tableau', 'tensorflow']"
1630,DESIGNER,2.5,4.17,0.0,1,23,['r'],"['agile', 'aws', 'azure', 'communication', 'computer vision', 'data analysis', 'data mining', 'data visualization', 'deep learning', 'git', 'machine learning', 'matplotlib', 'neural network', 'nlp', 'numpy', 'pandas', 'python', 'pytorch', 'scikit', 'sql', 'statistics', 'tableau', 'tensorflow']"
1631,DESIGNER,2.5,4.17,0.0,1,23,['r'],"['agile', 'aws', 'azure', 'communication', 'computer vision', 'data analysis', 'data mining', 'data visualization', 'deep learning', 'git', 'machine learning', 'matplotlib', 'neural network', 'nlp', 'numpy', 'pandas', 'python', 'pytorch', 'scikit', 'sql', 'statistics', 'tableau', 'tensorflow']"
1632,DESIGNER,2.5,4.17,0.0,1,23,['r'],"['agile', 'aws', 'azure', 'communication', 'computer vision', 'data analysis', 'data mining', 'data visualization', 'deep learning', 'git', 'machine learning', 'matplotlib', 'neural network', 'nlp', 'numpy', 'pandas', 'python', 'pytorch', 'scikit', 'sql', 'statistics', 'tableau', 'tensorflow']"
1633,DESIGNER,2.5,4.17,0.0,1,23,['r'],"['agile', 'aws', 'azure', 'communication', 'computer vision', 'data analysis', 'data mining', 'data visualization', 'deep learning', 'git', 'machine learning', 'matplotlib', 'neural network', 'nlp', 'numpy', 'pandas', 'python', 'pytorch', 'scikit', 'sql', 'statistics', 'tableau', 'tensorflow']"
1634,DESIGNER,2.5,4.17,0.0,1,23,['r'],"['agile', 'aws', 'azure', 'communication', 'computer vision', 'data analysis', 'data mining', 'data visualization', 'deep learning', 'git', 'machine learning', 'matplotlib', 'neural network', 'nlp', 'numpy', 'pandas', 'python', 'pytorch', 'scikit', 'sql', 'statistics', 'tableau', 'tensorflow']"
1635,DESIGNER,2.5,4.17,0.0,1,23,['r'],"['agile', 'aws', 'azure', 'communication', 'computer vision', 'data analysis', 'data mining', 'data visualization', 'deep learning', 'git', 'machine learning', 'matplotlib', 'neural network', 'nlp', 'numpy', 'pandas', 'python', 'pytorch', 'scikit', 'sql', 'statistics', 'tableau', 'tensorflow']"
1636,DESIGNER,2.5,4.17,0.0,1,23,['r'],"['agile', 'aws', 'azure', 'communication', 'computer vision', 'data analysis', 'data mining', 'data visualization', 'deep learning', 'git', 'machine learning', 'matplotlib', 'neural network', 'nlp', 'numpy', 'pandas', 'python', 'pytorch', 'scikit', 'sql', 'statistics', 'tableau', 'tensorflow']"
1637,DESIGNER,2.5,4.17,0.0,1,23,['r'],"['agile', 'aws', 'azure', 'communication', 'computer vision', 'data analysis', 'data mining', 'data visualization', 'deep learning', 'git', 'machine learning', 'matplotlib', 'neural network', 'nlp', 'numpy', 'pandas', 'python', 'pytorch', 'scikit', 'sql', 'statistics', 'tableau', 'tensorflow']"
1638,DESIGNER,2.5,4.17,0.0,1,23,['r'],"['agile', 'aws', 'azure', 'communication', 'computer vision', 'data analysis', 'data mining', 'data visualization', 'deep learning', 'git', 'machine learning', 'matplotlib', 'neural network', 'nlp', 'numpy', 'pandas', 'python', 'pytorch', 'scikit', 'sql', 'statistics', 'tableau', 'tensorflow']"
1639,DESIGNER,2.5,4.17,0.0,1,23,['r'],"['agile', 'aws', 'azure', 'communication', 'computer vision', 'data analysis', 'data mining', 'data visualization', 'deep learning', 'git', 'machine learning', 'matplotlib', 'neural network', 'nlp', 'numpy', 'pandas', 'python', 'pytorch', 'scikit', 'sql', 'statistics', 'tableau', 'tensorflow']"
1640,DESIGNER,2.5,4.17,0.0,1,23,['r'],"['agile', 'aws', 'azure', 'communication', 'computer vision', 'data analysis', 'data mining', 'data visualization', 'deep learning', 'git', 'machine learning', 'matplotlib', 'neural network', 'nlp', 'numpy', 'pandas', 'python', 'pytorch', 'scikit', 'sql', 'statistics', 'tableau', 'tensorflow']"
1641,DESIGNER,2.5,4.17,0.0,1,23,['r'],"['agile', 'aws', 'azure', 'communication', 'computer vision', 'data analysis', 'data mining', 'data visualization', 'deep learning', 'git', 'machine learning', 'matplotlib', 'neural network', 'nlp', 'numpy', 'pandas', 'python', 'pytorch', 'scikit', 'sql', 'statistics', 'tableau', 'tensorflow']"
1642,DESIGNER,2.5,4.17,0.0,1,23,['r'],"['agile', 'aws', 'azure', 'communication', 'computer vision', 'data analysis', 'data mining', 'data visualization', 'deep learning', 'git', 'machine learning', 'matplotlib', 'neural network', 'nlp', 'numpy', 'pandas', 'python', 'pytorch', 'scikit', 'sql', 'statistics', 'tableau', 'tensorflow']"
1643,DESIGNER,2.5,4.17,0.0,1,23,['r'],"['agile', 'aws', 'azure', 'communication', 'computer vision', 'data analysis', 'data mining', 'data visualization', 'deep learning', 'git', 'machine learning', 'matplotlib', 'neural network', 'nlp', 'numpy', 'pandas', 'python', 'pytorch', 'scikit', 'sql', 'statistics', 'tableau', 'tensorflow']"
1644,DESIGNER,2.5,4.17,0.0,1,23,['r'],"['agile', 'aws', 'azure', 'communication', 'computer vision', 'data analysis', 'data mining', 'data visualization', 'deep learning', 'git', 'machine learning', 'matplotlib', 'neural network', 'nlp', 'numpy', 'pandas', 'python', 'pytorch', 'scikit', 'sql', 'statistics', 'tableau', 'tensorflow']"
1645,DESIGNER,2.5,4.17,0.0,1,23,['r'],"['agile', 'aws', 'azure', 'communication', 'computer vision', 'data analysis', 'data mining', 'data visualization', 'deep learning', 'git', 'machine learning', 'matplotlib', 'neural network', 'nlp', 'numpy', 'pandas', 'python', 'pytorch', 'scikit', 'sql', 'statistics', 'tableau', 'tensorflow']"
1646,DESIGNER,2.5,4.17,0.0,1,23,['r'],"['agile', 'aws', 'azure', 'communication', 'computer vision', 'data analysis', 'data mining', 'data visualization', 'deep learning', 'git', 'machine learning', 'matplotlib', 'neural network', 'nlp', 'numpy', 'pandas', 'python', 'pytorch', 'scikit', 'sql', 'statistics', 'tableau', 'tensorflow']"
1647,DESIGNER,2.5,4.17,0.0,1,23,['r'],"['agile', 'aws', 'azure', 'communication', 'computer vision', 'data analysis', 'data mining', 'data visualization', 'deep learning', 'git', 'machine learning', 'matplotlib', 'neural network', 'nlp', 'numpy', 'pandas', 'python', 'pytorch', 'scikit', 'sql', 'statistics', 'tableau', 'tensorflow']"
1648,DESIGNER,2.5,4.17,0.0,1,23,['r'],"['agile', 'aws', 'azure', 'communication', 'computer vision', 'data analysis', 'data mining', 'data visualization', 'deep learning', 'git', 'machine learning', 'matplotlib', 'neural network', 'nlp', 'numpy', 'pandas', 'python', 'pytorch', 'scikit', 'sql', 'statistics', 'tableau', 'tensorflow']"
1649,DESIGNER,2.5,4.17,0.0,1,23,['r'],"['agile', 'aws', 'azure', 'communication', 'computer vision', 'data analysis', 'data mining', 'data visualization', 'deep learning', 'git', 'machine learning', 'matplotlib', 'neural network', 'nlp', 'numpy', 'pandas', 'python', 'pytorch', 'scikit', 'sql', 'statistics', 'tableau', 'tensorflow']"
1650,DESIGNER,2.5,4.17,0.0,1,23,['r'],"['agile', 'aws', 'azure', 'communication', 'computer vision', 'data analysis', 'data mining', 'data visualization', 'deep learning', 'git', 'machine learning', 'matplotlib', 'neural network', 'nlp', 'numpy', 'pandas', 'python', 'pytorch', 'scikit', 'sql', 'statistics', 'tableau', 'tensorflow']"
1651,DESIGNER,2.5,4.17,0.0,1,23,['r'],"['agile', 'aws', 'azure', 'communication', 'computer vision', 'data analysis', 'data mining', 'data visualization', 'deep learning', 'git', 'machine learning', 'matplotlib', 'neural network', 'nlp', 'numpy', 'pandas', 'python', 'pytorch', 'scikit', 'sql', 'statistics', 'tableau', 'tensorflow']"
1652,DESIGNER,2.5,4.17,0.0,1,23,['r'],"['agile', 'aws', 'azure', 'communication', 'computer vision', 'data analysis', 'data mining', 'data visualization', 'deep learning', 'git', 'machine learning', 'matplotlib', 'neural network', 'nlp', 'numpy', 'pandas', 'python', 'pytorch', 'scikit', 'sql', 'statistics', 'tableau', 'tensorflow']"
1653,DESIGNER,2.5,4.17,0.0,1,23,['r'],"['agile', 'aws', 'azure', 'communication', 'computer vision', 'data analysis', 'data mining', 'data visualization', 'deep learning', 'git', 'machine learning', 'matplotlib', 'neural network', 'nlp', 'numpy', 'pandas', 'python', 'pytorch', 'scikit', 'sql', 'statistics', 'tableau', 'tensorflow']"
1654,DESIGNER,2.5,4.17,0.0,1,23,['r'],"['agile', 'aws', 'azure', 'communication', 'computer vision', 'data analysis', 'data mining', 'data visualization', 'deep learning', 'git', 'machine learning', 'matplotlib', 'neural network', 'nlp', 'numpy', 'pandas', 'python', 'pytorch', 'scikit', 'sql', 'statistics', 'tableau', 'tensorflow']"
1655,DESIGNER,2.5,4.17,0.0,1,23,['r'],"['agile', 'aws', 'azure', 'communication', 'computer vision', 'data analysis', 'data mining', 'data visualization', 'deep learning', 'git', 'machine learning', 'matplotlib', 'neural network', 'nlp', 'numpy', 'pandas', 'python', 'pytorch', 'scikit', 'sql', 'statistics', 'tableau', 'tensorflow']"
1656,DESIGNER,2.5,4.17,0.0,1,23,['r'],"['agile', 'aws', 'azure', 'communication', 'computer vision', 'data analysis', 'data mining', 'data visualization', 'deep learning', 'git', 'machine learning', 'matplotlib', 'neural network', 'nlp', 'numpy', 'pandas', 'python', 'pytorch', 'scikit', 'sql', 'statistics', 'tableau', 'tensorflow']"
1657,DESIGNER,2.5,4.17,0.0,1,23,['r'],"['agile', 'aws', 'azure', 'communication', 'computer vision', 'data analysis', 'data mining', 'data visualization', 'deep learning', 'git', 'machine learning', 'matplotlib', 'neural network', 'nlp', 'numpy', 'pandas', 'python', 'pytorch', 'scikit', 'sql', 'statistics', 'tableau', 'tensorflow']"
1658,DESIGNER,2.5,4.17,0.0,1,23,['r'],"['agile', 'aws', 'azure', 'communication', 'computer vision', 'data analysis', 'data mining', 'data visualization', 'deep learning', 'git', 'machine learning', 'matplotlib', 'neural network', 'nlp', 'numpy', 'pandas', 'python', 'pytorch', 'scikit', 'sql', 'statistics', 'tableau', 'tensorflow']"
1659,DESIGNER,2.5,4.17,0.0,1,23,['r'],"['agile', 'aws', 'azure', 'communication', 'computer vision', 'data analysis', 'data mining', 'data visualization', 'deep learning', 'git', 'machine learning', 'matplotlib', 'neural network', 'nlp', 'numpy', 'pandas', 'python', 'pytorch', 'scikit', 'sql', 'statistics', 'tableau', 'tensorflow']"
1660,DESIGNER,2.5,4.17,0.0,1,23,['r'],"['agile', 'aws', 'azure', 'communication', 'computer vision', 'data analysis', 'data mining', 'data visualization', 'deep learning', 'git', 'machine learning', 'matplotlib', 'neural network', 'nlp', 'numpy', 'pandas', 'python', 'pytorch', 'scikit', 'sql', 'statistics', 'tableau', 'tensorflow']"
1661,DESIGNER,2.5,4.17,0.0,1,23,['r'],"['agile', 'aws', 'azure', 'communication', 'computer vision', 'data analysis', 'data mining', 'data visualization', 'deep learning', 'git', 'machine learning', 'matplotlib', 'neural network', 'nlp', 'numpy', 'pandas', 'python', 'pytorch', 'scikit', 'sql', 'statistics', 'tableau', 'tensorflow']"
1662,DESIGNER,2.5,4.17,0.0,1,23,['r'],"['agile', 'aws', 'azure', 'communication', 'computer vision', 'data analysis', 'data mining', 'data visualization', 'deep learning', 'git', 'machine learning', 'matplotlib', 'neural network', 'nlp', 'numpy', 'pandas', 'python', 'pytorch', 'scikit', 'sql', 'statistics', 'tableau', 'tensorflow']"
1663,DESIGNER,2.5,4.17,0.0,1,23,['r'],"['agile', 'aws', 'azure', 'communication', 'computer vision', 'data analysis', 'data mining', 'data visualization', 'deep learning', 'git', 'machine learning', 'matplotlib', 'neural network', 'nlp', 'numpy', 'pandas', 'python', 'pytorch', 'scikit', 'sql', 'statistics', 'tableau', 'tensorflow']"
1664,HR,2.5,4.17,0.0,1,23,['r'],"['agile', 'aws', 'azure', 'communication', 'computer vision', 'data analysis', 'data mining', 'data visualization', 'deep learning', 'git', 'machine learning', 'matplotlib', 'neural network', 'nlp', 'numpy', 'pandas', 'python', 'pytorch', 'scikit', 'sql', 'statistics', 'tableau', 'tensorflow']"
1665,HR,2.5,4.17,0.0,1,23,['r'],"['agile', 'aws', 'azure', 'communication', 'computer vision', 'data analysis', 'data mining', 'data visualization', 'deep learning', 'git', 'machine learning', 'matplotlib', 'neural network', 'nlp', 'numpy', 'pandas', 'python', 'pytorch', 'scikit', 'sql', 'statistics', 'tableau', 'tensorflow']"
1666,HR,2.5,4.17,0.0,1,23,['r'],"['agile', 'aws', 'azure', 'communication', 'computer vision', 'data analysis', 'data mining', 'data visualization', 'deep learning', 'git', 'machine learning', 'matplotlib', 'neural network', 'nlp', 'numpy', 'pandas', 'python', 'pytorch', 'scikit', 'sql', 'statistics', 'tableau', 'tensorflow']"
1667,HR,2.5,4.17,0.0,1,23,['r'],"['agile', 'aws', 'azure', 'communication', 'computer vision', 'data analysis', 'data mining', 'data visualization', 'deep learning', 'git', 'machine learning', 'matplotlib', 'neural network', 'nlp', 'numpy', 'pandas', 'python', 'pytorch', 'scikit', 'sql', 'statistics', 'tableau', 'tensorflow']"
1668,HR,2.5,4.17,0.0,1,23,['r'],"['agile', 'aws', 'azure', 'communication', 'computer vision', 'data analysis', 'data mining', 'data visualization', 'deep learning', 'git', 'machine learning', 'matplotlib', 'neural network', 'nlp', 'numpy', 'pandas', 'python', 'pytorch', 'scikit', 'sql', 'statistics', 'tableau', 'tensorflow']"
1669,HR,2.5,4.17,0.0,1,23,['r'],"['agile', 'aws', 'azure', 'communication', 'computer vision', 'data analysis', 'data mining', 'data visualization', 'deep learning', 'git', 'machine learning', 'matplotlib', 'neural network', 'nlp', 'numpy', 'pandas', 'python', 'pytorch', 'scikit', 'sql', 'statistics', 'tableau', 'tensorflow']"
1670,HR,2.5,4.17,0.0,1,23,['r'],"['agile', 'aws', 'azure', 'communication', 'computer vision', 'data analysis', 'data mining', 'data visualization', 'deep learning', 'git', 'machine learning', 'matplotlib', 'neural network', 'nlp', 'numpy', 'pandas', 'python', 'pytorch', 'scikit', 'sql', 'statistics', 'tableau', 'tensorflow']"
1671,HR,2.5,4.17,0.0,1,23,['r'],"['agile', 'aws', 'azure', 'communication', 'computer vision', 'data analysis', 'data mining', 'data visualization', 'deep learning', 'git', 'machine learning', 'matplotlib', 'neural network', 'nlp', 'numpy', 'pandas', 'python', 'pytorch', 'scikit', 'sql', 'statistics', 'tableau', 'tensorflow']"
1672,HR,2.5,4.17,0.0,1,23,['r'],"['agile', 'aws', 'azure', 'communication', 'computer vision', 'data analysis', 'data mining', 'data visualization', 'deep learning', 'git', 'machine learning', 'matplotlib', 'neural network', 'nlp', 'numpy', 'pandas', 'python', 'pytorch', 'scikit', 'sql', 'statistics', 'tableau', 'tensorflow']"
1673,HR,2.5,4.17,0.0,1,23,['r'],"['agile', 'aws', 'azure', 'communication', 'computer vision', 'data analysis', 'data mining', 'data visualization', 'deep learning', 'git', 'machine learning', 'matplotlib', 'neural network', 'nlp', 'numpy', 'pandas', 'python', 'pytorch', 'scikit', 'sql', 'statistics', 'tableau', 'tensorflow']"
1674,HR,2.5,4.17,0.0,1,23,['r'],"['agile', 'aws', 'azure', 'communication', 'computer vision', 'data analysis', 'data mining', 'data visualization', 'deep learning', 'git', 'machine learning', 'matplotlib', 'neural network', 'nlp', 'numpy', 'pandas', 'python', 'pytorch', 'scikit', 'sql', 'statistics', 'tableau', 'tensorflow']"
1675,HR,2.5,4.17,0.0,1,23,['r'],"['agile', 'aws', 'azure', 'communication', 'computer vision', 'data analysis', 'data mining', 'data visualization', 'deep learning', 'git', 'machine learning', 'matplotlib', 'neural network', 'nlp', 'numpy', 'pandas', 'python', 'pytorch', 'scikit', 'sql', 'statistics', 'tableau', 'tensorflow']"
1676,HR,2.5,4.17,0.0,1,23,['r'],"['agile', 'aws', 'azure', 'communication', 'computer vision', 'data analysis', 'data mining', 'data visualization', 'deep learning', 'git', 'machine learning', 'matplotlib', 'neural network', 'nlp', 'numpy', 'pandas', 'python', 'pytorch', 'scikit', 'sql', 'statistics', 'tableau', 'tensorflow']"
1677,HR,2.5,4.17,0.0,1,23,['r'],"['agile', 'aws', 'azure', 'communication', 'computer vision', 'data analysis', 'data mining', 'data visualization', 'deep learning', 'git', 'machine learning', 'matplotlib', 'neural network', 'nlp', 'numpy', 'pandas', 'python', 'pytorch', 'scikit', 'sql', 'statistics', 'tableau', 'tensorflow']"
1678,HR,2.5,4.17,0.0,1,23,['r'],"['agile', 'aws', 'azure', 'communication', 'computer vision', 'data analysis', 'data mining', 'data visualization', 'deep learning', 'git', 'machine learning', 'matplotlib', 'neural network', 'nlp', 'numpy', 'pandas', 'python', 'pytorch', 'scikit', 'sql', 'statistics', 'tableau', 'tensorflow']"
1679,HR,2.5,4.17,0.0,1,23,['r'],"['agile', 'aws', 'azure', 'communication', 'computer vision', 'data analysis', 'data mining', 'data visualization', 'deep learning', 'git', 'machine learning', 'matplotlib', 'neural network', 'nlp', 'numpy', 'pandas', 'python', 'pytorch', 'scikit', 'sql', 'statistics', 'tableau', 'tensorflow']"
1680,HR,2.5,4.17,0.0,1,23,['r'],"['agile', 'aws', 'azure', 'communication', 'computer vision', 'data analysis', 'data mining', 'data visualization', 'deep learning', 'git', 'machine learning', 'matplotlib', 'neural network', 'nlp', 'numpy', 'pandas', 'python', 'pytorch', 'scikit', 'sql', 'statistics', 'tableau', 'tensorflow']"
1681,HR,2.5,4.17,0.0,1,23,['r'],"['agile', 'aws', 'azure', 'communication', 'computer vision', 'data analysis', 'data mining', 'data visualization', 'deep learning', 'git', 'machine learning', 'matplotlib', 'neural network', 'nlp', 'numpy', 'pandas', 'python', 'pytorch', 'scikit', 'sql', 'statistics', 'tableau', 'tensorflow']"
1682,HR,2.5,4.17,0.0,1,23,['r'],"['agile', 'aws', 'azure', 'communication', 'computer vision', 'data analysis', 'data mining', 'data visualization', 'deep learning', 'git', 'machine learning', 'matplotlib', 'neural network', 'nlp', 'numpy', 'pandas', 'python', 'pytorch', 'scikit', 'sql', 'statistics', 'tableau', 'tensorflow']"
1683,AVIATION,2.5,4.17,0.0,1,23,['r'],"['agile', 'aws', 'azure', 'communication', 'computer vision', 'data analysis', 'data mining', 'data visualization', 'deep learning', 'git', 'machine learning', 'matplotlib', 'neural network', 'nlp', 'numpy', 'pandas', 'python', 'pytorch', 'scikit', 'sql', 'statistics', 'tableau', 'tensorflow']"
1684,HR,2.5,4.17,0.0,1,23,['r'],"['agile', 'aws', 'azure', 'communication', 'computer vision', 'data analysis', 'data mining', 'data visualization', 'deep learning', 'git', 'machine learning', 'matplotlib', 'neural network', 'nlp', 'numpy', 'pandas', 'python', 'pytorch', 'scikit', 'sql', 'statistics', 'tableau', 'tensorflow']"
1685,HR,2.5,4.17,0.0,1,23,['r'],"['agile', 'aws', 'azure', 'communication', 'computer vision', 'data analysis', 'data mining', 'data visualization', 'deep learning', 'git', 'machine learning', 'matplotlib', 'neural network', 'nlp', 'numpy', 'pandas', 'python', 'pytorch', 'scikit', 'sql', 'statistics', 'tableau', 'tensorflow']"
1686,AVIATION,2.5,4.17,0.0,1,23,['r'],"['agile', 'aws', 'azure', 'communication', 'computer vision', 'data analysis', 'data mining', 'data visualization', 'deep learning', 'git', 'machine learning', 'matplotlib', 'neural network', 'nlp', 'numpy', 'pandas', 'python', 'pytorch', 'scikit', 'sql', 'statistics', 'tableau', 'tensorflow']"
1687,AVIATION,2.5,4.17,0.0,1,23,['r'],"['agile', 'aws', 'azure', 'communication', 'computer vision', 'data analysis', 'data mining', 'data visualization', 'deep learning', 'git', 'machine learning', 'matplotlib', 'neural network', 'nlp', 'numpy', 'pandas', 'python', 'pytorch', 'scikit', 'sql', 'statistics', 'tableau', 'tensorflow']"
1688,AVIATION,2.5,4.17,0.0,1,23,['r'],"['agile', 'aws', 'azure', 'communication', 'computer vision', 'data analysis', 'data mining', 'data visualization', 'deep learning', 'git', 'machine learning', 'matplotlib', 'neural network', 'nlp', 'numpy', 'pandas', 'python', 'pytorch', 'scikit', 'sql', 'statistics', 'tableau', 'tensorflow']"
1689,AVIATION,2.5,4.17,0.0,1,23,['r'],"['agile', 'aws', 'azure', 'communication', 'computer vision', 'data analysis', 'data mining', 'data visualization', 'deep learning', 'git', 'machine learning', 'matplotlib', 'neural network', 'nlp', 'numpy', 'pandas', 'python', 'pytorch', 'scikit', 'sql', 'statistics', 'tableau', 'tensorflow']"
1690,HR,2.5,4.17,0.0,1,23,['r'],"['agile', 'aws', 'azure', 'communication', 'computer vision', 'data analysis', 'data mining', 'data visualization', 'deep learning', 'git', 'machine learning', 'matplotlib', 'neural network', 'nlp', 'numpy', 'pandas', 'python', 'pytorch', 'scikit', 'sql', 'statistics', 'tableau', 'tensorflow']"
1691,AVIATION,2.5,4.17,0.0,1,23,['r'],"['agile', 'aws', 'azure', 'communication', 'computer vision', 'data analysis', 'data mining', 'data visualization', 'deep learning', 'git', 'machine learning', 'matplotlib', 'neural network', 'nlp', 'numpy', 'pandas', 'python', 'pytorch', 'scikit', 'sql', 'statistics', 'tableau', 'tensorflow']"
1692,AVIATION,2.5,4.17,0.0,1,23,['r'],"['agile', 'aws', 'azure', 'communication', 'computer vision', 'data analysis', 'data mining', 'data visualization', 'deep learning', 'git', 'machine learning', 'matplotlib', 'neural network', 'nlp', 'numpy', 'pandas', 'python', 'pytorch', 'scikit', 'sql', 'statistics', 'tableau', 'tensorflow']"
1693,AVIATION,2.5,4.17,0.0,1,23,['r'],"['agile', 'aws', 'azure', 'communication', 'computer vision', 'data analysis', 'data mining', 'data visualization', 'deep learning', 'git', 'machine learning', 'matplotlib', 'neural network', 'nlp', 'numpy', 'pandas', 'python', 'pytorch', 'scikit', 'sql', 'statistics', 'tableau', 'tensorflow']"
1694,AVIATION,2.5,4.17,0.0,1,23,['r'],"['agile', 'aws', 'azure', 'communication', 'computer vision', 'data analysis', 'data mining', 'data visualization', 'deep learning', 'git', 'machine learning', 'matplotlib', 'neural network', 'nlp', 'numpy', 'pandas', 'python', 'pytorch', 'scikit', 'sql', 'statistics', 'tableau', 'tensorflow']"
1695,AVIATION,2.5,4.17,0.0,1,23,['r'],"['agile', 'aws', 'azure', 'communication', 'computer vision', 'data analysis', 'data mining', 'data visualization', 'deep learning', 'git', 'machine learning', 'matplotlib', 'neural network', 'nlp', 'numpy', 'pandas', 'python', 'pytorch', 'scikit', 'sql', 'statistics', 'tableau', 'tensorflow']"
1696,AVIATION,2.5,4.17,0.0,1,23,['r'],"['agile', 'aws', 'azure', 'communication', 'computer vision', 'data analysis', 'data mining', 'data visualization', 'deep learning', 'git', 'machine learning', 'matplotlib', 'neural network', 'nlp', 'numpy', 'pandas', 'python', 'pytorch', 'scikit', 'sql', 'statistics', 'tableau', 'tensorflow']"
1697,AVIATION,2.5,4.17,0.0,1,23,['r'],"['agile', 'aws', 'azure', 'communication', 'computer vision', 'data analysis', 'data mining', 'data visualization', 'deep learning', 'git', 'machine learning', 'matplotlib', 'neural network', 'nlp', 'numpy', 'pandas', 'python', 'pytorch', 'scikit', 'sql', 'statistics', 'tableau', 'tensorflow']"
1698,AVIATION,2.5,4.17,0.0,1,23,['r'],"['agile', 'aws', 'azure', 'communication', 'computer vision', 'data analysis', 'data mining', 'data visualization', 'deep learning', 'git', 'machine learning', 'matplotlib', 'neural network', 'nlp', 'numpy', 'pandas', 'python', 'pytorch', 'scikit', 'sql', 'statistics', 'tableau', 'tensorflow']"
1699,HR,2.5,4.17,0.0,1,23,['r'],"['agile', 'aws', 'azure', 'communication', 'computer vision', 'data analysis', 'data mining', 'data visualization', 'deep learning', 'git', 'machine learning', 'matplotlib', 'neural network', 'nlp', 'numpy', 'pandas', 'python', 'pytorch', 'scikit', 'sql', 'statistics', 'tableau', 'tensorflow']"
1700,AVIATION,2.5,4.17,0.0,1,23,['r'],"['agile', 'aws', 'azure', 'communication', 'computer vision', 'data analysis', 'data mining', 'data visualization', 'deep learning', 'git', 'machine learning', 'matplotlib', 'neural network', 'nlp', 'numpy', 'pandas', 'python', 'pytorch', 'scikit', 'sql', 'statistics', 'tableau', 'tensorflow']"
1701,HR,2.5,4.17,0.0,1,23,['r'],"['agile', 'aws', 'azure', 'communication', 'computer vision', 'data analysis', 'data mining', 'data visualization', 'deep learning', 'git', 'machine learning', 'matplotlib', 'neural network', 'nlp', 'numpy', 'pandas', 'python', 'pytorch', 'scikit', 'sql', 'statistics', 'tableau', 'tensorflow']"
1702,HR,2.5,4.17,0.0,1,23,['r'],"['agile', 'aws', 'azure', 'communication', 'computer vision', 'data analysis', 'data mining', 'data visualization', 'deep learning', 'git', 'machine learning', 'matplotlib', 'neural network', 'nlp', 'numpy', 'pandas', 'python', 'pytorch', 'scikit', 'sql', 'statistics', 'tableau', 'tensorflow']"
1703,HR,2.5,4.17,0.0,1,23,['r'],"['agile', 'aws', 'azure', 'communication', 'computer vision', 'data analysis', 'data mining', 'data visualization', 'deep learning', 'git', 'machine learning', 'matplotlib', 'neural network', 'nlp', 'numpy', 'pandas', 'python', 'pytorch', 'scikit', 'sql', 'statistics', 'tableau', 'tensorflow']"
1704,HR,2.5,4.17,0.0,1,23,['r'],"['agile', 'aws', 'azure', 'communication', 'computer vision', 'data analysis', 'data mining', 'data visualization', 'deep learning', 'git', 'machine learning', 'matplotlib', 'neural network', 'nlp', 'numpy', 'pandas', 'python', 'pytorch', 'scikit', 'sql', 'statistics', 'tableau', 'tensorflow']"
1705,HR,2.5,4.17,0.0,1,23,['r'],"['agile', 'aws', 'azure', 'communication', 'computer vision', 'data analysis', 'data mining', 'data visualization', 'deep learning', 'git', 'machine learning', 'matplotlib', 'neural network', 'nlp', 'numpy', 'pandas', 'python', 'pytorch', 'scikit', 'sql', 'statistics', 'tableau', 'tensorflow']"
1706,HR,2.5,4.17,0.0,1,23,['r'],"['agile', 'aws', 'azure', 'communication', 'computer vision', 'data analysis', 'data mining', 'data visualization', 'deep learning', 'git', 'machine learning', 'matplotlib', 'neural network', 'nlp', 'numpy', 'pandas', 'python', 'pytorch', 'scikit', 'sql', 'statistics', 'tableau', 'tensorflow']"
1707,HR,2.5,4.17,0.0,1,23,['r'],"['agile', 'aws', 'azure', 'communication', 'computer vision', 'data analysis', 'data mining', 'data visualization', 'deep learning', 'git', 'machine learning', 'matplotlib', 'neural network', 'nlp', 'numpy', 'pandas', 'python', 'pytorch', 'scikit', 'sql', 'statistics', 'tableau', 'tensorflow']"
1708,HR,2.5,4.17,0.0,1,23,['r'],"['agile', 'aws', 'azure', 'communication', 'computer vision', 'data analysis', 'data mining', 'data visualization', 'deep learning', 'git', 'machine learning', 'matplotlib', 'neural network', 'nlp', 'numpy', 'pandas', 'python', 'pytorch', 'scikit', 'sql', 'statistics', 'tableau', 'tensorflow']"
1709,HR,2.5,4.17,0.0,1,23,['r'],"['agile', 'aws', 'azure', 'communication', 'computer vision', 'data analysis', 'data mining', 'data visualization', 'deep learning', 'git', 'machine learning', 'matplotlib', 'neural network', 'nlp', 'numpy', 'pandas', 'python', 'pytorch', 'scikit', 'sql', 'statistics', 'tableau', 'tensorflow']"
1710,HR,2.5,4.17,0.0,1,23,['r'],"['agile', 'aws', 'azure', 'communication', 'computer vision', 'data analysis', 'data mining', 'data visualization', 'deep learning', 'git', 'machine learning', 'matplotlib', 'neural network', 'nlp', 'numpy', 'pandas', 'python', 'pytorch', 'scikit', 'sql', 'statistics', 'tableau', 'tensorflow']"
1711,HR,2.5,4.17,0.0,1,23,['r'],"['agile', 'aws', 'azure', 'communication', 'computer vision', 'data analysis', 'data mining', 'data visualization', 'deep learning', 'git', 'machine learning', 'matplotlib', 'neural network', 'nlp', 'numpy', 'pandas', 'python', 'pytorch', 'scikit', 'sql', 'statistics', 'tableau', 'tensorflow']"
1712,HR,2.5,4.17,0.0,1,23,['r'],"['agile', 'aws', 'azure', 'communication', 'computer vision', 'data analysis', 'data mining', 'data visualization', 'deep learning', 'git', 'machine learning', 'matplotlib', 'neural network', 'nlp', 'numpy', 'pandas', 'python', 'pytorch', 'scikit', 'sql', 'statistics', 'tableau', 'tensorflow']"
1713,HR,2.5,4.17,0.0,1,23,['r'],"['agile', 'aws', 'azure', 'communication', 'computer vision', 'data analysis', 'data mining', 'data visualization', 'deep learning', 'git', 'machine learning', 'matplotlib', 'neural network', 'nlp', 'numpy', 'pandas', 'python', 'pytorch', 'scikit', 'sql', 'statistics', 'tableau', 'tensorflow']"
1714,HR,2.5,4.17,0.0,1,23,['r'],"['agile', 'aws', 'azure', 'communication', 'computer vision', 'data analysis', 'data mining', 'data visualization', 'deep learning', 'git', 'machine learning', 'matplotlib', 'neural network', 'nlp', 'numpy', 'pandas', 'python', 'pytorch', 'scikit', 'sql', 'statistics', 'tableau', 'tensorflow']"
1715,HR,2.5,4.17,0.0,1,23,['r'],"['agile', 'aws', 'azure', 'communication', 'computer vision', 'data analysis', 'data mining', 'data visualization', 'deep learning', 'git', 'machine learning', 'matplotlib', 'neural network', 'nlp', 'numpy', 'pandas', 'python', 'pytorch', 'scikit', 'sql', 'statistics', 'tableau', 'tensorflow']"
1716,HR,2.5,4.17,0.0,1,23,['r'],"['agile', 'aws', 'azure', 'communication', 'computer vision', 'data analysis', 'data mining', 'data visualization', 'deep learning', 'git', 'machine learning', 'matplotlib', 'neural network', 'nlp', 'numpy', 'pandas', 'python', 'pytorch', 'scikit', 'sql', 'statistics', 'tableau', 'tensorflow']"
1717,HR,2.5,4.17,0.0,1,23,['r'],"['agile', 'aws', 'azure', 'communication', 'computer vision', 'data analysis', 'data mining', 'data visualization', 'deep learning', 'git', 'machine learning', 'matplotlib', 'neural network', 'nlp', 'numpy', 'pandas', 'python', 'pytorch', 'scikit', 'sql', 'statistics', 'tableau', 'tensorflow']"
1718,HR,2.5,4.17,0.0,1,23,['r'],"['agile', 'aws', 'azure', 'communication', 'computer vision', 'data analysis', 'data mining', 'data visualization', 'deep learning', 'git', 'machine learning', 'matplotlib', 'neural network', 'nlp', 'numpy', 'pandas', 'python', 'pytorch', 'scikit', 'sql', 'statistics', 'tableau', 'tensorflow']"
1719,HR,2.5,4.17,0.0,1,23,['r'],"['agile', 'aws', 'azure', 'communication', 'computer vision', 'data analysis', 'data mining', 'data visualization', 'deep learning', 'git', 'machine learning', 'matplotlib', 'neural network', 'nlp', 'numpy', 'pandas', 'python', 'pytorch', 'scikit', 'sql', 'statistics', 'tableau', 'tensorflow']"
1720,HR,2.5,4.17,0.0,1,23,['r'],"['agile', 'aws', 'azure', 'communication', 'computer vision', 'data analysis', 'data mining', 'data visualization', 'deep learning', 'git', 'machine learning', 'matplotlib', 'neural network', 'nlp', 'numpy', 'pandas', 'python', 'pytorch', 'scikit', 'sql', 'statistics', 'tableau', 'tensorflow']"
1721,HR,2.5,4.17,0.0,1,23,['r'],"['agile', 'aws', 'azure', 'communication', 'computer vision', 'data analysis', 'data mining', 'data visualization', 'deep learning', 'git', 'machine learning', 'matplotlib', 'neural network', 'nlp', 'numpy', 'pandas', 'python', 'pytorch', 'scikit', 'sql', 'statistics', 'tableau', 'tensorflow']"
1722,HR,2.5,4.17,0.0,1,23,['r'],"['agile', 'aws', 'azure', 'communication', 'computer vision', 'data analysis', 'data mining', 'data visualization', 'deep learning', 'git', 'machine learning', 'matplotlib', 'neural network', 'nlp', 'numpy', 'pandas', 'python', 'pytorch', 'scikit', 'sql', 'statistics', 'tableau', 'tensorflow']"
1723,HR,2.5,4.17,0.0,1,23,['r'],"['agile', 'aws', 'azure', 'communication', 'computer vision', 'data analysis', 'data mining', 'data visualization', 'deep learning', 'git', 'machine learning', 'matplotlib', 'neural network', 'nlp', 'numpy', 'pandas', 'python', 'pytorch', 'scikit', 'sql', 'statistics', 'tableau', 'tensorflow']"
1724,HR,2.5,4.17,0.0,1,23,['r'],"['agile', 'aws', 'azure', 'communication', 'computer vision', 'data analysis', 'data mining', 'data visualization', 'deep learning', 'git', 'machine learning', 'matplotlib', 'neural network', 'nlp', 'numpy', 'pandas', 'python', 'pytorch', 'scikit', 'sql', 'statistics', 'tableau', 'tensorflow']"
1725,HR,2.5,4.17,0.0,1,23,['r'],"['agile', 'aws', 'azure', 'communication', 'computer vision', 'data analysis', 'data mining', 'data visualization', 'deep learning', 'git', 'machine learning', 'matplotlib', 'neural network', 'nlp', 'numpy', 'pandas', 'python', 'pytorch', 'scikit', 'sql', 'statistics', 'tableau', 'tensorflow']"
1726,HR,2.5,4.17,0.0,1,23,['r'],"['agile', 'aws', 'azure', 'communication', 'computer vision', 'data analysis', 'data mining', 'data visualization', 'deep learning', 'git', 'machine learning', 'matplotlib', 'neural network', 'nlp', 'numpy', 'pandas', 'python', 'pytorch', 'scikit', 'sql', 'statistics', 'tableau', 'tensorflow']"
1727,HR,2.5,4.17,0.0,1,23,['r'],"['agile', 'aws', 'azure', 'communication', 'computer vision', 'data analysis', 'data mining', 'data visualization', 'deep learning', 'git', 'machine learning', 'matplotlib', 'neural network', 'nlp', 'numpy', 'pandas', 'python', 'pytorch', 'scikit', 'sql', 'statistics', 'tableau', 'tensorflow']"
1728,HR,2.5,4.17,0.0,1,23,['r'],"['agile', 'aws', 'azure', 'communication', 'computer vision', 'data analysis', 'data mining', 'data visualization', 'deep learning', 'git', 'machine learning', 'matplotlib', 'neural network', 'nlp', 'numpy', 'pandas', 'python', 'pytorch', 'scikit', 'sql', 'statistics', 'tableau', 'tensorflow']"
1729,HR,2.5,4.17,0.0,1,23,['r'],"['agile', 'aws', 'azure', 'communication', 'computer vision', 'data analysis', 'data mining', 'data visualization', 'deep learning', 'git', 'machine learning', 'matplotlib', 'neural network', 'nlp', 'numpy', 'pandas', 'python', 'pytorch', 'scikit', 'sql', 'statistics', 'tableau', 'tensorflow']"
1730,HR,2.5,4.17,0.0,1,23,['r'],"['agile', 'aws', 'azure', 'communication', 'computer vision', 'data analysis', 'data mining', 'data visualization', 'deep learning', 'git', 'machine learning', 'matplotlib', 'neural network', 'nlp', 'numpy', 'pandas', 'python', 'pytorch', 'scikit', 'sql', 'statistics', 'tableau', 'tensorflow']"
1731,HR,2.5,4.17,0.0,1,23,['r'],"['agile', 'aws', 'azure', 'communication', 'computer vision', 'data analysis', 'data mining', 'data visualization', 'deep learning', 'git', 'machine learning', 'matplotlib', 'neural network', 'nlp', 'numpy', 'pandas', 'python', 'pytorch', 'scikit', 'sql', 'statistics', 'tableau', 'tensorflow']"
1732,HR,2.5,4.17,0.0,1,23,['r'],"['agile', 'aws', 'azure', 'communication', 'computer vision', 'data analysis', 'data mining', 'data visualization', 'deep learning', 'git', 'machine learning', 'matplotlib', 'neural network', 'nlp', 'numpy', 'pandas', 'python', 'pytorch', 'scikit', 'sql', 'statistics', 'tableau', 'tensorflow']"
1733,HR,2.5,4.17,0.0,1,23,['r'],"['agile', 'aws', 'azure', 'communication', 'computer vision', 'data analysis', 'data mining', 'data visualization', 'deep learning', 'git', 'machine learning', 'matplotlib', 'neural network', 'nlp', 'numpy', 'pandas', 'python', 'pytorch', 'scikit', 'sql', 'statistics', 'tableau', 'tensorflow']"
1734,HR,2.5,4.17,0.0,1,23,['r'],"['agile', 'aws', 'azure', 'communication', 'computer vision', 'data analysis', 'data mining', 'data visualization', 'deep learning', 'git', 'machine learning', 'matplotlib', 'neural network', 'nlp', 'numpy', 'pandas', 'python', 'pytorch', 'scikit', 'sql', 'statistics', 'tableau', 'tensorflow']"
1735,HR,2.5,4.17,0.0,1,23,['r'],"['agile', 'aws', 'azure', 'communication', 'computer vision', 'data analysis', 'data mining', 'data visualization', 'deep learning', 'git', 'machine learning', 'matplotlib', 'neural network', 'nlp', 'numpy', 'pandas', 'python', 'pytorch', 'scikit', 'sql', 'statistics', 'tableau', 'tensorflow']"
1736,HR,2.5,4.17,0.0,1,23,['r'],"['agile', 'aws', 'azure', 'communication', 'computer vision', 'data analysis', 'data mining', 'data visualization', 'deep learning', 'git', 'machine learning', 'matplotlib', 'neural network', 'nlp', 'numpy', 'pandas', 'python', 'pytorch', 'scikit', 'sql', 'statistics', 'tableau', 'tensorflow']"
1737,HR,2.5,4.17,0.0,1,23,['r'],"['agile', 'aws', 'azure', 'communication', 'computer vision', 'data analysis', 'data mining', 'data visualization', 'deep learning', 'git', 'machine learning', 'matplotlib', 'neural network', 'nlp', 'numpy', 'pandas', 'python', 'pytorch', 'scikit', 'sql', 'statistics', 'tableau', 'tensorflow']"
1738,HR,2.5,4.17,0.0,1,23,['r'],"['agile', 'aws', 'azure', 'communication', 'computer vision', 'data analysis', 'data mining', 'data visualization', 'deep learning', 'git', 'machine learning', 'matplotlib', 'neural network', 'nlp', 'numpy', 'pandas', 'python', 'pytorch', 'scikit', 'sql', 'statistics', 'tableau', 'tensorflow']"
1739,INFORMATION-TECHNOLOGY,2.5,4.17,0.0,1,23,['r'],"['agile', 'aws', 'azure', 'communication', 'computer vision', 'data analysis', 'data mining', 'data visualization', 'deep learning', 'git', 'machine learning', 'matplotlib', 'neural network', 'nlp', 'numpy', 'pandas', 'python', 'pytorch', 'scikit', 'sql', 'statistics', 'tableau', 'tensorflow']"
1740,INFORMATION-TECHNOLOGY,2.5,4.17,0.0,1,23,['r'],"['agile', 'aws', 'azure', 'communication', 'computer vision', 'data analysis', 'data mining', 'data visualization', 'deep learning', 'git', 'machine learning', 'matplotlib', 'neural network', 'nlp', 'numpy', 'pandas', 'python', 'pytorch', 'scikit', 'sql', 'statistics', 'tableau', 'tensorflow']"
1741,INFORMATION-TECHNOLOGY,2.5,4.17,0.0,1,23,['r'],"['agile', 'aws', 'azure', 'communication', 'computer vision', 'data analysis', 'data mining', 'data visualization', 'deep learning', 'git', 'machine learning', 'matplotlib', 'neural network', 'nlp', 'numpy', 'pandas', 'python', 'pytorch', 'scikit', 'sql', 'statistics', 'tableau', 'tensorflow']"
1742,INFORMATION-TECHNOLOGY,2.5,4.17,0.0,1,23,['r'],"['agile', 'aws', 'azure', 'communication', 'computer vision', 'data analysis', 'data mining', 'data visualization', 'deep learning', 'git', 'machine learning', 'matplotlib', 'neural network', 'nlp', 'numpy', 'pandas', 'python', 'pytorch', 'scikit', 'sql', 'statistics', 'tableau', 'tensorflow']"
1743,INFORMATION-TECHNOLOGY,2.5,4.17,0.0,1,23,['r'],"['agile', 'aws', 'azure', 'communication', 'computer vision', 'data analysis', 'data mining', 'data visualization', 'deep learning', 'git', 'machine learning', 'matplotlib', 'neural network', 'nlp', 'numpy', 'pandas', 'python', 'pytorch', 'scikit', 'sql', 'statistics', 'tableau', 'tensorflow']"
1744,INFORMATION-TECHNOLOGY,2.5,4.17,0.0,1,23,['r'],"['agile', 'aws', 'azure', 'communication', 'computer vision', 'data analysis', 'data mining', 'data visualization', 'deep learning', 'git', 'machine learning', 'matplotlib', 'neural network', 'nlp', 'numpy', 'pandas', 'python', 'pytorch', 'scikit', 'sql', 'statistics', 'tableau', 'tensorflow']"
1745,INFORMATION-TECHNOLOGY,2.5,4.17,0.0,1,23,['r'],"['agile', 'aws', 'azure', 'communication', 'computer vision', 'data analysis', 'data mining', 'data visualization', 'deep learning', 'git', 'machine learning', 'matplotlib', 'neural network', 'nlp', 'numpy', 'pandas', 'python', 'pytorch', 'scikit', 'sql', 'statistics', 'tableau', 'tensorflow']"
1746,INFORMATION-TECHNOLOGY,2.5,4.17,0.0,1,23,['r'],"['agile', 'aws', 'azure', 'communication', 'computer vision', 'data analysis', 'data mining', 'data visualization', 'deep learning', 'git', 'machine learning', 'matplotlib', 'neural network', 'nlp', 'numpy', 'pandas', 'python', 'pytorch', 'scikit', 'sql', 'statistics', 'tableau', 'tensorflow']"
1747,DESIGNER,2.5,4.17,0.0,1,23,['r'],"['agile', 'aws', 'azure', 'communication', 'computer vision', 'data analysis', 'data mining', 'data visualization', 'deep learning', 'git', 'machine learning', 'matplotlib', 'neural network', 'nlp', 'numpy', 'pandas', 'python', 'pytorch', 'scikit', 'sql', 'statistics', 'tableau', 'tensorflow']"
1748,INFORMATION-TECHNOLOGY,2.5,4.17,0.0,1,23,['r'],"['agile', 'aws', 'azure', 'communication', 'computer vision', 'data analysis', 'data mining', 'data visualization', 'deep learning', 'git', 'machine learning', 'matplotlib', 'neural network', 'nlp', 'numpy', 'pandas', 'python', 'pytorch', 'scikit', 'sql', 'statistics', 'tableau', 'tensorflow']"
1749,INFORMATION-TECHNOLOGY,2.5,4.17,0.0,1,23,['r'],"['agile', 'aws', 'azure', 'communication', 'computer vision', 'data analysis', 'data mining', 'data visualization', 'deep learning', 'git', 'machine learning', 'matplotlib', 'neural network', 'nlp', 'numpy', 'pandas', 'python', 'pytorch', 'scikit', 'sql', 'statistics', 'tableau', 'tensorflow']"
1750,INFORMATION-TECHNOLOGY,2.5,4.17,0.0,1,23,['r'],"['agile', 'aws', 'azure', 'communication', 'computer vision', 'data analysis', 'data mining', 'data visualization', 'deep learning', 'git', 'machine learning', 'matplotlib', 'neural network', 'nlp', 'numpy', 'pandas', 'python', 'pytorch', 'scikit', 'sql', 'statistics', 'tableau', 'tensorflow']"
1751,INFORMATION-TECHNOLOGY,2.5,4.17,0.0,1,23,['r'],"['agile', 'aws', 'azure', 'communication', 'computer vision', 'data analysis', 'data mining', 'data visualization', 'deep learning', 'git', 'machine learning', 'matplotlib', 'neural network', 'nlp', 'numpy', 'pandas', 'python', 'pytorch', 'scikit', 'sql', 'statistics', 'tableau', 'tensorflow']"
1752,INFORMATION-TECHNOLOGY,2.5,4.17,0.0,1,23,['r'],"['agile', 'aws', 'azure', 'communication', 'computer vision', 'data analysis', 'data mining', 'data visualization', 'deep learning', 'git', 'machine learning', 'matplotlib', 'neural network', 'nlp', 'numpy', 'pandas', 'python', 'pytorch', 'scikit', 'sql', 'statistics', 'tableau', 'tensorflow']"
1753,INFORMATION-TECHNOLOGY,2.5,4.17,0.0,1,23,['r'],"['agile', 'aws', 'azure', 'communication', 'computer vision', 'data analysis', 'data mining', 'data visualization', 'deep learning', 'git', 'machine learning', 'matplotlib', 'neural network', 'nlp', 'numpy', 'pandas', 'python', 'pytorch', 'scikit', 'sql', 'statistics', 'tableau', 'tensorflow']"
1754,INFORMATION-TECHNOLOGY,2.5,4.17,0.0,1,23,['r'],"['agile', 'aws', 'azure', 'communication', 'computer vision', 'data analysis', 'data mining', 'data visualization', 'deep learning', 'git', 'machine learning', 'matplotlib', 'neural network', 'nlp', 'numpy', 'pandas', 'python', 'pytorch', 'scikit', 'sql', 'statistics', 'tableau', 'tensorflow']"
1755,INFORMATION-TECHNOLOGY,2.5,4.17,0.0,1,23,['r'],"['agile', 'aws', 'azure', 'communication', 'computer vision', 'data analysis', 'data mining', 'data visualization', 'deep learning', 'git', 'machine learning', 'matplotlib', 'neural network', 'nlp', 'numpy', 'pandas', 'python', 'pytorch', 'scikit', 'sql', 'statistics', 'tableau', 'tensorflow']"
1756,INFORMATION-TECHNOLOGY,2.5,4.17,0.0,1,23,['r'],"['agile', 'aws', 'azure', 'communication', 'computer vision', 'data analysis', 'data mining', 'data visualization', 'deep learning', 'git', 'machine learning', 'matplotlib', 'neural network', 'nlp', 'numpy', 'pandas', 'python', 'pytorch', 'scikit', 'sql', 'statistics', 'tableau', 'tensorflow']"
1757,INFORMATION-TECHNOLOGY,2.5,4.17,0.0,1,23,['r'],"['agile', 'aws', 'azure', 'communication', 'computer vision', 'data analysis', 'data mining', 'data visualization', 'deep learning', 'git', 'machine learning', 'matplotlib', 'neural network', 'nlp', 'numpy', 'pandas', 'python', 'pytorch', 'scikit', 'sql', 'statistics', 'tableau', 'tensorflow']"
1758,INFORMATION-TECHNOLOGY,2.5,4.17,0.0,1,23,['r'],"['agile', 'aws', 'azure', 'communication', 'computer vision', 'data analysis', 'data mining', 'data visualization', 'deep learning', 'git', 'machine learning', 'matplotlib', 'neural network', 'nlp', 'numpy', 'pandas', 'python', 'pytorch', 'scikit', 'sql', 'statistics', 'tableau', 'tensorflow']"
1759,INFORMATION-TECHNOLOGY,2.5,4.17,0.0,1,23,['r'],"['agile', 'aws', 'azure', 'communication', 'computer vision', 'data analysis', 'data mining', 'data visualization', 'deep learning', 'git', 'machine learning', 'matplotlib', 'neural network', 'nlp', 'numpy', 'pandas', 'python', 'pytorch', 'scikit', 'sql', 'statistics', 'tableau', 'tensorflow']"
1760,INFORMATION-TECHNOLOGY,2.5,4.17,0.0,1,23,['r'],"['agile', 'aws', 'azure', 'communication', 'computer vision', 'data analysis', 'data mining', 'data visualization', 'deep learning', 'git', 'machine learning', 'matplotlib', 'neural network', 'nlp', 'numpy', 'pandas', 'python', 'pytorch', 'scikit', 'sql', 'statistics', 'tableau', 'tensorflow']"
1761,INFORMATION-TECHNOLOGY,2.5,4.17,0.0,1,23,['r'],"['agile', 'aws', 'azure', 'communication', 'computer vision', 'data analysis', 'data mining', 'data visualization', 'deep learning', 'git', 'machine learning', 'matplotlib', 'neural network', 'nlp', 'numpy', 'pandas', 'python', 'pytorch', 'scikit', 'sql', 'statistics', 'tableau', 'tensorflow']"
1762,INFORMATION-TECHNOLOGY,2.5,4.17,0.0,1,23,['r'],"['agile', 'aws', 'azure', 'communication', 'computer vision', 'data analysis', 'data mining', 'data visualization', 'deep learning', 'git', 'machine learning', 'matplotlib', 'neural network', 'nlp', 'numpy', 'pandas', 'python', 'pytorch', 'scikit', 'sql', 'statistics', 'tableau', 'tensorflow']"
1763,INFORMATION-TECHNOLOGY,2.5,4.17,0.0,1,23,['r'],"['agile', 'aws', 'azure', 'communication', 'computer vision', 'data analysis', 'data mining', 'data visualization', 'deep learning', 'git', 'machine learning', 'matplotlib', 'neural network', 'nlp', 'numpy', 'pandas', 'python', 'pytorch', 'scikit', 'sql', 'statistics', 'tableau', 'tensorflow']"
1764,INFORMATION-TECHNOLOGY,2.5,4.17,0.0,1,23,['r'],"['agile', 'aws', 'azure', 'communication', 'computer vision', 'data analysis', 'data mining', 'data visualization', 'deep learning', 'git', 'machine learning', 'matplotlib', 'neural network', 'nlp', 'numpy', 'pandas', 'python', 'pytorch', 'scikit', 'sql', 'statistics', 'tableau', 'tensorflow']"
1765,INFORMATION-TECHNOLOGY,2.5,4.17,0.0,1,23,['r'],"['agile', 'aws', 'azure', 'communication', 'computer vision', 'data analysis', 'data mining', 'data visualization', 'deep learning', 'git', 'machine learning', 'matplotlib', 'neural network', 'nlp', 'numpy', 'pandas', 'python', 'pytorch', 'scikit', 'sql', 'statistics', 'tableau', 'tensorflow']"
1766,INFORMATION-TECHNOLOGY,2.5,4.17,0.0,1,23,['r'],"['agile', 'aws', 'azure', 'communication', 'computer vision', 'data analysis', 'data mining', 'data visualization', 'deep learning', 'git', 'machine learning', 'matplotlib', 'neural network', 'nlp', 'numpy', 'pandas', 'python', 'pytorch', 'scikit', 'sql', 'statistics', 'tableau', 'tensorflow']"
1767,INFORMATION-TECHNOLOGY,2.5,4.17,0.0,1,23,['r'],"['agile', 'aws', 'azure', 'communication', 'computer vision', 'data analysis', 'data mining', 'data visualization', 'deep learning', 'git', 'machine learning', 'matplotlib', 'neural network', 'nlp', 'numpy', 'pandas', 'python', 'pytorch', 'scikit', 'sql', 'statistics', 'tableau', 'tensorflow']"
1768,INFORMATION-TECHNOLOGY,2.5,4.17,0.0,1,23,['r'],"['agile', 'aws', 'azure', 'communication', 'computer vision', 'data analysis', 'data mining', 'data visualization', 'deep learning', 'git', 'machine learning', 'matplotlib', 'neural network', 'nlp', 'numpy', 'pandas', 'python', 'pytorch', 'scikit', 'sql', 'statistics', 'tableau', 'tensorflow']"
1769,INFORMATION-TECHNOLOGY,2.5,4.17,0.0,1,23,['r'],"['agile', 'aws', 'azure', 'communication', 'computer vision', 'data analysis', 'data mining', 'data visualization', 'deep learning', 'git', 'machine learning', 'matplotlib', 'neural network', 'nlp', 'numpy', 'pandas', 'python', 'pytorch', 'scikit', 'sql', 'statistics', 'tableau', 'tensorflow']"
1770,INFORMATION-TECHNOLOGY,2.5,4.17,0.0,1,23,['r'],"['agile', 'aws', 'azure', 'communication', 'computer vision', 'data analysis', 'data mining', 'data visualization', 'deep learning', 'git', 'machine learning', 'matplotlib', 'neural network', 'nlp', 'numpy', 'pandas', 'python', 'pytorch', 'scikit', 'sql', 'statistics', 'tableau', 'tensorflow']"
1771,INFORMATION-TECHNOLOGY,2.5,4.17,0.0,1,23,['r'],"['agile', 'aws', 'azure', 'communication', 'computer vision', 'data analysis', 'data mining', 'data visualization', 'deep learning', 'git', 'machine learning', 'matplotlib', 'neural network', 'nlp', 'numpy', 'pandas', 'python', 'pytorch', 'scikit', 'sql', 'statistics', 'tableau', 'tensorflow']"
1772,INFORMATION-TECHNOLOGY,2.5,4.17,0.0,1,23,['r'],"['agile', 'aws', 'azure', 'communication', 'computer vision', 'data analysis', 'data mining', 'data visualization', 'deep learning', 'git', 'machine learning', 'matplotlib', 'neural network', 'nlp', 'numpy', 'pandas', 'python', 'pytorch', 'scikit', 'sql', 'statistics', 'tableau', 'tensorflow']"
1773,INFORMATION-TECHNOLOGY,2.5,4.17,0.0,1,23,['r'],"['agile', 'aws', 'azure', 'communication', 'computer vision', 'data analysis', 'data mining', 'data visualization', 'deep learning', 'git', 'machine learning', 'matplotlib', 'neural network', 'nlp', 'numpy', 'pandas', 'python', 'pytorch', 'scikit', 'sql', 'statistics', 'tableau', 'tensorflow']"
1774,INFORMATION-TECHNOLOGY,2.5,4.17,0.0,1,23,['r'],"['agile', 'aws', 'azure', 'communication', 'computer vision', 'data analysis', 'data mining', 'data visualization', 'deep learning', 'git', 'machine learning', 'matplotlib', 'neural network', 'nlp', 'numpy', 'pandas', 'python', 'pytorch', 'scikit', 'sql', 'statistics', 'tableau', 'tensorflow']"
1775,INFORMATION-TECHNOLOGY,2.5,4.17,0.0,1,23,['r'],"['agile', 'aws', 'azure', 'communication', 'computer vision', 'data analysis', 'data mining', 'data visualization', 'deep learning', 'git', 'machine learning', 'matplotlib', 'neural network', 'nlp', 'numpy', 'pandas', 'python', 'pytorch', 'scikit', 'sql', 'statistics', 'tableau', 'tensorflow']"
1776,INFORMATION-TECHNOLOGY,2.5,4.17,0.0,1,23,['r'],"['agile', 'aws', 'azure', 'communication', 'computer vision', 'data analysis', 'data mining', 'data visualization', 'deep learning', 'git', 'machine learning', 'matplotlib', 'neural network', 'nlp', 'numpy', 'pandas', 'python', 'pytorch', 'scikit', 'sql', 'statistics', 'tableau', 'tensorflow']"
1777,INFORMATION-TECHNOLOGY,2.5,4.17,0.0,1,23,['r'],"['agile', 'aws', 'azure', 'communication', 'computer vision', 'data analysis', 'data mining', 'data visualization', 'deep learning', 'git', 'machine learning', 'matplotlib', 'neural network', 'nlp', 'numpy', 'pandas', 'python', 'pytorch', 'scikit', 'sql', 'statistics', 'tableau', 'tensorflow']"
1778,INFORMATION-TECHNOLOGY,2.5,4.17,0.0,1,23,['r'],"['agile', 'aws', 'azure', 'communication', 'computer vision', 'data analysis', 'data mining', 'data visualization', 'deep learning', 'git', 'machine learning', 'matplotlib', 'neural network', 'nlp', 'numpy', 'pandas', 'python', 'pytorch', 'scikit', 'sql', 'statistics', 'tableau', 'tensorflow']"
1779,INFORMATION-TECHNOLOGY,2.5,4.17,0.0,1,23,['r'],"['agile', 'aws', 'azure', 'communication', 'computer vision', 'data analysis', 'data mining', 'data visualization', 'deep learning', 'git', 'machine learning', 'matplotlib', 'neural network', 'nlp', 'numpy', 'pandas', 'python', 'pytorch', 'scikit', 'sql', 'statistics', 'tableau', 'tensorflow']"
1780,INFORMATION-TECHNOLOGY,2.5,4.17,0.0,1,23,['r'],"['agile', 'aws', 'azure', 'communication', 'computer vision', 'data analysis', 'data mining', 'data visualization', 'deep learning', 'git', 'machine learning', 'matplotlib', 'neural network', 'nlp', 'numpy', 'pandas', 'python', 'pytorch', 'scikit', 'sql', 'statistics', 'tableau', 'tensorflow']"
1781,INFORMATION-TECHNOLOGY,2.5,4.17,0.0,1,23,['r'],"['agile', 'aws', 'azure', 'communication', 'computer vision', 'data analysis', 'data mining', 'data visualization', 'deep learning', 'git', 'machine learning', 'matplotlib', 'neural network', 'nlp', 'numpy', 'pandas', 'python', 'pytorch', 'scikit', 'sql', 'statistics', 'tableau', 'tensorflow']"
1782,INFORMATION-TECHNOLOGY,2.5,4.17,0.0,1,23,['r'],"['agile', 'aws', 'azure', 'communication', 'computer vision', 'data analysis', 'data mining', 'data visualization', 'deep learning', 'git', 'machine learning', 'matplotlib', 'neural network', 'nlp', 'numpy', 'pandas', 'python', 'pytorch', 'scikit', 'sql', 'statistics', 'tableau', 'tensorflow']"
1783,INFORMATION-TECHNOLOGY,2.5,4.17,0.0,1,23,['r'],"['agile', 'aws', 'azure', 'communication', 'computer vision', 'data analysis', 'data mining', 'data visualization', 'deep learning', 'git', 'machine learning', 'matplotlib', 'neural network', 'nlp', 'numpy', 'pandas', 'python', 'pytorch', 'scikit', 'sql', 'statistics', 'tableau', 'tensorflow']"
1784,INFORMATION-TECHNOLOGY,2.5,4.17,0.0,1,23,['r'],"['agile', 'aws', 'azure', 'communication', 'computer vision', 'data analysis', 'data mining', 'data visualization', 'deep learning', 'git', 'machine learning', 'matplotlib', 'neural network', 'nlp', 'numpy', 'pandas', 'python', 'pytorch', 'scikit', 'sql', 'statistics', 'tableau', 'tensorflow']"
1785,INFORMATION-TECHNOLOGY,2.5,4.17,0.0,1,23,['r'],"['agile', 'aws', 'azure', 'communication', 'computer vision', 'data analysis', 'data mining', 'data visualization', 'deep learning', 'git', 'machine learning', 'matplotlib', 'neural network', 'nlp', 'numpy', 'pandas', 'python', 'pytorch', 'scikit', 'sql', 'statistics', 'tableau', 'tensorflow']"
1786,INFORMATION-TECHNOLOGY,2.5,4.17,0.0,1,23,['r'],"['agile', 'aws', 'azure', 'communication', 'computer vision', 'data analysis', 'data mining', 'data visualization', 'deep learning', 'git', 'machine learning', 'matplotlib', 'neural network', 'nlp', 'numpy', 'pandas', 'python', 'pytorch', 'scikit', 'sql', 'statistics', 'tableau', 'tensorflow']"
1787,INFORMATION-TECHNOLOGY,2.5,4.17,0.0,1,23,['r'],"['agile', 'aws', 'azure', 'communication', 'computer vision', 'data analysis', 'data mining', 'data visualization', 'deep learning', 'git', 'machine learning', 'matplotlib', 'neural network', 'nlp', 'numpy', 'pandas', 'python', 'pytorch', 'scikit', 'sql', 'statistics', 'tableau', 'tensorflow']"
1788,INFORMATION-TECHNOLOGY,2.5,4.17,0.0,1,23,['r'],"['agile', 'aws', 'azure', 'communication', 'computer vision', 'data analysis', 'data mining', 'data visualization', 'deep learning', 'git', 'machine learning', 'matplotlib', 'neural network', 'nlp', 'numpy', 'pandas', 'python', 'pytorch', 'scikit', 'sql', 'statistics', 'tableau', 'tensorflow']"
1789,INFORMATION-TECHNOLOGY,2.5,4.17,0.0,1,23,['r'],"['agile', 'aws', 'azure', 'communication', 'computer vision', 'data analysis', 'data mining', 'data visualization', 'deep learning', 'git', 'machine learning', 'matplotlib', 'neural network', 'nlp', 'numpy', 'pandas', 'python', 'pytorch', 'scikit', 'sql', 'statistics', 'tableau', 'tensorflow']"
1790,INFORMATION-TECHNOLOGY,2.5,4.17,0.0,1,23,['r'],"['agile', 'aws', 'azure', 'communication', 'computer vision', 'data analysis', 'data mining', 'data visualization', 'deep learning', 'git', 'machine learning', 'matplotlib', 'neural network', 'nlp', 'numpy', 'pandas', 'python', 'pytorch', 'scikit', 'sql', 'statistics', 'tableau', 'tensorflow']"
1791,INFORMATION-TECHNOLOGY,2.5,4.17,0.0,1,23,['r'],"['agile', 'aws', 'azure', 'communication', 'computer vision', 'data analysis', 'data mining', 'data visualization', 'deep learning', 'git', 'machine learning', 'matplotlib', 'neural network', 'nlp', 'numpy', 'pandas', 'python', 'pytorch', 'scikit', 'sql', 'statistics', 'tableau', 'tensorflow']"
1792,INFORMATION-TECHNOLOGY,2.5,4.17,0.0,1,23,['r'],"['agile', 'aws', 'azure', 'communication', 'computer vision', 'data analysis', 'data mining', 'data visualization', 'deep learning', 'git', 'machine learning', 'matplotlib', 'neural network', 'nlp', 'numpy', 'pandas', 'python', 'pytorch', 'scikit', 'sql', 'statistics', 'tableau', 'tensorflow']"
1793,INFORMATION-TECHNOLOGY,2.5,4.17,0.0,1,23,['r'],"['agile', 'aws', 'azure', 'communication', 'computer vision', 'data analysis', 'data mining', 'data visualization', 'deep learning', 'git', 'machine learning', 'matplotlib', 'neural network', 'nlp', 'numpy', 'pandas', 'python', 'pytorch', 'scikit', 'sql', 'statistics', 'tableau', 'tensorflow']"
1794,INFORMATION-TECHNOLOGY,2.5,4.17,0.0,1,23,['r'],"['agile', 'aws', 'azure', 'communication', 'computer vision', 'data analysis', 'data mining', 'data visualization', 'deep learning', 'git', 'machine learning', 'matplotlib', 'neural network', 'nlp', 'numpy', 'pandas', 'python', 'pytorch', 'scikit', 'sql', 'statistics', 'tableau', 'tensorflow']"
1795,INFORMATION-TECHNOLOGY,2.5,4.17,0.0,1,23,['r'],"['agile', 'aws', 'azure', 'communication', 'computer vision', 'data analysis', 'data mining', 'data visualization', 'deep learning', 'git', 'machine learning', 'matplotlib', 'neural network', 'nlp', 'numpy', 'pandas', 'python', 'pytorch', 'scikit', 'sql', 'statistics', 'tableau', 'tensorflow']"
1796,INFORMATION-TECHNOLOGY,2.5,4.17,0.0,1,23,['r'],"['agile', 'aws', 'azure', 'communication', 'computer vision', 'data analysis', 'data mining', 'data visualization', 'deep learning', 'git', 'machine learning', 'matplotlib', 'neural network', 'nlp', 'numpy', 'pandas', 'python', 'pytorch', 'scikit', 'sql', 'statistics', 'tableau', 'tensorflow']"
1797,INFORMATION-TECHNOLOGY,2.5,4.17,0.0,1,23,['r'],"['agile', 'aws', 'azure', 'communication', 'computer vision', 'data analysis', 'data mining', 'data visualization', 'deep learning', 'git', 'machine learning', 'matplotlib', 'neural network', 'nlp', 'numpy', 'pandas', 'python', 'pytorch', 'scikit', 'sql', 'statistics', 'tableau', 'tensorflow']"
1798,INFORMATION-TECHNOLOGY,2.5,4.17,0.0,1,23,['r'],"['agile', 'aws', 'azure', 'communication', 'computer vision', 'data analysis', 'data mining', 'data visualization', 'deep learning', 'git', 'machine learning', 'matplotlib', 'neural network', 'nlp', 'numpy', 'pandas', 'python', 'pytorch', 'scikit', 'sql', 'statistics', 'tableau', 'tensorflow']"
1799,INFORMATION-TECHNOLOGY,2.5,4.17,0.0,1,23,['r'],"['agile', 'aws', 'azure', 'communication', 'computer vision', 'data analysis', 'data mining', 'data visualization', 'deep learning', 'git', 'machine learning', 'matplotlib', 'neural network', 'nlp', 'numpy', 'pandas', 'python', 'pytorch', 'scikit', 'sql', 'statistics', 'tableau', 'tensorflow']"
1800,INFORMATION-TECHNOLOGY,2.5,4.17,0.0,1,23,['r'],"['agile', 'aws', 'azure', 'communication', 'computer vision', 'data analysis', 'data mining', 'data visualization', 'deep learning', 'git', 'machine learning', 'matplotlib', 'neural network', 'nlp', 'numpy', 'pandas', 'python', 'pytorch', 'scikit', 'sql', 'statistics', 'tableau', 'tensorflow']"
1801,INFORMATION-TECHNOLOGY,2.5,4.17,0.0,1,23,['r'],"['agile', 'aws', 'azure', 'communication', 'computer vision', 'data analysis', 'data mining', 'data visualization', 'deep learning', 'git', 'machine learning', 'matplotlib', 'neural network', 'nlp', 'numpy', 'pandas', 'python', 'pytorch', 'scikit', 'sql', 'statistics', 'tableau', 'tensorflow']"
1802,INFORMATION-TECHNOLOGY,2.5,4.17,0.0,1,23,['r'],"['agile', 'aws', 'azure', 'communication', 'computer vision', 'data analysis', 'data mining', 'data visualization', 'deep learning', 'git', 'machine learning', 'matplotlib', 'neural network', 'nlp', 'numpy', 'pandas', 'python', 'pytorch', 'scikit', 'sql', 'statistics', 'tableau', 'tensorflow']"
1803,INFORMATION-TECHNOLOGY,2.5,4.17,0.0,1,23,['r'],"['agile', 'aws', 'azure', 'communication', 'computer vision', 'data analysis', 'data mining', 'data visualization', 'deep learning', 'git', 'machine learning', 'matplotlib', 'neural network', 'nlp', 'numpy', 'pandas', 'python', 'pytorch', 'scikit', 'sql', 'statistics', 'tableau', 'tensorflow']"
1804,INFORMATION-TECHNOLOGY,2.5,4.17,0.0,1,23,['r'],"['agile', 'aws', 'azure', 'communication', 'computer vision', 'data analysis', 'data mining', 'data visualization', 'deep learning', 'git', 'machine learning', 'matplotlib', 'neural network', 'nlp', 'numpy', 'pandas', 'python', 'pytorch', 'scikit', 'sql', 'statistics', 'tableau', 'tensorflow']"
1805,INFORMATION-TECHNOLOGY,2.5,4.17,0.0,1,23,['r'],"['agile', 'aws', 'azure', 'communication', 'computer vision', 'data analysis', 'data mining', 'data visualization', 'deep learning', 'git', 'machine learning', 'matplotlib', 'neural network', 'nlp', 'numpy', 'pandas', 'python', 'pytorch', 'scikit', 'sql', 'statistics', 'tableau', 'tensorflow']"
1806,INFORMATION-TECHNOLOGY,2.5,4.17,0.0,1,23,['r'],"['agile', 'aws', 'azure', 'communication', 'computer vision', 'data analysis', 'data mining', 'data visualization', 'deep learning', 'git', 'machine learning', 'matplotlib', 'neural network', 'nlp', 'numpy', 'pandas', 'python', 'pytorch', 'scikit', 'sql', 'statistics', 'tableau', 'tensorflow']"
1807,INFORMATION-TECHNOLOGY,2.5,4.17,0.0,1,23,['r'],"['agile', 'aws', 'azure', 'communication', 'computer vision', 'data analysis', 'data mining', 'data visualization', 'deep learning', 'git', 'machine learning', 'matplotlib', 'neural network', 'nlp', 'numpy', 'pandas', 'python', 'pytorch', 'scikit', 'sql', 'statistics', 'tableau', 'tensorflow']"
1808,INFORMATION-TECHNOLOGY,2.5,4.17,0.0,1,23,['r'],"['agile', 'aws', 'azure', 'communication', 'computer vision', 'data analysis', 'data mining', 'data visualization', 'deep learning', 'git', 'machine learning', 'matplotlib', 'neural network', 'nlp', 'numpy', 'pandas', 'python', 'pytorch', 'scikit', 'sql', 'statistics', 'tableau', 'tensorflow']"
1809,INFORMATION-TECHNOLOGY,2.5,4.17,0.0,1,23,['r'],"['agile', 'aws', 'azure', 'communication', 'computer vision', 'data analysis', 'data mining', 'data visualization', 'deep learning', 'git', 'machine learning', 'matplotlib', 'neural network', 'nlp', 'numpy', 'pandas', 'python', 'pytorch', 'scikit', 'sql', 'statistics', 'tableau', 'tensorflow']"
1810,INFORMATION-TECHNOLOGY,2.5,4.17,0.0,1,23,['r'],"['agile', 'aws', 'azure', 'communication', 'computer vision', 'data analysis', 'data mining', 'data visualization', 'deep learning', 'git', 'machine learning', 'matplotlib', 'neural network', 'nlp', 'numpy', 'pandas', 'python', 'pytorch', 'scikit', 'sql', 'statistics', 'tableau', 'tensorflow']"
1811,INFORMATION-TECHNOLOGY,2.5,4.17,0.0,1,23,['r'],"['agile', 'aws', 'azure', 'communication', 'computer vision', 'data analysis', 'data mining', 'data visualization', 'deep learning', 'git', 'machine learning', 'matplotlib', 'neural network', 'nlp', 'numpy', 'pandas', 'python', 'pytorch', 'scikit', 'sql', 'statistics', 'tableau', 'tensorflow']"
1812,INFORMATION-TECHNOLOGY,2.5,4.17,0.0,1,23,['r'],"['agile', 'aws', 'azure', 'communication', 'computer vision', 'data analysis', 'data mining', 'data visualization', 'deep learning', 'git', 'machine learning', 'matplotlib', 'neural network', 'nlp', 'numpy', 'pandas', 'python', 'pytorch', 'scikit', 'sql', 'statistics', 'tableau', 'tensorflow']"
1813,DESIGNER,2.5,4.17,0.0,1,23,['r'],"['agile', 'aws', 'azure', 'communication', 'computer vision', 'data analysis', 'data mining', 'data visualization', 'deep learning', 'git', 'machine learning', 'matplotlib', 'neural network', 'nlp', 'numpy', 'pandas', 'python', 'pytorch', 'scikit', 'sql', 'statistics', 'tableau', 'tensorflow']"
1814,DESIGNER,2.5,4.17,0.0,1,23,['r'],"['agile', 'aws', 'azure', 'communication', 'computer vision', 'data analysis', 'data mining', 'data visualization', 'deep learning', 'git', 'machine learning', 'matplotlib', 'neural network', 'nlp', 'numpy', 'pandas', 'python', 'pytorch', 'scikit', 'sql', 'statistics', 'tableau', 'tensorflow']"
1815,DESIGNER,2.5,4.17,0.0,1,23,['r'],"['agile', 'aws', 'azure', 'communication', 'computer vision', 'data analysis', 'data mining', 'data visualization', 'deep learning', 'git', 'machine learning', 'matplotlib', 'neural network', 'nlp', 'numpy', 'pandas', 'python', 'pytorch', 'scikit', 'sql', 'statistics', 'tableau', 'tensorflow']"
1816,DESIGNER,2.5,4.17,0.0,1,23,['r'],"['agile', 'aws', 'azure', 'communication', 'computer vision', 'data analysis', 'data mining', 'data visualization', 'deep learning', 'git', 'machine learning', 'matplotlib', 'neural network', 'nlp', 'numpy', 'pandas', 'python', 'pytorch', 'scikit', 'sql', 'statistics', 'tableau', 'tensorflow']"
1817,DESIGNER,2.5,4.17,0.0,1,23,['r'],"['agile', 'aws', 'azure', 'communication', 'computer vision', 'data analysis', 'data mining', 'data visualization', 'deep learning', 'git', 'machine learning', 'matplotlib', 'neural network', 'nlp', 'numpy', 'pandas', 'python', 'pytorch', 'scikit', 'sql', 'statistics', 'tableau', 'tensorflow']"
1818,DESIGNER,2.5,4.17,0.0,1,23,['r'],"['agile', 'aws', 'azure', 'communication', 'computer vision', 'data analysis', 'data mining', 'data visualization', 'deep learning', 'git', 'machine learning', 'matplotlib', 'neural network', 'nlp', 'numpy', 'pandas', 'python', 'pytorch', 'scikit', 'sql', 'statistics', 'tableau', 'tensorflow']"
1819,DESIGNER,2.5,4.17,0.0,1,23,['r'],"['agile', 'aws', 'azure', 'communication', 'computer vision', 'data analysis', 'data mining', 'data visualization', 'deep learning', 'git', 'machine learning', 'matplotlib', 'neural network', 'nlp', 'numpy', 'pandas', 'python', 'pytorch', 'scikit', 'sql', 'statistics', 'tableau', 'tensorflow']"
1820,DESIGNER,2.5,4.17,0.0,1,23,['r'],"['agile', 'aws', 'azure', 'communication', 'computer vision', 'data analysis', 'data mining', 'data visualization', 'deep learning', 'git', 'machine learning', 'matplotlib', 'neural network', 'nlp', 'numpy', 'pandas', 'python', 'pytorch', 'scikit', 'sql', 'statistics', 'tableau', 'tensorflow']"
1821,INFORMATION-TECHNOLOGY,2.5,4.17,0.0,1,23,['r'],"['agile', 'aws', 'azure', 'communication', 'computer vision', 'data analysis', 'data mining', 'data visualization', 'deep learning', 'git', 'machine learning', 'matplotlib', 'neural network', 'nlp', 'numpy', 'pandas', 'python', 'pytorch', 'scikit', 'sql', 'statistics', 'tableau', 'tensorflow']"
1822,DESIGNER,2.5,4.17,0.0,1,23,['r'],"['agile', 'aws', 'azure', 'communication', 'computer vision', 'data analysis', 'data mining', 'data visualization', 'deep learning', 'git', 'machine learning', 'matplotlib', 'neural network', 'nlp', 'numpy', 'pandas', 'python', 'pytorch', 'scikit', 'sql', 'statistics', 'tableau', 'tensorflow']"
1823,DESIGNER,2.5,4.17,0.0,1,23,['r'],"['agile', 'aws', 'azure', 'communication', 'computer vision', 'data analysis', 'data mining', 'data visualization', 'deep learning', 'git', 'machine learning', 'matplotlib', 'neural network', 'nlp', 'numpy', 'pandas', 'python', 'pytorch', 'scikit', 'sql', 'statistics', 'tableau', 'tensorflow']"
1824,DESIGNER,2.5,4.17,0.0,1,23,['r'],"['agile', 'aws', 'azure', 'communication', 'computer vision', 'data analysis', 'data mining', 'data visualization', 'deep learning', 'git', 'machine learning', 'matplotlib', 'neural network', 'nlp', 'numpy', 'pandas', 'python', 'pytorch', 'scikit', 'sql', 'statistics', 'tableau', 'tensorflow']"
1825,DESIGNER,2.5,4.17,0.0,1,23,['r'],"['agile', 'aws', 'azure', 'communication', 'computer vision', 'data analysis', 'data mining', 'data visualization', 'deep learning', 'git', 'machine learning', 'matplotlib', 'neural network', 'nlp', 'numpy', 'pandas', 'python', 'pytorch', 'scikit', 'sql', 'statistics', 'tableau', 'tensorflow']"
1826,DESIGNER,2.5,4.17,0.0,1,23,['r'],"['agile', 'aws', 'azure', 'communication', 'computer vision', 'data analysis', 'data mining', 'data visualization', 'deep learning', 'git', 'machine learning', 'matplotlib', 'neural network', 'nlp', 'numpy', 'pandas', 'python', 'pytorch', 'scikit', 'sql', 'statistics', 'tableau', 'tensorflow']"
1827,DESIGNER,2.5,4.17,0.0,1,23,['r'],"['agile', 'aws', 'azure', 'communication', 'computer vision', 'data analysis', 'data mining', 'data visualization', 'deep learning', 'git', 'machine learning', 'matplotlib', 'neural network', 'nlp', 'numpy', 'pandas', 'python', 'pytorch', 'scikit', 'sql', 'statistics', 'tableau', 'tensorflow']"
1828,DESIGNER,2.5,4.17,0.0,1,23,['r'],"['agile', 'aws', 'azure', 'communication', 'computer vision', 'data analysis', 'data mining', 'data visualization', 'deep learning', 'git', 'machine learning', 'matplotlib', 'neural network', 'nlp', 'numpy', 'pandas', 'python', 'pytorch', 'scikit', 'sql', 'statistics', 'tableau', 'tensorflow']"
1829,DESIGNER,2.5,4.17,0.0,1,23,['r'],"['agile', 'aws', 'azure', 'communication', 'computer vision', 'data analysis', 'data mining', 'data visualization', 'deep learning', 'git', 'machine learning', 'matplotlib', 'neural network', 'nlp', 'numpy', 'pandas', 'python', 'pytorch', 'scikit', 'sql', 'statistics', 'tableau', 'tensorflow']"
1830,DESIGNER,2.5,4.17,0.0,1,23,['r'],"['agile', 'aws', 'azure', 'communication', 'computer vision', 'data analysis', 'data mining', 'data visualization', 'deep learning', 'git', 'machine learning', 'matplotlib', 'neural network', 'nlp', 'numpy', 'pandas', 'python', 'pytorch', 'scikit', 'sql', 'statistics', 'tableau', 'tensorflow']"
1831,DESIGNER,2.5,4.17,0.0,1,23,['r'],"['agile', 'aws', 'azure', 'communication', 'computer vision', 'data analysis', 'data mining', 'data visualization', 'deep learning', 'git', 'machine learning', 'matplotlib', 'neural network', 'nlp', 'numpy', 'pandas', 'python', 'pytorch', 'scikit', 'sql', 'statistics', 'tableau', 'tensorflow']"
1832,DESIGNER,2.5,4.17,0.0,1,23,['r'],"['agile', 'aws', 'azure', 'communication', 'computer vision', 'data analysis', 'data mining', 'data visualization', 'deep learning', 'git', 'machine learning', 'matplotlib', 'neural network', 'nlp', 'numpy', 'pandas', 'python', 'pytorch', 'scikit', 'sql', 'statistics', 'tableau', 'tensorflow']"
1833,DESIGNER,2.5,4.17,0.0,1,23,['r'],"['agile', 'aws', 'azure', 'communication', 'computer vision', 'data analysis', 'data mining', 'data visualization', 'deep learning', 'git', 'machine learning', 'matplotlib', 'neural network', 'nlp', 'numpy', 'pandas', 'python', 'pytorch', 'scikit', 'sql', 'statistics', 'tableau', 'tensorflow']"
1834,DESIGNER,2.5,4.17,0.0,1,23,['r'],"['agile', 'aws', 'azure', 'communication', 'computer vision', 'data analysis', 'data mining', 'data visualization', 'deep learning', 'git', 'machine learning', 'matplotlib', 'neural network', 'nlp', 'numpy', 'pandas', 'python', 'pytorch', 'scikit', 'sql', 'statistics', 'tableau', 'tensorflow']"
1835,DESIGNER,2.5,4.17,0.0,1,23,['r'],"['agile', 'aws', 'azure', 'communication', 'computer vision', 'data analysis', 'data mining', 'data visualization', 'deep learning', 'git', 'machine learning', 'matplotlib', 'neural network', 'nlp', 'numpy', 'pandas', 'python', 'pytorch', 'scikit', 'sql', 'statistics', 'tableau', 'tensorflow']"
1836,DESIGNER,2.5,4.17,0.0,1,23,['r'],"['agile', 'aws', 'azure', 'communication', 'computer vision', 'data analysis', 'data mining', 'data visualization', 'deep learning', 'git', 'machine learning', 'matplotlib', 'neural network', 'nlp', 'numpy', 'pandas', 'python', 'pytorch', 'scikit', 'sql', 'statistics', 'tableau', 'tensorflow']"
1837,DESIGNER,2.5,4.17,0.0,1,23,['r'],"['agile', 'aws', 'azure', 'communication', 'computer vision', 'data analysis', 'data mining', 'data visualization', 'deep learning', 'git', 'machine learning', 'matplotlib', 'neural network', 'nlp', 'numpy', 'pandas', 'python', 'pytorch', 'scikit', 'sql', 'statistics', 'tableau', 'tensorflow']"
1838,DESIGNER,2.5,4.17,0.0,1,23,['r'],"['agile', 'aws', 'azure', 'communication', 'computer vision', 'data analysis', 'data mining', 'data visualization', 'deep learning', 'git', 'machine learning', 'matplotlib', 'neural network', 'nlp', 'numpy', 'pandas', 'python', 'pytorch', 'scikit', 'sql', 'statistics', 'tableau', 'tensorflow']"
1839,DESIGNER,2.5,4.17,0.0,1,23,['r'],"['agile', 'aws', 'azure', 'communication', 'computer vision', 'data analysis', 'data mining', 'data visualization', 'deep learning', 'git', 'machine learning', 'matplotlib', 'neural network', 'nlp', 'numpy', 'pandas', 'python', 'pytorch', 'scikit', 'sql', 'statistics', 'tableau', 'tensorflow']"
1840,DESIGNER,2.5,4.17,0.0,1,23,['r'],"['agile', 'aws', 'azure', 'communication', 'computer vision', 'data analysis', 'data mining', 'data visualization', 'deep learning', 'git', 'machine learning', 'matplotlib', 'neural network', 'nlp', 'numpy', 'pandas', 'python', 'pytorch', 'scikit', 'sql', 'statistics', 'tableau', 'tensorflow']"
1841,DESIGNER,2.5,4.17,0.0,1,23,['r'],"['agile', 'aws', 'azure', 'communication', 'computer vision', 'data analysis', 'data mining', 'data visualization', 'deep learning', 'git', 'machine learning', 'matplotlib', 'neural network', 'nlp', 'numpy', 'pandas', 'python', 'pytorch', 'scikit', 'sql', 'statistics', 'tableau', 'tensorflow']"
1842,DESIGNER,2.5,4.17,0.0,1,23,['r'],"['agile', 'aws', 'azure', 'communication', 'computer vision', 'data analysis', 'data mining', 'data visualization', 'deep learning', 'git', 'machine learning', 'matplotlib', 'neural network', 'nlp', 'numpy', 'pandas', 'python', 'pytorch', 'scikit', 'sql', 'statistics', 'tableau', 'tensorflow']"
1843,DESIGNER,2.5,4.17,0.0,1,23,['r'],"['agile', 'aws', 'azure', 'communication', 'computer vision', 'data analysis', 'data mining', 'data visualization', 'deep learning', 'git', 'machine learning', 'matplotlib', 'neural network', 'nlp', 'numpy', 'pandas', 'python', 'pytorch', 'scikit', 'sql', 'statistics', 'tableau', 'tensorflow']"
1844,DESIGNER,2.5,4.17,0.0,1,23,['r'],"['agile', 'aws', 'azure', 'communication', 'computer vision', 'data analysis', 'data mining', 'data visualization', 'deep learning', 'git', 'machine learning', 'matplotlib', 'neural network', 'nlp', 'numpy', 'pandas', 'python', 'pytorch', 'scikit', 'sql', 'statistics', 'tableau', 'tensorflow']"
1845,DESIGNER,2.5,4.17,0.0,1,23,['r'],"['agile', 'aws', 'azure', 'communication', 'computer vision', 'data analysis', 'data mining', 'data visualization', 'deep learning', 'git', 'machine learning', 'matplotlib', 'neural network', 'nlp', 'numpy', 'pandas', 'python', 'pytorch', 'scikit', 'sql', 'statistics', 'tableau', 'tensorflow']"
1846,DESIGNER,2.5,4.17,0.0,1,23,['r'],"['agile', 'aws', 'azure', 'communication', 'computer vision', 'data analysis', 'data mining', 'data visualization', 'deep learning', 'git', 'machine learning', 'matplotlib', 'neural network', 'nlp', 'numpy', 'pandas', 'python', 'pytorch', 'scikit', 'sql', 'statistics', 'tableau', 'tensorflow']"
1847,DESIGNER,2.5,4.17,0.0,1,23,['r'],"['agile', 'aws', 'azure', 'communication', 'computer vision', 'data analysis', 'data mining', 'data visualization', 'deep learning', 'git', 'machine learning', 'matplotlib', 'neural network', 'nlp', 'numpy', 'pandas', 'python', 'pytorch', 'scikit', 'sql', 'statistics', 'tableau', 'tensorflow']"
1848,DESIGNER,2.5,4.17,0.0,1,23,['r'],"['agile', 'aws', 'azure', 'communication', 'computer vision', 'data analysis', 'data mining', 'data visualization', 'deep learning', 'git', 'machine learning', 'matplotlib', 'neural network', 'nlp', 'numpy', 'pandas', 'python', 'pytorch', 'scikit', 'sql', 'statistics', 'tableau', 'tensorflow']"
1849,DESIGNER,2.5,4.17,0.0,1,23,['r'],"['agile', 'aws', 'azure', 'communication', 'computer vision', 'data analysis', 'data mining', 'data visualization', 'deep learning', 'git', 'machine learning', 'matplotlib', 'neural network', 'nlp', 'numpy', 'pandas', 'python', 'pytorch', 'scikit', 'sql', 'statistics', 'tableau', 'tensorflow']"
1850,INFORMATION-TECHNOLOGY,2.5,4.17,0.0,1,23,['r'],"['agile', 'aws', 'azure', 'communication', 'computer vision', 'data analysis', 'data mining', 'data visualization', 'deep learning', 'git', 'machine learning', 'matplotlib', 'neural network', 'nlp', 'numpy', 'pandas', 'python', 'pytorch', 'scikit', 'sql', 'statistics', 'tableau', 'tensorflow']"
1851,INFORMATION-TECHNOLOGY,2.5,4.17,0.0,1,23,['r'],"['agile', 'aws', 'azure', 'communication', 'computer vision', 'data analysis', 'data mining', 'data visualization', 'deep learning', 'git', 'machine learning', 'matplotlib', 'neural network', 'nlp', 'numpy', 'pandas', 'python', 'pytorch', 'scikit', 'sql', 'statistics', 'tableau', 'tensorflow']"
1852,INFORMATION-TECHNOLOGY,2.5,4.17,0.0,1,23,['r'],"['agile', 'aws', 'azure', 'communication', 'computer vision', 'data analysis', 'data mining', 'data visualization', 'deep learning', 'git', 'machine learning', 'matplotlib', 'neural network', 'nlp', 'numpy', 'pandas', 'python', 'pytorch', 'scikit', 'sql', 'statistics', 'tableau', 'tensorflow']"
1853,INFORMATION-TECHNOLOGY,2.5,4.17,0.0,1,23,['r'],"['agile', 'aws', 'azure', 'communication', 'computer vision', 'data analysis', 'data mining', 'data visualization', 'deep learning', 'git', 'machine learning', 'matplotlib', 'neural network', 'nlp', 'numpy', 'pandas', 'python', 'pytorch', 'scikit', 'sql', 'statistics', 'tableau', 'tensorflow']"
1854,INFORMATION-TECHNOLOGY,2.5,4.17,0.0,1,23,['r'],"['agile', 'aws', 'azure', 'communication', 'computer vision', 'data analysis', 'data mining', 'data visualization', 'deep learning', 'git', 'machine learning', 'matplotlib', 'neural network', 'nlp', 'numpy', 'pandas', 'python', 'pytorch', 'scikit', 'sql', 'statistics', 'tableau', 'tensorflow']"
1855,INFORMATION-TECHNOLOGY,2.5,4.17,0.0,1,23,['r'],"['agile', 'aws', 'azure', 'communication', 'computer vision', 'data analysis', 'data mining', 'data visualization', 'deep learning', 'git', 'machine learning', 'matplotlib', 'neural network', 'nlp', 'numpy', 'pandas', 'python', 'pytorch', 'scikit', 'sql', 'statistics', 'tableau', 'tensorflow']"
1856,INFORMATION-TECHNOLOGY,2.5,4.17,0.0,1,23,['r'],"['agile', 'aws', 'azure', 'communication', 'computer vision', 'data analysis', 'data mining', 'data visualization', 'deep learning', 'git', 'machine learning', 'matplotlib', 'neural network', 'nlp', 'numpy', 'pandas', 'python', 'pytorch', 'scikit', 'sql', 'statistics', 'tableau', 'tensorflow']"
1857,INFORMATION-TECHNOLOGY,2.5,4.17,0.0,1,23,['r'],"['agile', 'aws', 'azure', 'communication', 'computer vision', 'data analysis', 'data mining', 'data visualization', 'deep learning', 'git', 'machine learning', 'matplotlib', 'neural network', 'nlp', 'numpy', 'pandas', 'python', 'pytorch', 'scikit', 'sql', 'statistics', 'tableau', 'tensorflow']"
1858,DESIGNER,2.5,4.17,0.0,1,23,['r'],"['agile', 'aws', 'azure', 'communication', 'computer vision', 'data analysis', 'data mining', 'data visualization', 'deep learning', 'git', 'machine learning', 'matplotlib', 'neural network', 'nlp', 'numpy', 'pandas', 'python', 'pytorch', 'scikit', 'sql', 'statistics', 'tableau', 'tensorflow']"
1859,INFORMATION-TECHNOLOGY,2.5,4.17,0.0,1,23,['r'],"['agile', 'aws', 'azure', 'communication', 'computer vision', 'data analysis', 'data mining', 'data visualization', 'deep learning', 'git', 'machine learning', 'matplotlib', 'neural network', 'nlp', 'numpy', 'pandas', 'python', 'pytorch', 'scikit', 'sql', 'statistics', 'tableau', 'tensorflow']"
1860,INFORMATION-TECHNOLOGY,2.5,4.17,0.0,1,23,['r'],"['agile', 'aws', 'azure', 'communication', 'computer vision', 'data analysis', 'data mining', 'data visualization', 'deep learning', 'git', 'machine learning', 'matplotlib', 'neural network', 'nlp', 'numpy', 'pandas', 'python', 'pytorch', 'scikit', 'sql', 'statistics', 'tableau', 'tensorflow']"
1861,INFORMATION-TECHNOLOGY,2.5,4.17,0.0,1,23,['r'],"['agile', 'aws', 'azure', 'communication', 'computer vision', 'data analysis', 'data mining', 'data visualization', 'deep learning', 'git', 'machine learning', 'matplotlib', 'neural network', 'nlp', 'numpy', 'pandas', 'python', 'pytorch', 'scikit', 'sql', 'statistics', 'tableau', 'tensorflow']"
1862,INFORMATION-TECHNOLOGY,2.5,4.17,0.0,1,23,['r'],"['agile', 'aws', 'azure', 'communication', 'computer vision', 'data analysis', 'data mining', 'data visualization', 'deep learning', 'git', 'machine learning', 'matplotlib', 'neural network', 'nlp', 'numpy', 'pandas', 'python', 'pytorch', 'scikit', 'sql', 'statistics', 'tableau', 'tensorflow']"
1863,INFORMATION-TECHNOLOGY,2.5,4.17,0.0,1,23,['r'],"['agile', 'aws', 'azure', 'communication', 'computer vision', 'data analysis', 'data mining', 'data visualization', 'deep learning', 'git', 'machine learning', 'matplotlib', 'neural network', 'nlp', 'numpy', 'pandas', 'python', 'pytorch', 'scikit', 'sql', 'statistics', 'tableau', 'tensorflow']"
1864,INFORMATION-TECHNOLOGY,2.5,4.17,0.0,1,23,['r'],"['agile', 'aws', 'azure', 'communication', 'computer vision', 'data analysis', 'data mining', 'data visualization', 'deep learning', 'git', 'machine learning', 'matplotlib', 'neural network', 'nlp', 'numpy', 'pandas', 'python', 'pytorch', 'scikit', 'sql', 'statistics', 'tableau', 'tensorflow']"
1865,INFORMATION-TECHNOLOGY,2.5,4.17,0.0,1,23,['r'],"['agile', 'aws', 'azure', 'communication', 'computer vision', 'data analysis', 'data mining', 'data visualization', 'deep learning', 'git', 'machine learning', 'matplotlib', 'neural network', 'nlp', 'numpy', 'pandas', 'python', 'pytorch', 'scikit', 'sql', 'statistics', 'tableau', 'tensorflow']"
1866,INFORMATION-TECHNOLOGY,2.5,4.17,0.0,1,23,['r'],"['agile', 'aws', 'azure', 'communication', 'computer vision', 'data analysis', 'data mining', 'data visualization', 'deep learning', 'git', 'machine learning', 'matplotlib', 'neural network', 'nlp', 'numpy', 'pandas', 'python', 'pytorch', 'scikit', 'sql', 'statistics', 'tableau', 'tensorflow']"
1867,INFORMATION-TECHNOLOGY,2.5,4.17,0.0,1,23,['r'],"['agile', 'aws', 'azure', 'communication', 'computer vision', 'data analysis', 'data mining', 'data visualization', 'deep learning', 'git', 'machine learning', 'matplotlib', 'neural network', 'nlp', 'numpy', 'pandas', 'python', 'pytorch', 'scikit', 'sql', 'statistics', 'tableau', 'tensorflow']"
1868,INFORMATION-TECHNOLOGY,2.5,4.17,0.0,1,23,['r'],"['agile', 'aws', 'azure', 'communication', 'computer vision', 'data analysis', 'data mining', 'data visualization', 'deep learning', 'git', 'machine learning', 'matplotlib', 'neural network', 'nlp', 'numpy', 'pandas', 'python', 'pytorch', 'scikit', 'sql', 'statistics', 'tableau', 'tensorflow']"
1869,DESIGNER,2.5,4.17,0.0,1,23,['r'],"['agile', 'aws', 'azure', 'communication', 'computer vision', 'data analysis', 'data mining', 'data visualization', 'deep learning', 'git', 'machine learning', 'matplotlib', 'neural network', 'nlp', 'numpy', 'pandas', 'python', 'pytorch', 'scikit', 'sql', 'statistics', 'tableau', 'tensorflow']"
1870,DESIGNER,2.5,4.17,0.0,1,23,['r'],"['agile', 'aws', 'azure', 'communication', 'computer vision', 'data analysis', 'data mining', 'data visualization', 'deep learning', 'git', 'machine learning', 'matplotlib', 'neural network', 'nlp', 'numpy', 'pandas', 'python', 'pytorch', 'scikit', 'sql', 'statistics', 'tableau', 'tensorflow']"
1871,DESIGNER,2.5,4.17,0.0,1,23,['r'],"['agile', 'aws', 'azure', 'communication', 'computer vision', 'data analysis', 'data mining', 'data visualization', 'deep learning', 'git', 'machine learning', 'matplotlib', 'neural network', 'nlp', 'numpy', 'pandas', 'python', 'pytorch', 'scikit', 'sql', 'statistics', 'tableau', 'tensorflow']"
1872,DESIGNER,2.5,4.17,0.0,1,23,['r'],"['agile', 'aws', 'azure', 'communication', 'computer vision', 'data analysis', 'data mining', 'data visualization', 'deep learning', 'git', 'machine learning', 'matplotlib', 'neural network', 'nlp', 'numpy', 'pandas', 'python', 'pytorch', 'scikit', 'sql', 'statistics', 'tableau', 'tensorflow']"
1873,DESIGNER,2.5,4.17,0.0,1,23,['r'],"['agile', 'aws', 'azure', 'communication', 'computer vision', 'data analysis', 'data mining', 'data visualization', 'deep learning', 'git', 'machine learning', 'matplotlib', 'neural network', 'nlp', 'numpy', 'pandas', 'python', 'pytorch', 'scikit', 'sql', 'statistics', 'tableau', 'tensorflow']"
1874,DESIGNER,2.5,4.17,0.0,1,23,['r'],"['agile', 'aws', 'azure', 'communication', 'computer vision', 'data analysis', 'data mining', 'data visualization', 'deep learning', 'git', 'machine learning', 'matplotlib', 'neural network', 'nlp', 'numpy', 'pandas', 'python', 'pytorch', 'scikit', 'sql', 'statistics', 'tableau', 'tensorflow']"
1875,DESIGNER,2.5,4.17,0.0,1,23,['r'],"['agile', 'aws', 'azure', 'communication', 'computer vision', 'data analysis', 'data mining', 'data visualization', 'deep learning', 'git', 'machine learning', 'matplotlib', 'neural network', 'nlp', 'numpy', 'pandas', 'python', 'pytorch', 'scikit', 'sql', 'statistics', 'tableau', 'tensorflow']"
1876,DESIGNER,2.5,4.17,0.0,1,23,['r'],"['agile', 'aws', 'azure', 'communication', 'computer vision', 'data analysis', 'data mining', 'data visualization', 'deep learning', 'git', 'machine learning', 'matplotlib', 'neural network', 'nlp', 'numpy', 'pandas', 'python', 'pytorch', 'scikit', 'sql', 'statistics', 'tableau', 'tensorflow']"
1877,INFORMATION-TECHNOLOGY,2.5,4.17,0.0,1,23,['r'],"['agile', 'aws', 'azure', 'communication', 'computer vision', 'data analysis', 'data mining', 'data visualization', 'deep learning', 'git', 'machine learning', 'matplotlib', 'neural network', 'nlp', 'numpy', 'pandas', 'python', 'pytorch', 'scikit', 'sql', 'statistics', 'tableau', 'tensorflow']"
1878,DESIGNER,2.5,4.17,0.0,1,23,['r'],"['agile', 'aws', 'azure', 'communication', 'computer vision', 'data analysis', 'data mining', 'data visualization', 'deep learning', 'git', 'machine learning', 'matplotlib', 'neural network', 'nlp', 'numpy', 'pandas', 'python', 'pytorch', 'scikit', 'sql', 'statistics', 'tableau', 'tensorflow']"
1879,DESIGNER,2.5,4.17,0.0,1,23,['r'],"['agile', 'aws', 'azure', 'communication', 'computer vision', 'data analysis', 'data mining', 'data visualization', 'deep learning', 'git', 'machine learning', 'matplotlib', 'neural network', 'nlp', 'numpy', 'pandas', 'python', 'pytorch', 'scikit', 'sql', 'statistics', 'tableau', 'tensorflow']"
1880,DESIGNER,2.5,4.17,0.0,1,23,['r'],"['agile', 'aws', 'azure', 'communication', 'computer vision', 'data analysis', 'data mining', 'data visualization', 'deep learning', 'git', 'machine learning', 'matplotlib', 'neural network', 'nlp', 'numpy', 'pandas', 'python', 'pytorch', 'scikit', 'sql', 'statistics', 'tableau', 'tensorflow']"
1881,DESIGNER,2.5,4.17,0.0,1,23,['r'],"['agile', 'aws', 'azure', 'communication', 'computer vision', 'data analysis', 'data mining', 'data visualization', 'deep learning', 'git', 'machine learning', 'matplotlib', 'neural network', 'nlp', 'numpy', 'pandas', 'python', 'pytorch', 'scikit', 'sql', 'statistics', 'tableau', 'tensorflow']"
1882,DESIGNER,2.5,4.17,0.0,1,23,['r'],"['agile', 'aws', 'azure', 'communication', 'computer vision', 'data analysis', 'data mining', 'data visualization', 'deep learning', 'git', 'machine learning', 'matplotlib', 'neural network', 'nlp', 'numpy', 'pandas', 'python', 'pytorch', 'scikit', 'sql', 'statistics', 'tableau', 'tensorflow']"
1883,DESIGNER,2.5,4.17,0.0,1,23,['r'],"['agile', 'aws', 'azure', 'communication', 'computer vision', 'data analysis', 'data mining', 'data visualization', 'deep learning', 'git', 'machine learning', 'matplotlib', 'neural network', 'nlp', 'numpy', 'pandas', 'python', 'pytorch', 'scikit', 'sql', 'statistics', 'tableau', 'tensorflow']"
1884,DESIGNER,2.5,4.17,0.0,1,23,['r'],"['agile', 'aws', 'azure', 'communication', 'computer vision', 'data analysis', 'data mining', 'data visualization', 'deep learning', 'git', 'machine learning', 'matplotlib', 'neural network', 'nlp', 'numpy', 'pandas', 'python', 'pytorch', 'scikit', 'sql', 'statistics', 'tableau', 'tensorflow']"
1885,DESIGNER,2.5,4.17,0.0,1,23,['r'],"['agile', 'aws', 'azure', 'communication', 'computer vision', 'data analysis', 'data mining', 'data visualization', 'deep learning', 'git', 'machine learning', 'matplotlib', 'neural network', 'nlp', 'numpy', 'pandas', 'python', 'pytorch', 'scikit', 'sql', 'statistics', 'tableau', 'tensorflow']"
1886,DESIGNER,2.5,4.17,0.0,1,23,['r'],"['agile', 'aws', 'azure', 'communication', 'computer vision', 'data analysis', 'data mining', 'data visualization', 'deep learning', 'git', 'machine learning', 'matplotlib', 'neural network', 'nlp', 'numpy', 'pandas', 'python', 'pytorch', 'scikit', 'sql', 'statistics', 'tableau', 'tensorflow']"
1887,DESIGNER,2.5,4.17,0.0,1,23,['r'],"['agile', 'aws', 'azure', 'communication', 'computer vision', 'data analysis', 'data mining', 'data visualization', 'deep learning', 'git', 'machine learning', 'matplotlib', 'neural network', 'nlp', 'numpy', 'pandas', 'python', 'pytorch', 'scikit', 'sql', 'statistics', 'tableau', 'tensorflow']"
1888,SALES,2.5,4.17,0.0,1,23,['r'],"['agile', 'aws', 'azure', 'communication', 'computer vision', 'data analysis', 'data mining', 'data visualization', 'deep learning', 'git', 'machine learning', 'matplotlib', 'neural network', 'nlp', 'numpy', 'pandas', 'python', 'pytorch', 'scikit', 'sql', 'statistics', 'tableau', 'tensorflow']"
1889,SALES,2.5,4.17,0.0,1,23,['r'],"['agile', 'aws', 'azure', 'communication', 'computer vision', 'data analysis', 'data mining', 'data visualization', 'deep learning', 'git', 'machine learning', 'matplotlib', 'neural network', 'nlp', 'numpy', 'pandas', 'python', 'pytorch', 'scikit', 'sql', 'statistics', 'tableau', 'tensorflow']"
1890,SALES,2.5,4.17,0.0,1,23,['r'],"['agile', 'aws', 'azure', 'communication', 'computer vision', 'data analysis', 'data mining', 'data visualization', 'deep learning', 'git', 'machine learning', 'matplotlib', 'neural network', 'nlp', 'numpy', 'pandas', 'python', 'pytorch', 'scikit', 'sql', 'statistics', 'tableau', 'tensorflow']"
1891,SALES,2.5,4.17,0.0,1,23,['r'],"['agile', 'aws', 'azure', 'communication', 'computer vision', 'data analysis', 'data mining', 'data visualization', 'deep learning', 'git', 'machine learning', 'matplotlib', 'neural network', 'nlp', 'numpy', 'pandas', 'python', 'pytorch', 'scikit', 'sql', 'statistics', 'tableau', 'tensorflow']"
1892,SALES,2.5,4.17,0.0,1,23,['r'],"['agile', 'aws', 'azure', 'communication', 'computer vision', 'data analysis', 'data mining', 'data visualization', 'deep learning', 'git', 'machine learning', 'matplotlib', 'neural network', 'nlp', 'numpy', 'pandas', 'python', 'pytorch', 'scikit', 'sql', 'statistics', 'tableau', 'tensorflow']"
1893,SALES,2.5,4.17,0.0,1,23,['r'],"['agile', 'aws', 'azure', 'communication', 'computer vision', 'data analysis', 'data mining', 'data visualization', 'deep learning', 'git', 'machine learning', 'matplotlib', 'neural network', 'nlp', 'numpy', 'pandas', 'python', 'pytorch', 'scikit', 'sql', 'statistics', 'tableau', 'tensorflow']"
1894,SALES,2.5,4.17,0.0,1,23,['r'],"['agile', 'aws', 'azure', 'communication', 'computer vision', 'data analysis', 'data mining', 'data visualization', 'deep learning', 'git', 'machine learning', 'matplotlib', 'neural network', 'nlp', 'numpy', 'pandas', 'python', 'pytorch', 'scikit', 'sql', 'statistics', 'tableau', 'tensorflow']"
1895,SALES,2.5,4.17,0.0,1,23,['r'],"['agile', 'aws', 'azure', 'communication', 'computer vision', 'data analysis', 'data mining', 'data visualization', 'deep learning', 'git', 'machine learning', 'matplotlib', 'neural network', 'nlp', 'numpy', 'pandas', 'python', 'pytorch', 'scikit', 'sql', 'statistics', 'tableau', 'tensorflow']"
1896,BUSINESS-DEVELOPMENT,2.5,4.17,0.0,1,23,['r'],"['agile', 'aws', 'azure', 'communication', 'computer vision', 'data analysis', 'data mining', 'data visualization', 'deep learning', 'git', 'machine learning', 'matplotlib', 'neural network', 'nlp', 'numpy', 'pandas', 'python', 'pytorch', 'scikit', 'sql', 'statistics', 'tableau', 'tensorflow']"
1897,SALES,2.5,4.17,0.0,1,23,['r'],"['agile', 'aws', 'azure', 'communication', 'computer vision', 'data analysis', 'data mining', 'data visualization', 'deep learning', 'git', 'machine learning', 'matplotlib', 'neural network', 'nlp', 'numpy', 'pandas', 'python', 'pytorch', 'scikit', 'sql', 'statistics', 'tableau', 'tensorflow']"
1898,SALES,2.5,4.17,0.0,1,23,['r'],"['agile', 'aws', 'azure', 'communication', 'computer vision', 'data analysis', 'data mining', 'data visualization', 'deep learning', 'git', 'machine learning', 'matplotlib', 'neural network', 'nlp', 'numpy', 'pandas', 'python', 'pytorch', 'scikit', 'sql', 'statistics', 'tableau', 'tensorflow']"
1899,SALES,2.5,4.17,0.0,1,23,['r'],"['agile', 'aws', 'azure', 'communication', 'computer vision', 'data analysis', 'data mining', 'data visualization', 'deep learning', 'git', 'machine learning', 'matplotlib', 'neural network', 'nlp', 'numpy', 'pandas', 'python', 'pytorch', 'scikit', 'sql', 'statistics', 'tableau', 'tensorflow']"
1900,SALES,2.5,4.17,0.0,1,23,['r'],"['agile', 'aws', 'azure', 'communication', 'computer vision', 'data analysis', 'data mining', 'data visualization', 'deep learning', 'git', 'machine learning', 'matplotlib', 'neural network', 'nlp', 'numpy', 'pandas', 'python', 'pytorch', 'scikit', 'sql', 'statistics', 'tableau', 'tensorflow']"
1901,SALES,2.5,4.17,0.0,1,23,['r'],"['agile', 'aws', 'azure', 'communication', 'computer vision', 'data analysis', 'data mining', 'data visualization', 'deep learning', 'git', 'machine learning', 'matplotlib', 'neural network', 'nlp', 'numpy', 'pandas', 'python', 'pytorch', 'scikit', 'sql', 'statistics', 'tableau', 'tensorflow']"
1902,SALES,2.5,4.17,0.0,1,23,['r'],"['agile', 'aws', 'azure', 'communication', 'computer vision', 'data analysis', 'data mining', 'data visualization', 'deep learning', 'git', 'machine learning', 'matplotlib', 'neural network', 'nlp', 'numpy', 'pandas', 'python', 'pytorch', 'scikit', 'sql', 'statistics', 'tableau', 'tensorflow']"
1903,SALES,2.5,4.17,0.0,1,23,['r'],"['agile', 'aws', 'azure', 'communication', 'computer vision', 'data analysis', 'data mining', 'data visualization', 'deep learning', 'git', 'machine learning', 'matplotlib', 'neural network', 'nlp', 'numpy', 'pandas', 'python', 'pytorch', 'scikit', 'sql', 'statistics', 'tableau', 'tensorflow']"
1904,SALES,2.5,4.17,0.0,1,23,['r'],"['agile', 'aws', 'azure', 'communication', 'computer vision', 'data analysis', 'data mining', 'data visualization', 'deep learning', 'git', 'machine learning', 'matplotlib', 'neural network', 'nlp', 'numpy', 'pandas', 'python', 'pytorch', 'scikit', 'sql', 'statistics', 'tableau', 'tensorflow']"
1905,SALES,2.5,4.17,0.0,1,23,['r'],"['agile', 'aws', 'azure', 'communication', 'computer vision', 'data analysis', 'data mining', 'data visualization', 'deep learning', 'git', 'machine learning', 'matplotlib', 'neural network', 'nlp', 'numpy', 'pandas', 'python', 'pytorch', 'scikit', 'sql', 'statistics', 'tableau', 'tensorflow']"
1906,SALES,2.5,4.17,0.0,1,23,['r'],"['agile', 'aws', 'azure', 'communication', 'computer vision', 'data analysis', 'data mining', 'data visualization', 'deep learning', 'git', 'machine learning', 'matplotlib', 'neural network', 'nlp', 'numpy', 'pandas', 'python', 'pytorch', 'scikit', 'sql', 'statistics', 'tableau', 'tensorflow']"
1907,SALES,2.5,4.17,0.0,1,23,['r'],"['agile', 'aws', 'azure', 'communication', 'computer vision', 'data analysis', 'data mining', 'data visualization', 'deep learning', 'git', 'machine learning', 'matplotlib', 'neural network', 'nlp', 'numpy', 'pandas', 'python', 'pytorch', 'scikit', 'sql', 'statistics', 'tableau', 'tensorflow']"
1908,SALES,2.5,4.17,0.0,1,23,['r'],"['agile', 'aws', 'azure', 'communication', 'computer vision', 'data analysis', 'data mining', 'data visualization', 'deep learning', 'git', 'machine learning', 'matplotlib', 'neural network', 'nlp', 'numpy', 'pandas', 'python', 'pytorch', 'scikit', 'sql', 'statistics', 'tableau', 'tensorflow']"
1909,SALES,2.5,4.17,0.0,1,23,['r'],"['agile', 'aws', 'azure', 'communication', 'computer vision', 'data analysis', 'data mining', 'data visualization', 'deep learning', 'git', 'machine learning', 'matplotlib', 'neural network', 'nlp', 'numpy', 'pandas', 'python', 'pytorch', 'scikit', 'sql', 'statistics', 'tableau', 'tensorflow']"
1910,SALES,2.5,4.17,0.0,1,23,['r'],"['agile', 'aws', 'azure', 'communication', 'computer vision', 'data analysis', 'data mining', 'data visualization', 'deep learning', 'git', 'machine learning', 'matplotlib', 'neural network', 'nlp', 'numpy', 'pandas', 'python', 'pytorch', 'scikit', 'sql', 'statistics', 'tableau', 'tensorflow']"
1911,SALES,2.5,4.17,0.0,1,23,['r'],"['agile', 'aws', 'azure', 'communication', 'computer vision', 'data analysis', 'data mining', 'data visualization', 'deep learning', 'git', 'machine learning', 'matplotlib', 'neural network', 'nlp', 'numpy', 'pandas', 'python', 'pytorch', 'scikit', 'sql', 'statistics', 'tableau', 'tensorflow']"
1912,SALES,2.5,4.17,0.0,1,23,['r'],"['agile', 'aws', 'azure', 'communication', 'computer vision', 'data analysis', 'data mining', 'data visualization', 'deep learning', 'git', 'machine learning', 'matplotlib', 'neural network', 'nlp', 'numpy', 'pandas', 'python', 'pytorch', 'scikit', 'sql', 'statistics', 'tableau', 'tensorflow']"
1913,SALES,2.5,4.17,0.0,1,23,['r'],"['agile', 'aws', 'azure', 'communication', 'computer vision', 'data analysis', 'data mining', 'data visualization', 'deep learning', 'git', 'machine learning', 'matplotlib', 'neural network', 'nlp', 'numpy', 'pandas', 'python', 'pytorch', 'scikit', 'sql', 'statistics', 'tableau', 'tensorflow']"
1914,SALES,2.5,4.17,0.0,1,23,['r'],"['agile', 'aws', 'azure', 'communication', 'computer vision', 'data analysis', 'data mining', 'data visualization', 'deep learning', 'git', 'machine learning', 'matplotlib', 'neural network', 'nlp', 'numpy', 'pandas', 'python', 'pytorch', 'scikit', 'sql', 'statistics', 'tableau', 'tensorflow']"
1915,SALES,2.5,4.17,0.0,1,23,['r'],"['agile', 'aws', 'azure', 'communication', 'computer vision', 'data analysis', 'data mining', 'data visualization', 'deep learning', 'git', 'machine learning', 'matplotlib', 'neural network', 'nlp', 'numpy', 'pandas', 'python', 'pytorch', 'scikit', 'sql', 'statistics', 'tableau', 'tensorflow']"
1916,SALES,2.5,4.17,0.0,1,23,['r'],"['agile', 'aws', 'azure', 'communication', 'computer vision', 'data analysis', 'data mining', 'data visualization', 'deep learning', 'git', 'machine learning', 'matplotlib', 'neural network', 'nlp', 'numpy', 'pandas', 'python', 'pytorch', 'scikit', 'sql', 'statistics', 'tableau', 'tensorflow']"
1917,SALES,2.5,4.17,0.0,1,23,['r'],"['agile', 'aws', 'azure', 'communication', 'computer vision', 'data analysis', 'data mining', 'data visualization', 'deep learning', 'git', 'machine learning', 'matplotlib', 'neural network', 'nlp', 'numpy', 'pandas', 'python', 'pytorch', 'scikit', 'sql', 'statistics', 'tableau', 'tensorflow']"
1918,SALES,2.5,4.17,0.0,1,23,['r'],"['agile', 'aws', 'azure', 'communication', 'computer vision', 'data analysis', 'data mining', 'data visualization', 'deep learning', 'git', 'machine learning', 'matplotlib', 'neural network', 'nlp', 'numpy', 'pandas', 'python', 'pytorch', 'scikit', 'sql', 'statistics', 'tableau', 'tensorflow']"
1919,SALES,2.5,4.17,0.0,1,23,['r'],"['agile', 'aws', 'azure', 'communication', 'computer vision', 'data analysis', 'data mining', 'data visualization', 'deep learning', 'git', 'machine learning', 'matplotlib', 'neural network', 'nlp', 'numpy', 'pandas', 'python', 'pytorch', 'scikit', 'sql', 'statistics', 'tableau', 'tensorflow']"
1920,SALES,2.5,4.17,0.0,1,23,['r'],"['agile', 'aws', 'azure', 'communication', 'computer vision', 'data analysis', 'data mining', 'data visualization', 'deep learning', 'git', 'machine learning', 'matplotlib', 'neural network', 'nlp', 'numpy', 'pandas', 'python', 'pytorch', 'scikit', 'sql', 'statistics', 'tableau', 'tensorflow']"
1921,SALES,2.5,4.17,0.0,1,23,['r'],"['agile', 'aws', 'azure', 'communication', 'computer vision', 'data analysis', 'data mining', 'data visualization', 'deep learning', 'git', 'machine learning', 'matplotlib', 'neural network', 'nlp', 'numpy', 'pandas', 'python', 'pytorch', 'scikit', 'sql', 'statistics', 'tableau', 'tensorflow']"
1922,SALES,2.5,4.17,0.0,1,23,['r'],"['agile', 'aws', 'azure', 'communication', 'computer vision', 'data analysis', 'data mining', 'data visualization', 'deep learning', 'git', 'machine learning', 'matplotlib', 'neural network', 'nlp', 'numpy', 'pandas', 'python', 'pytorch', 'scikit', 'sql', 'statistics', 'tableau', 'tensorflow']"
1923,SALES,2.5,4.17,0.0,1,23,['r'],"['agile', 'aws', 'azure', 'communication', 'computer vision', 'data analysis', 'data mining', 'data visualization', 'deep learning', 'git', 'machine learning', 'matplotlib', 'neural network', 'nlp', 'numpy', 'pandas', 'python', 'pytorch', 'scikit', 'sql', 'statistics', 'tableau', 'tensorflow']"
1924,SALES,2.5,4.17,0.0,1,23,['r'],"['agile', 'aws', 'azure', 'communication', 'computer vision', 'data analysis', 'data mining', 'data visualization', 'deep learning', 'git', 'machine learning', 'matplotlib', 'neural network', 'nlp', 'numpy', 'pandas', 'python', 'pytorch', 'scikit', 'sql', 'statistics', 'tableau', 'tensorflow']"
1925,SALES,2.5,4.17,0.0,1,23,['r'],"['agile', 'aws', 'azure', 'communication', 'computer vision', 'data analysis', 'data mining', 'data visualization', 'deep learning', 'git', 'machine learning', 'matplotlib', 'neural network', 'nlp', 'numpy', 'pandas', 'python', 'pytorch', 'scikit', 'sql', 'statistics', 'tableau', 'tensorflow']"
1926,SALES,2.5,4.17,0.0,1,23,['r'],"['agile', 'aws', 'azure', 'communication', 'computer vision', 'data analysis', 'data mining', 'data visualization', 'deep learning', 'git', 'machine learning', 'matplotlib', 'neural network', 'nlp', 'numpy', 'pandas', 'python', 'pytorch', 'scikit', 'sql', 'statistics', 'tableau', 'tensorflow']"
1927,SALES,2.5,4.17,0.0,1,23,['r'],"['agile', 'aws', 'azure', 'communication', 'computer vision', 'data analysis', 'data mining', 'data visualization', 'deep learning', 'git', 'machine learning', 'matplotlib', 'neural network', 'nlp', 'numpy', 'pandas', 'python', 'pytorch', 'scikit', 'sql', 'statistics', 'tableau', 'tensorflow']"
1928,SALES,2.5,4.17,0.0,1,23,['r'],"['agile', 'aws', 'azure', 'communication', 'computer vision', 'data analysis', 'data mining', 'data visualization', 'deep learning', 'git', 'machine learning', 'matplotlib', 'neural network', 'nlp', 'numpy', 'pandas', 'python', 'pytorch', 'scikit', 'sql', 'statistics', 'tableau', 'tensorflow']"
1929,SALES,2.5,4.17,0.0,1,23,['r'],"['agile', 'aws', 'azure', 'communication', 'computer vision', 'data analysis', 'data mining', 'data visualization', 'deep learning', 'git', 'machine learning', 'matplotlib', 'neural network', 'nlp', 'numpy', 'pandas', 'python', 'pytorch', 'scikit', 'sql', 'statistics', 'tableau', 'tensorflow']"
1930,SALES,2.5,4.17,0.0,1,23,['r'],"['agile', 'aws', 'azure', 'communication', 'computer vision', 'data analysis', 'data mining', 'data visualization', 'deep learning', 'git', 'machine learning', 'matplotlib', 'neural network', 'nlp', 'numpy', 'pandas', 'python', 'pytorch', 'scikit', 'sql', 'statistics', 'tableau', 'tensorflow']"
1931,SALES,2.5,4.17,0.0,1,23,['r'],"['agile', 'aws', 'azure', 'communication', 'computer vision', 'data analysis', 'data mining', 'data visualization', 'deep learning', 'git', 'machine learning', 'matplotlib', 'neural network', 'nlp', 'numpy', 'pandas', 'python', 'pytorch', 'scikit', 'sql', 'statistics', 'tableau', 'tensorflow']"
1932,SALES,2.5,4.17,0.0,1,23,['r'],"['agile', 'aws', 'azure', 'communication', 'computer vision', 'data analysis', 'data mining', 'data visualization', 'deep learning', 'git', 'machine learning', 'matplotlib', 'neural network', 'nlp', 'numpy', 'pandas', 'python', 'pytorch', 'scikit', 'sql', 'statistics', 'tableau', 'tensorflow']"
1933,SALES,2.5,4.17,0.0,1,23,['r'],"['agile', 'aws', 'azure', 'communication', 'computer vision', 'data analysis', 'data mining', 'data visualization', 'deep learning', 'git', 'machine learning', 'matplotlib', 'neural network', 'nlp', 'numpy', 'pandas', 'python', 'pytorch', 'scikit', 'sql', 'statistics', 'tableau', 'tensorflow']"
1934,SALES,2.5,4.17,0.0,1,23,['r'],"['agile', 'aws', 'azure', 'communication', 'computer vision', 'data analysis', 'data mining', 'data visualization', 'deep learning', 'git', 'machine learning', 'matplotlib', 'neural network', 'nlp', 'numpy', 'pandas', 'python', 'pytorch', 'scikit', 'sql', 'statistics', 'tableau', 'tensorflow']"
1935,SALES,2.5,4.17,0.0,1,23,['r'],"['agile', 'aws', 'azure', 'communication', 'computer vision', 'data analysis', 'data mining', 'data visualization', 'deep learning', 'git', 'machine learning', 'matplotlib', 'neural network', 'nlp', 'numpy', 'pandas', 'python', 'pytorch', 'scikit', 'sql', 'statistics', 'tableau', 'tensorflow']"
1936,SALES,2.5,4.17,0.0,1,23,['r'],"['agile', 'aws', 'azure', 'communication', 'computer vision', 'data analysis', 'data mining', 'data visualization', 'deep learning', 'git', 'machine learning', 'matplotlib', 'neural network', 'nlp', 'numpy', 'pandas', 'python', 'pytorch', 'scikit', 'sql', 'statistics', 'tableau', 'tensorflow']"
1937,SALES,2.5,4.17,0.0,1,23,['r'],"['agile', 'aws', 'azure', 'communication', 'computer vision', 'data analysis', 'data mining', 'data visualization', 'deep learning', 'git', 'machine learning', 'matplotlib', 'neural network', 'nlp', 'numpy', 'pandas', 'python', 'pytorch', 'scikit', 'sql', 'statistics', 'tableau', 'tensorflow']"
1938,SALES,2.5,4.17,0.0,1,23,['r'],"['agile', 'aws', 'azure', 'communication', 'computer vision', 'data analysis', 'data mining', 'data visualization', 'deep learning', 'git', 'machine learning', 'matplotlib', 'neural network', 'nlp', 'numpy', 'pandas', 'python', 'pytorch', 'scikit', 'sql', 'statistics', 'tableau', 'tensorflow']"
1939,SALES,2.5,4.17,0.0,1,23,['r'],"['agile', 'aws', 'azure', 'communication', 'computer vision', 'data analysis', 'data mining', 'data visualization', 'deep learning', 'git', 'machine learning', 'matplotlib', 'neural network', 'nlp', 'numpy', 'pandas', 'python', 'pytorch', 'scikit', 'sql', 'statistics', 'tableau', 'tensorflow']"
1940,SALES,2.5,4.17,0.0,1,23,['r'],"['agile', 'aws', 'azure', 'communication', 'computer vision', 'data analysis', 'data mining', 'data visualization', 'deep learning', 'git', 'machine learning', 'matplotlib', 'neural network', 'nlp', 'numpy', 'pandas', 'python', 'pytorch', 'scikit', 'sql', 'statistics', 'tableau', 'tensorflow']"
1941,SALES,2.5,4.17,0.0,1,23,['r'],"['agile', 'aws', 'azure', 'communication', 'computer vision', 'data analysis', 'data mining', 'data visualization', 'deep learning', 'git', 'machine learning', 'matplotlib', 'neural network', 'nlp', 'numpy', 'pandas', 'python', 'pytorch', 'scikit', 'sql', 'statistics', 'tableau', 'tensorflow']"
1942,SALES,2.5,4.17,0.0,1,23,['r'],"['agile', 'aws', 'azure', 'communication', 'computer vision', 'data analysis', 'data mining', 'data visualization', 'deep learning', 'git', 'machine learning', 'matplotlib', 'neural network', 'nlp', 'numpy', 'pandas', 'python', 'pytorch', 'scikit', 'sql', 'statistics', 'tableau', 'tensorflow']"
1943,SALES,2.5,4.17,0.0,1,23,['r'],"['agile', 'aws', 'azure', 'communication', 'computer vision', 'data analysis', 'data mining', 'data visualization', 'deep learning', 'git', 'machine learning', 'matplotlib', 'neural network', 'nlp', 'numpy', 'pandas', 'python', 'pytorch', 'scikit', 'sql', 'statistics', 'tableau', 'tensorflow']"
1944,SALES,2.5,4.17,0.0,1,23,['r'],"['agile', 'aws', 'azure', 'communication', 'computer vision', 'data analysis', 'data mining', 'data visualization', 'deep learning', 'git', 'machine learning', 'matplotlib', 'neural network', 'nlp', 'numpy', 'pandas', 'python', 'pytorch', 'scikit', 'sql', 'statistics', 'tableau', 'tensorflow']"
1945,SALES,2.5,4.17,0.0,1,23,['r'],"['agile', 'aws', 'azure', 'communication', 'computer vision', 'data analysis', 'data mining', 'data visualization', 'deep learning', 'git', 'machine learning', 'matplotlib', 'neural network', 'nlp', 'numpy', 'pandas', 'python', 'pytorch', 'scikit', 'sql', 'statistics', 'tableau', 'tensorflow']"
1946,SALES,2.5,4.17,0.0,1,23,['r'],"['agile', 'aws', 'azure', 'communication', 'computer vision', 'data analysis', 'data mining', 'data visualization', 'deep learning', 'git', 'machine learning', 'matplotlib', 'neural network', 'nlp', 'numpy', 'pandas', 'python', 'pytorch', 'scikit', 'sql', 'statistics', 'tableau', 'tensorflow']"
1947,SALES,2.5,4.17,0.0,1,23,['r'],"['agile', 'aws', 'azure', 'communication', 'computer vision', 'data analysis', 'data mining', 'data visualization', 'deep learning', 'git', 'machine learning', 'matplotlib', 'neural network', 'nlp', 'numpy', 'pandas', 'python', 'pytorch', 'scikit', 'sql', 'statistics', 'tableau', 'tensorflow']"
1948,SALES,2.5,4.17,0.0,1,23,['r'],"['agile', 'aws', 'azure', 'communication', 'computer vision', 'data analysis', 'data mining', 'data visualization', 'deep learning', 'git', 'machine learning', 'matplotlib', 'neural network', 'nlp', 'numpy', 'pandas', 'python', 'pytorch', 'scikit', 'sql', 'statistics', 'tableau', 'tensorflow']"
1949,SALES,2.5,4.17,0.0,1,23,['r'],"['agile', 'aws', 'azure', 'communication', 'computer vision', 'data analysis', 'data mining', 'data visualization', 'deep learning', 'git', 'machine learning', 'matplotlib', 'neural network', 'nlp', 'numpy', 'pandas', 'python', 'pytorch', 'scikit', 'sql', 'statistics', 'tableau', 'tensorflow']"
1950,SALES,2.5,4.17,0.0,1,23,['r'],"['agile', 'aws', 'azure', 'communication', 'computer vision', 'data analysis', 'data mining', 'data visualization', 'deep learning', 'git', 'machine learning', 'matplotlib', 'neural network', 'nlp', 'numpy', 'pandas', 'python', 'pytorch', 'scikit', 'sql', 'statistics', 'tableau', 'tensorflow']"
1951,SALES,2.5,4.17,0.0,1,23,['r'],"['agile', 'aws', 'azure', 'communication', 'computer vision', 'data analysis', 'data mining', 'data visualization', 'deep learning', 'git', 'machine learning', 'matplotlib', 'neural network', 'nlp', 'numpy', 'pandas', 'python', 'pytorch', 'scikit', 'sql', 'statistics', 'tableau', 'tensorflow']"
1952,SALES,2.5,4.17,0.0,1,23,['r'],"['agile', 'aws', 'azure', 'communication', 'computer vision', 'data analysis', 'data mining', 'data visualization', 'deep learning', 'git', 'machine learning', 'matplotlib', 'neural network', 'nlp', 'numpy', 'pandas', 'python', 'pytorch', 'scikit', 'sql', 'statistics', 'tableau', 'tensorflow']"
1953,SALES,2.5,4.17,0.0,1,23,['r'],"['agile', 'aws', 'azure', 'communication', 'computer vision', 'data analysis', 'data mining', 'data visualization', 'deep learning', 'git', 'machine learning', 'matplotlib', 'neural network', 'nlp', 'numpy', 'pandas', 'python', 'pytorch', 'scikit', 'sql', 'statistics', 'tableau', 'tensorflow']"
1954,SALES,2.5,4.17,0.0,1,23,['r'],"['agile', 'aws', 'azure', 'communication', 'computer vision', 'data analysis', 'data mining', 'data visualization', 'deep learning', 'git', 'machine learning', 'matplotlib', 'neural network', 'nlp', 'numpy', 'pandas', 'python', 'pytorch', 'scikit', 'sql', 'statistics', 'tableau', 'tensorflow']"
1955,SALES,2.5,4.17,0.0,1,23,['r'],"['agile', 'aws', 'azure', 'communication', 'computer vision', 'data analysis', 'data mining', 'data visualization', 'deep learning', 'git', 'machine learning', 'matplotlib', 'neural network', 'nlp', 'numpy', 'pandas', 'python', 'pytorch', 'scikit', 'sql', 'statistics', 'tableau', 'tensorflow']"
1956,SALES,2.5,4.17,0.0,1,23,['r'],"['agile', 'aws', 'azure', 'communication', 'computer vision', 'data analysis', 'data mining', 'data visualization', 'deep learning', 'git', 'machine learning', 'matplotlib', 'neural network', 'nlp', 'numpy', 'pandas', 'python', 'pytorch', 'scikit', 'sql', 'statistics', 'tableau', 'tensorflow']"
1957,SALES,2.5,4.17,0.0,1,23,['r'],"['agile', 'aws', 'azure', 'communication', 'computer vision', 'data analysis', 'data mining', 'data visualization', 'deep learning', 'git', 'machine learning', 'matplotlib', 'neural network', 'nlp', 'numpy', 'pandas', 'python', 'pytorch', 'scikit', 'sql', 'statistics', 'tableau', 'tensorflow']"
1958,SALES,2.5,4.17,0.0,1,23,['r'],"['agile', 'aws', 'azure', 'communication', 'computer vision', 'data analysis', 'data mining', 'data visualization', 'deep learning', 'git', 'machine learning', 'matplotlib', 'neural network', 'nlp', 'numpy', 'pandas', 'python', 'pytorch', 'scikit', 'sql', 'statistics', 'tableau', 'tensorflow']"
1959,SALES,2.5,4.17,0.0,1,23,['r'],"['agile', 'aws', 'azure', 'communication', 'computer vision', 'data analysis', 'data mining', 'data visualization', 'deep learning', 'git', 'machine learning', 'matplotlib', 'neural network', 'nlp', 'numpy', 'pandas', 'python', 'pytorch', 'scikit', 'sql', 'statistics', 'tableau', 'tensorflow']"
1960,SALES,2.5,4.17,0.0,1,23,['r'],"['agile', 'aws', 'azure', 'communication', 'computer vision', 'data analysis', 'data mining', 'data visualization', 'deep learning', 'git', 'machine learning', 'matplotlib', 'neural network', 'nlp', 'numpy', 'pandas', 'python', 'pytorch', 'scikit', 'sql', 'statistics', 'tableau', 'tensorflow']"
1961,SALES,2.5,4.17,0.0,1,23,['r'],"['agile', 'aws', 'azure', 'communication', 'computer vision', 'data analysis', 'data mining', 'data visualization', 'deep learning', 'git', 'machine learning', 'matplotlib', 'neural network', 'nlp', 'numpy', 'pandas', 'python', 'pytorch', 'scikit', 'sql', 'statistics', 'tableau', 'tensorflow']"
1962,AGRICULTURE,2.5,4.17,0.0,1,23,['r'],"['agile', 'aws', 'azure', 'communication', 'computer vision', 'data analysis', 'data mining', 'data visualization', 'deep learning', 'git', 'machine learning', 'matplotlib', 'neural network', 'nlp', 'numpy', 'pandas', 'python', 'pytorch', 'scikit', 'sql', 'statistics', 'tableau', 'tensorflow']"
1963,AGRICULTURE,2.5,4.17,0.0,1,23,['r'],"['agile', 'aws', 'azure', 'communication', 'computer vision', 'data analysis', 'data mining', 'data visualization', 'deep learning', 'git', 'machine learning', 'matplotlib', 'neural network', 'nlp', 'numpy', 'pandas', 'python', 'pytorch', 'scikit', 'sql', 'statistics', 'tableau', 'tensorflow']"
1964,AGRICULTURE,2.5,4.17,0.0,1,23,['r'],"['agile', 'aws', 'azure', 'communication', 'computer vision', 'data analysis', 'data mining', 'data visualization', 'deep learning', 'git', 'machine learning', 'matplotlib', 'neural network', 'nlp', 'numpy', 'pandas', 'python', 'pytorch', 'scikit', 'sql', 'statistics', 'tableau', 'tensorflow']"
1965,BPO,2.5,4.17,0.0,1,23,['r'],"['agile', 'aws', 'azure', 'communication', 'computer vision', 'data analysis', 'data mining', 'data visualization', 'deep learning', 'git', 'machine learning', 'matplotlib', 'neural network', 'nlp', 'numpy', 'pandas', 'python', 'pytorch', 'scikit', 'sql', 'statistics', 'tableau', 'tensorflow']"
1966,BPO,2.5,4.17,0.0,1,23,['r'],"['agile', 'aws', 'azure', 'communication', 'computer vision', 'data analysis', 'data mining', 'data visualization', 'deep learning', 'git', 'machine learning', 'matplotlib', 'neural network', 'nlp', 'numpy', 'pandas', 'python', 'pytorch', 'scikit', 'sql', 'statistics', 'tableau', 'tensorflow']"
1967,BPO,2.5,4.17,0.0,1,23,['r'],"['agile', 'aws', 'azure', 'communication', 'computer vision', 'data analysis', 'data mining', 'data visualization', 'deep learning', 'git', 'machine learning', 'matplotlib', 'neural network', 'nlp', 'numpy', 'pandas', 'python', 'pytorch', 'scikit', 'sql', 'statistics', 'tableau', 'tensorflow']"
1968,BPO,2.5,4.17,0.0,1,23,['r'],"['agile', 'aws', 'azure', 'communication', 'computer vision', 'data analysis', 'data mining', 'data visualization', 'deep learning', 'git', 'machine learning', 'matplotlib', 'neural network', 'nlp', 'numpy', 'pandas', 'python', 'pytorch', 'scikit', 'sql', 'statistics', 'tableau', 'tensorflow']"
1969,BPO,2.5,4.17,0.0,1,23,['r'],"['agile', 'aws', 'azure', 'communication', 'computer vision', 'data analysis', 'data mining', 'data visualization', 'deep learning', 'git', 'machine learning', 'matplotlib', 'neural network', 'nlp', 'numpy', 'pandas', 'python', 'pytorch', 'scikit', 'sql', 'statistics', 'tableau', 'tensorflow']"
1970,SALES,2.5,4.17,0.0,1,23,['r'],"['agile', 'aws', 'azure', 'communication', 'computer vision', 'data analysis', 'data mining', 'data visualization', 'deep learning', 'git', 'machine learning', 'matplotlib', 'neural network', 'nlp', 'numpy', 'pandas', 'python', 'pytorch', 'scikit', 'sql', 'statistics', 'tableau', 'tensorflow']"
1971,BPO,2.5,4.17,0.0,1,23,['r'],"['agile', 'aws', 'azure', 'communication', 'computer vision', 'data analysis', 'data mining', 'data visualization', 'deep learning', 'git', 'machine learning', 'matplotlib', 'neural network', 'nlp', 'numpy', 'pandas', 'python', 'pytorch', 'scikit', 'sql', 'statistics', 'tableau', 'tensorflow']"
1972,BPO,2.5,4.17,0.0,1,23,['r'],"['agile', 'aws', 'azure', 'communication', 'computer vision', 'data analysis', 'data mining', 'data visualization', 'deep learning', 'git', 'machine learning', 'matplotlib', 'neural network', 'nlp', 'numpy', 'pandas', 'python', 'pytorch', 'scikit', 'sql', 'statistics', 'tableau', 'tensorflow']"
1973,BPO,2.5,4.17,0.0,1,23,['r'],"['agile', 'aws', 'azure', 'communication', 'computer vision', 'data analysis', 'data mining', 'data visualization', 'deep learning', 'git', 'machine learning', 'matplotlib', 'neural network', 'nlp', 'numpy', 'pandas', 'python', 'pytorch', 'scikit', 'sql', 'statistics', 'tableau', 'tensorflow']"
1974,BPO,2.5,4.17,0.0,1,23,['r'],"['agile', 'aws', 'azure', 'communication', 'computer vision', 'data analysis', 'data mining', 'data visualization', 'deep learning', 'git', 'machine learning', 'matplotlib', 'neural network', 'nlp', 'numpy', 'pandas', 'python', 'pytorch', 'scikit', 'sql', 'statistics', 'tableau', 'tensorflow']"
1975,BPO,2.5,4.17,0.0,1,23,['r'],"['agile', 'aws', 'azure', 'communication', 'computer vision', 'data analysis', 'data mining', 'data visualization', 'deep learning', 'git', 'machine learning', 'matplotlib', 'neural network', 'nlp', 'numpy', 'pandas', 'python', 'pytorch', 'scikit', 'sql', 'statistics', 'tableau', 'tensorflow']"
1976,BPO,2.5,4.17,0.0,1,23,['r'],"['agile', 'aws', 'azure', 'communication', 'computer vision', 'data analysis', 'data mining', 'data visualization', 'deep learning', 'git', 'machine learning', 'matplotlib', 'neural network', 'nlp', 'numpy', 'pandas', 'python', 'pytorch', 'scikit', 'sql', 'statistics', 'tableau', 'tensorflow']"
1977,BPO,2.5,4.17,0.0,1,23,['r'],"['agile', 'aws', 'azure', 'communication', 'computer vision', 'data analysis', 'data mining', 'data visualization', 'deep learning', 'git', 'machine learning', 'matplotlib', 'neural network', 'nlp', 'numpy', 'pandas', 'python', 'pytorch', 'scikit', 'sql', 'statistics', 'tableau', 'tensorflow']"
1978,BPO,2.5,4.17,0.0,1,23,['r'],"['agile', 'aws', 'azure', 'communication', 'computer vision', 'data analysis', 'data mining', 'data visualization', 'deep learning', 'git', 'machine learning', 'matplotlib', 'neural network', 'nlp', 'numpy', 'pandas', 'python', 'pytorch', 'scikit', 'sql', 'statistics', 'tableau', 'tensorflow']"
1979,BPO,2.5,4.17,0.0,1,23,['r'],"['agile', 'aws', 'azure', 'communication', 'computer vision', 'data analysis', 'data mining', 'data visualization', 'deep learning', 'git', 'machine learning', 'matplotlib', 'neural network', 'nlp', 'numpy', 'pandas', 'python', 'pytorch', 'scikit', 'sql', 'statistics', 'tableau', 'tensorflow']"
1980,AGRICULTURE,2.5,4.17,0.0,1,23,['r'],"['agile', 'aws', 'azure', 'communication', 'computer vision', 'data analysis', 'data mining', 'data visualization', 'deep learning', 'git', 'machine learning', 'matplotlib', 'neural network', 'nlp', 'numpy', 'pandas', 'python', 'pytorch', 'scikit', 'sql', 'statistics', 'tableau', 'tensorflow']"
1981,AGRICULTURE,2.5,4.17,0.0,1,23,['r'],"['agile', 'aws', 'azure', 'communication', 'computer vision', 'data analysis', 'data mining', 'data visualization', 'deep learning', 'git', 'machine learning', 'matplotlib', 'neural network', 'nlp', 'numpy', 'pandas', 'python', 'pytorch', 'scikit', 'sql', 'statistics', 'tableau', 'tensorflow']"
1982,AGRICULTURE,2.5,4.17,0.0,1,23,['r'],"['agile', 'aws', 'azure', 'communication', 'computer vision', 'data analysis', 'data mining', 'data visualization', 'deep learning', 'git', 'machine learning', 'matplotlib', 'neural network', 'nlp', 'numpy', 'pandas', 'python', 'pytorch', 'scikit', 'sql', 'statistics', 'tableau', 'tensorflow']"
1983,AGRICULTURE,2.5,4.17,0.0,1,23,['r'],"['agile', 'aws', 'azure', 'communication', 'computer vision', 'data analysis', 'data mining', 'data visualization', 'deep learning', 'git', 'machine learning', 'matplotlib', 'neural network', 'nlp', 'numpy', 'pandas', 'python', 'pytorch', 'scikit', 'sql', 'statistics', 'tableau', 'tensorflow']"
1984,AGRICULTURE,2.5,4.17,0.0,1,23,['r'],"['agile', 'aws', 'azure', 'communication', 'computer vision', 'data analysis', 'data mining', 'data visualization', 'deep learning', 'git', 'machine learning', 'matplotlib', 'neural network', 'nlp', 'numpy', 'pandas', 'python', 'pytorch', 'scikit', 'sql', 'statistics', 'tableau', 'tensorflow']"
1985,AGRICULTURE,2.5,4.17,0.0,1,23,['r'],"['agile', 'aws', 'azure', 'communication', 'computer vision', 'data analysis', 'data mining', 'data visualization', 'deep learning', 'git', 'machine learning', 'matplotlib', 'neural network', 'nlp', 'numpy', 'pandas', 'python', 'pytorch', 'scikit', 'sql', 'statistics', 'tableau', 'tensorflow']"
1986,AGRICULTURE,2.5,4.17,0.0,1,23,['r'],"['agile', 'aws', 'azure', 'communication', 'computer vision', 'data analysis', 'data mining', 'data visualization', 'deep learning', 'git', 'machine learning', 'matplotlib', 'neural network', 'nlp', 'numpy', 'pandas', 'python', 'pytorch', 'scikit', 'sql', 'statistics', 'tableau', 'tensorflow']"
1987,AGRICULTURE,2.5,4.17,0.0,1,23,['r'],"['agile', 'aws', 'azure', 'communication', 'computer vision', 'data analysis', 'data mining', 'data visualization', 'deep learning', 'git', 'machine learning', 'matplotlib', 'neural network', 'nlp', 'numpy', 'pandas', 'python', 'pytorch', 'scikit', 'sql', 'statistics', 'tableau', 'tensorflow']"
1988,AGRICULTURE,2.5,4.17,0.0,1,23,['r'],"['agile', 'aws', 'azure', 'communication', 'computer vision', 'data analysis', 'data mining', 'data visualization', 'deep learning', 'git', 'machine learning', 'matplotlib', 'neural network', 'nlp', 'numpy', 'pandas', 'python', 'pytorch', 'scikit', 'sql', 'statistics', 'tableau', 'tensorflow']"
1989,AGRICULTURE,2.5,4.17,0.0,1,23,['r'],"['agile', 'aws', 'azure', 'communication', 'computer vision', 'data analysis', 'data mining', 'data visualization', 'deep learning', 'git', 'machine learning', 'matplotlib', 'neural network', 'nlp', 'numpy', 'pandas', 'python', 'pytorch', 'scikit', 'sql', 'statistics', 'tableau', 'tensorflow']"
1990,AGRICULTURE,2.5,4.17,0.0,1,23,['r'],"['agile', 'aws', 'azure', 'communication', 'computer vision', 'data analysis', 'data mining', 'data visualization', 'deep learning', 'git', 'machine learning', 'matplotlib', 'neural network', 'nlp', 'numpy', 'pandas', 'python', 'pytorch', 'scikit', 'sql', 'statistics', 'tableau', 'tensorflow']"
1991,AGRICULTURE,2.5,4.17,0.0,1,23,['r'],"['agile', 'aws', 'azure', 'communication', 'computer vision', 'data analysis', 'data mining', 'data visualization', 'deep learning', 'git', 'machine learning', 'matplotlib', 'neural network', 'nlp', 'numpy', 'pandas', 'python', 'pytorch', 'scikit', 'sql', 'statistics', 'tableau', 'tensorflow']"
1992,AGRICULTURE,2.5,4.17,0.0,1,23,['r'],"['agile', 'aws', 'azure', 'communication', 'computer vision', 'data analysis', 'data mining', 'data visualization', 'deep learning', 'git', 'machine learning', 'matplotlib', 'neural network', 'nlp', 'numpy', 'pandas', 'python', 'pytorch', 'scikit', 'sql', 'statistics', 'tableau', 'tensorflow']"
1993,AGRICULTURE,2.5,4.17,0.0,1,23,['r'],"['agile', 'aws', 'azure', 'communication', 'computer vision', 'data analysis', 'data mining', 'data visualization', 'deep learning', 'git', 'machine learning', 'matplotlib', 'neural network', 'nlp', 'numpy', 'pandas', 'python', 'pytorch', 'scikit', 'sql', 'statistics', 'tableau', 'tensorflow']"
1994,AGRICULTURE,2.5,4.17,0.0,1,23,['r'],"['agile', 'aws', 'azure', 'communication', 'computer vision', 'data analysis', 'data mining', 'data visualization', 'deep learning', 'git', 'machine learning', 'matplotlib', 'neural network', 'nlp', 'numpy', 'pandas', 'python', 'pytorch', 'scikit', 'sql', 'statistics', 'tableau', 'tensorflow']"
1995,AGRICULTURE,2.5,4.17,0.0,1,23,['r'],"['agile', 'aws', 'azure', 'communication', 'computer vision', 'data analysis', 'data mining', 'data visualization', 'deep learning', 'git', 'machine learning', 'matplotlib', 'neural network', 'nlp', 'numpy', 'pandas', 'python', 'pytorch', 'scikit', 'sql', 'statistics', 'tableau', 'tensorflow']"
1996,AGRICULTURE,2.5,4.17,0.0,1,23,['r'],"['agile', 'aws', 'azure', 'communication', 'computer vision', 'data analysis', 'data mining', 'data visualization', 'deep learning', 'git', 'machine learning', 'matplotlib', 'neural network', 'nlp', 'numpy', 'pandas', 'python', 'pytorch', 'scikit', 'sql', 'statistics', 'tableau', 'tensorflow']"
1997,AGRICULTURE,2.5,4.17,0.0,1,23,['r'],"['agile', 'aws', 'azure', 'communication', 'computer vision', 'data analysis', 'data mining', 'data visualization', 'deep learning', 'git', 'machine learning', 'matplotlib', 'neural network', 'nlp', 'numpy', 'pandas', 'python', 'pytorch', 'scikit', 'sql', 'statistics', 'tableau', 'tensorflow']"
1998,AGRICULTURE,2.5,4.17,0.0,1,23,['r'],"['agile', 'aws', 'azure', 'communication', 'computer vision', 'data analysis', 'data mining', 'data visualization', 'deep learning', 'git', 'machine learning', 'matplotlib', 'neural network', 'nlp', 'numpy', 'pandas', 'python', 'pytorch', 'scikit', 'sql', 'statistics', 'tableau', 'tensorflow']"
1999,SALES,2.5,4.17,0.0,1,23,['r'],"['agile', 'aws', 'azure', 'communication', 'computer vision', 'data analysis', 'data mining', 'data visualization', 'deep learning', 'git', 'machine learning', 'matplotlib', 'neural network', 'nlp', 'numpy', 'pandas', 'python', 'pytorch', 'scikit', 'sql', 'statistics', 'tableau', 'tensorflow']"
2000,SALES,2.5,4.17,0.0,1,23,['r'],"['agile', 'aws', 'azure', 'communication', 'computer vision', 'data analysis', 'data mining', 'data visualization', 'deep learning', 'git', 'machine learning', 'matplotlib', 'neural network', 'nlp', 'numpy', 'pandas', 'python', 'pytorch', 'scikit', 'sql', 'statistics', 'tableau', 'tensorflow']"
2001,SALES,2.5,4.17,0.0,1,23,['r'],"['agile', 'aws', 'azure', 'communication', 'computer vision', 'data analysis', 'data mining', 'data visualization', 'deep learning', 'git', 'machine learning', 'matplotlib', 'neural network', 'nlp', 'numpy', 'pandas', 'python', 'pytorch', 'scikit', 'sql', 'statistics', 'tableau', 'tensorflow']"
2002,SALES,2.5,4.17,0.0,1,23,['r'],"['agile', 'aws', 'azure', 'communication', 'computer vision', 'data analysis', 'data mining', 'data visualization', 'deep learning', 'git', 'machine learning', 'matplotlib', 'neural network', 'nlp', 'numpy', 'pandas', 'python', 'pytorch', 'scikit', 'sql', 'statistics', 'tableau', 'tensorflow']"
2003,SALES,2.5,4.17,0.0,1,23,['r'],"['agile', 'aws', 'azure', 'communication', 'computer vision', 'data analysis', 'data mining', 'data visualization', 'deep learning', 'git', 'machine learning', 'matplotlib', 'neural network', 'nlp', 'numpy', 'pandas', 'python', 'pytorch', 'scikit', 'sql', 'statistics', 'tableau', 'tensorflow']"
2004,SALES,2.5,4.17,0.0,1,23,['r'],"['agile', 'aws', 'azure', 'communication', 'computer vision', 'data analysis', 'data mining', 'data visualization', 'deep learning', 'git', 'machine learning', 'matplotlib', 'neural network', 'nlp', 'numpy', 'pandas', 'python', 'pytorch', 'scikit', 'sql', 'statistics', 'tableau', 'tensorflow']"
2005,SALES,2.5,4.17,0.0,1,23,['r'],"['agile', 'aws', 'azure', 'communication', 'computer vision', 'data analysis', 'data mining', 'data visualization', 'deep learning', 'git', 'machine learning', 'matplotlib', 'neural network', 'nlp', 'numpy', 'pandas', 'python', 'pytorch', 'scikit', 'sql', 'statistics', 'tableau', 'tensorflow']"
2006,SALES,2.5,4.17,0.0,1,23,['r'],"['agile', 'aws', 'azure', 'communication', 'computer vision', 'data analysis', 'data mining', 'data visualization', 'deep learning', 'git', 'machine learning', 'matplotlib', 'neural network', 'nlp', 'numpy', 'pandas', 'python', 'pytorch', 'scikit', 'sql', 'statistics', 'tableau', 'tensorflow']"
2007,BPO,2.5,4.17,0.0,1,23,['r'],"['agile', 'aws', 'azure', 'communication', 'computer vision', 'data analysis', 'data mining', 'data visualization', 'deep learning', 'git', 'machine learning', 'matplotlib', 'neural network', 'nlp', 'numpy', 'pandas', 'python', 'pytorch', 'scikit', 'sql', 'statistics', 'tableau', 'tensorflow']"
2008,SALES,2.5,4.17,0.0,1,23,['r'],"['agile', 'aws', 'azure', 'communication', 'computer vision', 'data analysis', 'data mining', 'data visualization', 'deep learning', 'git', 'machine learning', 'matplotlib', 'neural network', 'nlp', 'numpy', 'pandas', 'python', 'pytorch', 'scikit', 'sql', 'statistics', 'tableau', 'tensorflow']"
2009,SALES,2.5,4.17,0.0,1,23,['r'],"['agile', 'aws', 'azure', 'communication', 'computer vision', 'data analysis', 'data mining', 'data visualization', 'deep learning', 'git', 'machine learning', 'matplotlib', 'neural network', 'nlp', 'numpy', 'pandas', 'python', 'pytorch', 'scikit', 'sql', 'statistics', 'tableau', 'tensorflow']"
2010,SALES,2.5,4.17,0.0,1,23,['r'],"['agile', 'aws', 'azure', 'communication', 'computer vision', 'data analysis', 'data mining', 'data visualization', 'deep learning', 'git', 'machine learning', 'matplotlib', 'neural network', 'nlp', 'numpy', 'pandas', 'python', 'pytorch', 'scikit', 'sql', 'statistics', 'tableau', 'tensorflow']"
2011,SALES,2.5,4.17,0.0,1,23,['r'],"['agile', 'aws', 'azure', 'communication', 'computer vision', 'data analysis', 'data mining', 'data visualization', 'deep learning', 'git', 'machine learning', 'matplotlib', 'neural network', 'nlp', 'numpy', 'pandas', 'python', 'pytorch', 'scikit', 'sql', 'statistics', 'tableau', 'tensorflow']"
2012,SALES,2.5,4.17,0.0,1,23,['r'],"['agile', 'aws', 'azure', 'communication', 'computer vision', 'data analysis', 'data mining', 'data visualization', 'deep learning', 'git', 'machine learning', 'matplotlib', 'neural network', 'nlp', 'numpy', 'pandas', 'python', 'pytorch', 'scikit', 'sql', 'statistics', 'tableau', 'tensorflow']"
2013,SALES,2.5,4.17,0.0,1,23,['r'],"['agile', 'aws', 'azure', 'communication', 'computer vision', 'data analysis', 'data mining', 'data visualization', 'deep learning', 'git', 'machine learning', 'matplotlib', 'neural network', 'nlp', 'numpy', 'pandas', 'python', 'pytorch', 'scikit', 'sql', 'statistics', 'tableau', 'tensorflow']"
2014,SALES,2.5,4.17,0.0,1,23,['r'],"['agile', 'aws', 'azure', 'communication', 'computer vision', 'data analysis', 'data mining', 'data visualization', 'deep learning', 'git', 'machine learning', 'matplotlib', 'neural network', 'nlp', 'numpy', 'pandas', 'python', 'pytorch', 'scikit', 'sql', 'statistics', 'tableau', 'tensorflow']"
2015,SALES,2.5,4.17,0.0,1,23,['r'],"['agile', 'aws', 'azure', 'communication', 'computer vision', 'data analysis', 'data mining', 'data visualization', 'deep learning', 'git', 'machine learning', 'matplotlib', 'neural network', 'nlp', 'numpy', 'pandas', 'python', 'pytorch', 'scikit', 'sql', 'statistics', 'tableau', 'tensorflow']"
2016,SALES,2.5,4.17,0.0,1,23,['r'],"['agile', 'aws', 'azure', 'communication', 'computer vision', 'data analysis', 'data mining', 'data visualization', 'deep learning', 'git', 'machine learning', 'matplotlib', 'neural network', 'nlp', 'numpy', 'pandas', 'python', 'pytorch', 'scikit', 'sql', 'statistics', 'tableau', 'tensorflow']"
2017,SALES,2.5,4.17,0.0,1,23,['r'],"['agile', 'aws', 'azure', 'communication', 'computer vision', 'data analysis', 'data mining', 'data visualization', 'deep learning', 'git', 'machine learning', 'matplotlib', 'neural network', 'nlp', 'numpy', 'pandas', 'python', 'pytorch', 'scikit', 'sql', 'statistics', 'tableau', 'tensorflow']"
2018,BPO,2.5,4.17,0.0,1,23,['r'],"['agile', 'aws', 'azure', 'communication', 'computer vision', 'data analysis', 'data mining', 'data visualization', 'deep learning', 'git', 'machine learning', 'matplotlib', 'neural network', 'nlp', 'numpy', 'pandas', 'python', 'pytorch', 'scikit', 'sql', 'statistics', 'tableau', 'tensorflow']"
2019,BPO,2.5,4.17,0.0,1,23,['r'],"['agile', 'aws', 'azure', 'communication', 'computer vision', 'data analysis', 'data mining', 'data visualization', 'deep learning', 'git', 'machine learning', 'matplotlib', 'neural network', 'nlp', 'numpy', 'pandas', 'python', 'pytorch', 'scikit', 'sql', 'statistics', 'tableau', 'tensorflow']"
2020,BPO,2.5,4.17,0.0,1,23,['r'],"['agile', 'aws', 'azure', 'communication', 'computer vision', 'data analysis', 'data mining', 'data visualization', 'deep learning', 'git', 'machine learning', 'matplotlib', 'neural network', 'nlp', 'numpy', 'pandas', 'python', 'pytorch', 'scikit', 'sql', 'statistics', 'tableau', 'tensorflow']"
2021,BPO,2.5,4.17,0.0,1,23,['r'],"['agile', 'aws', 'azure', 'communication', 'computer vision', 'data analysis', 'data mining', 'data visualization', 'deep learning', 'git', 'machine learning', 'matplotlib', 'neural network', 'nlp', 'numpy', 'pandas', 'python', 'pytorch', 'scikit', 'sql', 'statistics', 'tableau', 'tensorflow']"
2022,BPO,2.5,4.17,0.0,1,23,['r'],"['agile', 'aws', 'azure', 'communication', 'computer vision', 'data analysis', 'data mining', 'data visualization', 'deep learning', 'git', 'machine learning', 'matplotlib', 'neural network', 'nlp', 'numpy', 'pandas', 'python', 'pytorch', 'scikit', 'sql', 'statistics', 'tableau', 'tensorflow']"
2023,BPO,2.5,4.17,0.0,1,23,['r'],"['agile', 'aws', 'azure', 'communication', 'computer vision', 'data analysis', 'data mining', 'data visualization', 'deep learning', 'git', 'machine learning', 'matplotlib', 'neural network', 'nlp', 'numpy', 'pandas', 'python', 'pytorch', 'scikit', 'sql', 'statistics', 'tableau', 'tensorflow']"
2024,SALES,2.5,4.17,0.0,1,23,['r'],"['agile', 'aws', 'azure', 'communication', 'computer vision', 'data analysis', 'data mining', 'data visualization', 'deep learning', 'git', 'machine learning', 'matplotlib', 'neural network', 'nlp', 'numpy', 'pandas', 'python', 'pytorch', 'scikit', 'sql', 'statistics', 'tableau', 'tensorflow']"
2025,SALES,2.5,4.17,0.0,1,23,['r'],"['agile', 'aws', 'azure', 'communication', 'computer vision', 'data analysis', 'data mining', 'data visualization', 'deep learning', 'git', 'machine learning', 'matplotlib', 'neural network', 'nlp', 'numpy', 'pandas', 'python', 'pytorch', 'scikit', 'sql', 'statistics', 'tableau', 'tensorflow']"
2026,SALES,2.5,4.17,0.0,1,23,['r'],"['agile', 'aws', 'azure', 'communication', 'computer vision', 'data analysis', 'data mining', 'data visualization', 'deep learning', 'git', 'machine learning', 'matplotlib', 'neural network', 'nlp', 'numpy', 'pandas', 'python', 'pytorch', 'scikit', 'sql', 'statistics', 'tableau', 'tensorflow']"
2027,SALES,2.5,4.17,0.0,1,23,['r'],"['agile', 'aws', 'azure', 'communication', 'computer vision', 'data analysis', 'data mining', 'data visualization', 'deep learning', 'git', 'machine learning', 'matplotlib', 'neural network', 'nlp', 'numpy', 'pandas', 'python', 'pytorch', 'scikit', 'sql', 'statistics', 'tableau', 'tensorflow']"
2028,SALES,2.5,4.17,0.0,1,23,['r'],"['agile', 'aws', 'azure', 'communication', 'computer vision', 'data analysis', 'data mining', 'data visualization', 'deep learning', 'git', 'machine learning', 'matplotlib', 'neural network', 'nlp', 'numpy', 'pandas', 'python', 'pytorch', 'scikit', 'sql', 'statistics', 'tableau', 'tensorflow']"
2029,SALES,2.5,4.17,0.0,1,23,['r'],"['agile', 'aws', 'azure', 'communication', 'computer vision', 'data analysis', 'data mining', 'data visualization', 'deep learning', 'git', 'machine learning', 'matplotlib', 'neural network', 'nlp', 'numpy', 'pandas', 'python', 'pytorch', 'scikit', 'sql', 'statistics', 'tableau', 'tensorflow']"
2030,SALES,2.5,4.17,0.0,1,23,['r'],"['agile', 'aws', 'azure', 'communication', 'computer vision', 'data analysis', 'data mining', 'data visualization', 'deep learning', 'git', 'machine learning', 'matplotlib', 'neural network', 'nlp', 'numpy', 'pandas', 'python', 'pytorch', 'scikit', 'sql', 'statistics', 'tableau', 'tensorflow']"
2031,SALES,2.5,4.17,0.0,1,23,['r'],"['agile', 'aws', 'azure', 'communication', 'computer vision', 'data analysis', 'data mining', 'data visualization', 'deep learning', 'git', 'machine learning', 'matplotlib', 'neural network', 'nlp', 'numpy', 'pandas', 'python', 'pytorch', 'scikit', 'sql', 'statistics', 'tableau', 'tensorflow']"
2032,SALES,2.5,4.17,0.0,1,23,['r'],"['agile', 'aws', 'azure', 'communication', 'computer vision', 'data analysis', 'data mining', 'data visualization', 'deep learning', 'git', 'machine learning', 'matplotlib', 'neural network', 'nlp', 'numpy', 'pandas', 'python', 'pytorch', 'scikit', 'sql', 'statistics', 'tableau', 'tensorflow']"
2033,SALES,2.5,4.17,0.0,1,23,['r'],"['agile', 'aws', 'azure', 'communication', 'computer vision', 'data analysis', 'data mining', 'data visualization', 'deep learning', 'git', 'machine learning', 'matplotlib', 'neural network', 'nlp', 'numpy', 'pandas', 'python', 'pytorch', 'scikit', 'sql', 'statistics', 'tableau', 'tensorflow']"
2034,SALES,2.5,4.17,0.0,1,23,['r'],"['agile', 'aws', 'azure', 'communication', 'computer vision', 'data analysis', 'data mining', 'data visualization', 'deep learning', 'git', 'machine learning', 'matplotlib', 'neural network', 'nlp', 'numpy', 'pandas', 'python', 'pytorch', 'scikit', 'sql', 'statistics', 'tableau', 'tensorflow']"
2035,SALES,2.5,4.17,0.0,1,23,['r'],"['agile', 'aws', 'azure', 'communication', 'computer vision', 'data analysis', 'data mining', 'data visualization', 'deep learning', 'git', 'machine learning', 'matplotlib', 'neural network', 'nlp', 'numpy', 'pandas', 'python', 'pytorch', 'scikit', 'sql', 'statistics', 'tableau', 'tensorflow']"
2036,SALES,2.5,4.17,0.0,1,23,['r'],"['agile', 'aws', 'azure', 'communication', 'computer vision', 'data analysis', 'data mining', 'data visualization', 'deep learning', 'git', 'machine learning', 'matplotlib', 'neural network', 'nlp', 'numpy', 'pandas', 'python', 'pytorch', 'scikit', 'sql', 'statistics', 'tableau', 'tensorflow']"
2037,CONSULTANT,2.5,4.17,0.0,1,23,['r'],"['agile', 'aws', 'azure', 'communication', 'computer vision', 'data analysis', 'data mining', 'data visualization', 'deep learning', 'git', 'machine learning', 'matplotlib', 'neural network', 'nlp', 'numpy', 'pandas', 'python', 'pytorch', 'scikit', 'sql', 'statistics', 'tableau', 'tensorflow']"
2038,CONSULTANT,2.5,4.17,0.0,1,23,['r'],"['agile', 'aws', 'azure', 'communication', 'computer vision', 'data analysis', 'data mining', 'data visualization', 'deep learning', 'git', 'machine learning', 'matplotlib', 'neural network', 'nlp', 'numpy', 'pandas', 'python', 'pytorch', 'scikit', 'sql', 'statistics', 'tableau', 'tensorflow']"
2039,CONSULTANT,2.5,4.17,0.0,1,23,['r'],"['agile', 'aws', 'azure', 'communication', 'computer vision', 'data analysis', 'data mining', 'data visualization', 'deep learning', 'git', 'machine learning', 'matplotlib', 'neural network', 'nlp', 'numpy', 'pandas', 'python', 'pytorch', 'scikit', 'sql', 'statistics', 'tableau', 'tensorflow']"
2040,CONSULTANT,2.5,4.17,0.0,1,23,['r'],"['agile', 'aws', 'azure', 'communication', 'computer vision', 'data analysis', 'data mining', 'data visualization', 'deep learning', 'git', 'machine learning', 'matplotlib', 'neural network', 'nlp', 'numpy', 'pandas', 'python', 'pytorch', 'scikit', 'sql', 'statistics', 'tableau', 'tensorflow']"
2041,CONSULTANT,2.5,4.17,0.0,1,23,['r'],"['agile', 'aws', 'azure', 'communication', 'computer vision', 'data analysis', 'data mining', 'data visualization', 'deep learning', 'git', 'machine learning', 'matplotlib', 'neural network', 'nlp', 'numpy', 'pandas', 'python', 'pytorch', 'scikit', 'sql', 'statistics', 'tableau', 'tensorflow']"
2042,CONSULTANT,2.5,4.17,0.0,1,23,['r'],"['agile', 'aws', 'azure', 'communication', 'computer vision', 'data analysis', 'data mining', 'data visualization', 'deep learning', 'git', 'machine learning', 'matplotlib', 'neural network', 'nlp', 'numpy', 'pandas', 'python', 'pytorch', 'scikit', 'sql', 'statistics', 'tableau', 'tensorflow']"
2043,CONSULTANT,2.5,4.17,0.0,1,23,['r'],"['agile', 'aws', 'azure', 'communication', 'computer vision', 'data analysis', 'data mining', 'data visualization', 'deep learning', 'git', 'machine learning', 'matplotlib', 'neural network', 'nlp', 'numpy', 'pandas', 'python', 'pytorch', 'scikit', 'sql', 'statistics', 'tableau', 'tensorflow']"
2044,CONSULTANT,2.5,4.17,0.0,1,23,['r'],"['agile', 'aws', 'azure', 'communication', 'computer vision', 'data analysis', 'data mining', 'data visualization', 'deep learning', 'git', 'machine learning', 'matplotlib', 'neural network', 'nlp', 'numpy', 'pandas', 'python', 'pytorch', 'scikit', 'sql', 'statistics', 'tableau', 'tensorflow']"
2045,SALES,2.5,4.17,0.0,1,23,['r'],"['agile', 'aws', 'azure', 'communication', 'computer vision', 'data analysis', 'data mining', 'data visualization', 'deep learning', 'git', 'machine learning', 'matplotlib', 'neural network', 'nlp', 'numpy', 'pandas', 'python', 'pytorch', 'scikit', 'sql', 'statistics', 'tableau', 'tensorflow']"
2046,CONSULTANT,2.5,4.17,0.0,1,23,['r'],"['agile', 'aws', 'azure', 'communication', 'computer vision', 'data analysis', 'data mining', 'data visualization', 'deep learning', 'git', 'machine learning', 'matplotlib', 'neural network', 'nlp', 'numpy', 'pandas', 'python', 'pytorch', 'scikit', 'sql', 'statistics', 'tableau', 'tensorflow']"
2047,CONSULTANT,2.5,4.17,0.0,1,23,['r'],"['agile', 'aws', 'azure', 'communication', 'computer vision', 'data analysis', 'data mining', 'data visualization', 'deep learning', 'git', 'machine learning', 'matplotlib', 'neural network', 'nlp', 'numpy', 'pandas', 'python', 'pytorch', 'scikit', 'sql', 'statistics', 'tableau', 'tensorflow']"
2048,CONSULTANT,2.5,4.17,0.0,1,23,['r'],"['agile', 'aws', 'azure', 'communication', 'computer vision', 'data analysis', 'data mining', 'data visualization', 'deep learning', 'git', 'machine learning', 'matplotlib', 'neural network', 'nlp', 'numpy', 'pandas', 'python', 'pytorch', 'scikit', 'sql', 'statistics', 'tableau', 'tensorflow']"
2049,CONSULTANT,2.5,4.17,0.0,1,23,['r'],"['agile', 'aws', 'azure', 'communication', 'computer vision', 'data analysis', 'data mining', 'data visualization', 'deep learning', 'git', 'machine learning', 'matplotlib', 'neural network', 'nlp', 'numpy', 'pandas', 'python', 'pytorch', 'scikit', 'sql', 'statistics', 'tableau', 'tensorflow']"
2050,CONSULTANT,2.5,4.17,0.0,1,23,['r'],"['agile', 'aws', 'azure', 'communication', 'computer vision', 'data analysis', 'data mining', 'data visualization', 'deep learning', 'git', 'machine learning', 'matplotlib', 'neural network', 'nlp', 'numpy', 'pandas', 'python', 'pytorch', 'scikit', 'sql', 'statistics', 'tableau', 'tensorflow']"
2051,CONSULTANT,2.5,4.17,0.0,1,23,['r'],"['agile', 'aws', 'azure', 'communication', 'computer vision', 'data analysis', 'data mining', 'data visualization', 'deep learning', 'git', 'machine learning', 'matplotlib', 'neural network', 'nlp', 'numpy', 'pandas', 'python', 'pytorch', 'scikit', 'sql', 'statistics', 'tableau', 'tensorflow']"
2052,CONSULTANT,2.5,4.17,0.0,1,23,['r'],"['agile', 'aws', 'azure', 'communication', 'computer vision', 'data analysis', 'data mining', 'data visualization', 'deep learning', 'git', 'machine learning', 'matplotlib', 'neural network', 'nlp', 'numpy', 'pandas', 'python', 'pytorch', 'scikit', 'sql', 'statistics', 'tableau', 'tensorflow']"
2053,CONSULTANT,2.5,4.17,0.0,1,23,['r'],"['agile', 'aws', 'azure', 'communication', 'computer vision', 'data analysis', 'data mining', 'data visualization', 'deep learning', 'git', 'machine learning', 'matplotlib', 'neural network', 'nlp', 'numpy', 'pandas', 'python', 'pytorch', 'scikit', 'sql', 'statistics', 'tableau', 'tensorflow']"
2054,CONSULTANT,2.5,4.17,0.0,1,23,['r'],"['agile', 'aws', 'azure', 'communication', 'computer vision', 'data analysis', 'data mining', 'data visualization', 'deep learning', 'git', 'machine learning', 'matplotlib', 'neural network', 'nlp', 'numpy', 'pandas', 'python', 'pytorch', 'scikit', 'sql', 'statistics', 'tableau', 'tensorflow']"
2055,CONSULTANT,2.5,4.17,0.0,1,23,['r'],"['agile', 'aws', 'azure', 'communication', 'computer vision', 'data analysis', 'data mining', 'data visualization', 'deep learning', 'git', 'machine learning', 'matplotlib', 'neural network', 'nlp', 'numpy', 'pandas', 'python', 'pytorch', 'scikit', 'sql', 'statistics', 'tableau', 'tensorflow']"
2056,CONSULTANT,2.5,4.17,0.0,1,23,['r'],"['agile', 'aws', 'azure', 'communication', 'computer vision', 'data analysis', 'data mining', 'data visualization', 'deep learning', 'git', 'machine learning', 'matplotlib', 'neural network', 'nlp', 'numpy', 'pandas', 'python', 'pytorch', 'scikit', 'sql', 'statistics', 'tableau', 'tensorflow']"
2057,CONSULTANT,2.5,4.17,0.0,1,23,['r'],"['agile', 'aws', 'azure', 'communication', 'computer vision', 'data analysis', 'data mining', 'data visualization', 'deep learning', 'git', 'machine learning', 'matplotlib', 'neural network', 'nlp', 'numpy', 'pandas', 'python', 'pytorch', 'scikit', 'sql', 'statistics', 'tableau', 'tensorflow']"
2058,CONSULTANT,2.5,4.17,0.0,1,23,['r'],"['agile', 'aws', 'azure', 'communication', 'computer vision', 'data analysis', 'data mining', 'data visualization', 'deep learning', 'git', 'machine learning', 'matplotlib', 'neural network', 'nlp', 'numpy', 'pandas', 'python', 'pytorch', 'scikit', 'sql', 'statistics', 'tableau', 'tensorflow']"
2059,CONSULTANT,2.5,4.17,0.0,1,23,['r'],"['agile', 'aws', 'azure', 'communication', 'computer vision', 'data analysis', 'data mining', 'data visualization', 'deep learning', 'git', 'machine learning', 'matplotlib', 'neural network', 'nlp', 'numpy', 'pandas', 'python', 'pytorch', 'scikit', 'sql', 'statistics', 'tableau', 'tensorflow']"
2060,CONSULTANT,2.5,4.17,0.0,1,23,['r'],"['agile', 'aws', 'azure', 'communication', 'computer vision', 'data analysis', 'data mining', 'data visualization', 'deep learning', 'git', 'machine learning', 'matplotlib', 'neural network', 'nlp', 'numpy', 'pandas', 'python', 'pytorch', 'scikit', 'sql', 'statistics', 'tableau', 'tensorflow']"
2061,CONSULTANT,2.5,4.17,0.0,1,23,['r'],"['agile', 'aws', 'azure', 'communication', 'computer vision', 'data analysis', 'data mining', 'data visualization', 'deep learning', 'git', 'machine learning', 'matplotlib', 'neural network', 'nlp', 'numpy', 'pandas', 'python', 'pytorch', 'scikit', 'sql', 'statistics', 'tableau', 'tensorflow']"
2062,CONSULTANT,2.5,4.17,0.0,1,23,['r'],"['agile', 'aws', 'azure', 'communication', 'computer vision', 'data analysis', 'data mining', 'data visualization', 'deep learning', 'git', 'machine learning', 'matplotlib', 'neural network', 'nlp', 'numpy', 'pandas', 'python', 'pytorch', 'scikit', 'sql', 'statistics', 'tableau', 'tensorflow']"
2063,CONSULTANT,2.5,4.17,0.0,1,23,['r'],"['agile', 'aws', 'azure', 'communication', 'computer vision', 'data analysis', 'data mining', 'data visualization', 'deep learning', 'git', 'machine learning', 'matplotlib', 'neural network', 'nlp', 'numpy', 'pandas', 'python', 'pytorch', 'scikit', 'sql', 'statistics', 'tableau', 'tensorflow']"
2064,CONSULTANT,2.5,4.17,0.0,1,23,['r'],"['agile', 'aws', 'azure', 'communication', 'computer vision', 'data analysis', 'data mining', 'data visualization', 'deep learning', 'git', 'machine learning', 'matplotlib', 'neural network', 'nlp', 'numpy', 'pandas', 'python', 'pytorch', 'scikit', 'sql', 'statistics', 'tableau', 'tensorflow']"
2065,CONSULTANT,2.5,4.17,0.0,1,23,['r'],"['agile', 'aws', 'azure', 'communication', 'computer vision', 'data analysis', 'data mining', 'data visualization', 'deep learning', 'git', 'machine learning', 'matplotlib', 'neural network', 'nlp', 'numpy', 'pandas', 'python', 'pytorch', 'scikit', 'sql', 'statistics', 'tableau', 'tensorflow']"
2066,CONSULTANT,2.5,4.17,0.0,1,23,['r'],"['agile', 'aws', 'azure', 'communication', 'computer vision', 'data analysis', 'data mining', 'data visualization', 'deep learning', 'git', 'machine learning', 'matplotlib', 'neural network', 'nlp', 'numpy', 'pandas', 'python', 'pytorch', 'scikit', 'sql', 'statistics', 'tableau', 'tensorflow']"
2067,CONSULTANT,2.5,4.17,0.0,1,23,['r'],"['agile', 'aws', 'azure', 'communication', 'computer vision', 'data analysis', 'data mining', 'data visualization', 'deep learning', 'git', 'machine learning', 'matplotlib', 'neural network', 'nlp', 'numpy', 'pandas', 'python', 'pytorch', 'scikit', 'sql', 'statistics', 'tableau', 'tensorflow']"
2068,CONSULTANT,2.5,4.17,0.0,1,23,['r'],"['agile', 'aws', 'azure', 'communication', 'computer vision', 'data analysis', 'data mining', 'data visualization', 'deep learning', 'git', 'machine learning', 'matplotlib', 'neural network', 'nlp', 'numpy', 'pandas', 'python', 'pytorch', 'scikit', 'sql', 'statistics', 'tableau', 'tensorflow']"
2069,CONSULTANT,2.5,4.17,0.0,1,23,['r'],"['agile', 'aws', 'azure', 'communication', 'computer vision', 'data analysis', 'data mining', 'data visualization', 'deep learning', 'git', 'machine learning', 'matplotlib', 'neural network', 'nlp', 'numpy', 'pandas', 'python', 'pytorch', 'scikit', 'sql', 'statistics', 'tableau', 'tensorflow']"
2070,CONSULTANT,2.5,4.17,0.0,1,23,['r'],"['agile', 'aws', 'azure', 'communication', 'computer vision', 'data analysis', 'data mining', 'data visualization', 'deep learning', 'git', 'machine learning', 'matplotlib', 'neural network', 'nlp', 'numpy', 'pandas', 'python', 'pytorch', 'scikit', 'sql', 'statistics', 'tableau', 'tensorflow']"
2071,CONSULTANT,2.5,4.17,0.0,1,23,['r'],"['agile', 'aws', 'azure', 'communication', 'computer vision', 'data analysis', 'data mining', 'data visualization', 'deep learning', 'git', 'machine learning', 'matplotlib', 'neural network', 'nlp', 'numpy', 'pandas', 'python', 'pytorch', 'scikit', 'sql', 'statistics', 'tableau', 'tensorflow']"
2072,CONSULTANT,2.5,4.17,0.0,1,23,['r'],"['agile', 'aws', 'azure', 'communication', 'computer vision', 'data analysis', 'data mining', 'data visualization', 'deep learning', 'git', 'machine learning', 'matplotlib', 'neural network', 'nlp', 'numpy', 'pandas', 'python', 'pytorch', 'scikit', 'sql', 'statistics', 'tableau', 'tensorflow']"
2073,CONSULTANT,2.5,4.17,0.0,1,23,['r'],"['agile', 'aws', 'azure', 'communication', 'computer vision', 'data analysis', 'data mining', 'data visualization', 'deep learning', 'git', 'machine learning', 'matplotlib', 'neural network', 'nlp', 'numpy', 'pandas', 'python', 'pytorch', 'scikit', 'sql', 'statistics', 'tableau', 'tensorflow']"
2074,DIGITAL-MEDIA,2.5,4.17,0.0,1,23,['r'],"['agile', 'aws', 'azure', 'communication', 'computer vision', 'data analysis', 'data mining', 'data visualization', 'deep learning', 'git', 'machine learning', 'matplotlib', 'neural network', 'nlp', 'numpy', 'pandas', 'python', 'pytorch', 'scikit', 'sql', 'statistics', 'tableau', 'tensorflow']"
2075,DIGITAL-MEDIA,2.5,4.17,0.0,1,23,['r'],"['agile', 'aws', 'azure', 'communication', 'computer vision', 'data analysis', 'data mining', 'data visualization', 'deep learning', 'git', 'machine learning', 'matplotlib', 'neural network', 'nlp', 'numpy', 'pandas', 'python', 'pytorch', 'scikit', 'sql', 'statistics', 'tableau', 'tensorflow']"
2076,DIGITAL-MEDIA,2.5,4.17,0.0,1,23,['r'],"['agile', 'aws', 'azure', 'communication', 'computer vision', 'data analysis', 'data mining', 'data visualization', 'deep learning', 'git', 'machine learning', 'matplotlib', 'neural network', 'nlp', 'numpy', 'pandas', 'python', 'pytorch', 'scikit', 'sql', 'statistics', 'tableau', 'tensorflow']"
2077,DIGITAL-MEDIA,2.5,4.17,0.0,1,23,['r'],"['agile', 'aws', 'azure', 'communication', 'computer vision', 'data analysis', 'data mining', 'data visualization', 'deep learning', 'git', 'machine learning', 'matplotlib', 'neural network', 'nlp', 'numpy', 'pandas', 'python', 'pytorch', 'scikit', 'sql', 'statistics', 'tableau', 'tensorflow']"
2078,DIGITAL-MEDIA,2.5,4.17,0.0,1,23,['r'],"['agile', 'aws', 'azure', 'communication', 'computer vision', 'data analysis', 'data mining', 'data visualization', 'deep learning', 'git', 'machine learning', 'matplotlib', 'neural network', 'nlp', 'numpy', 'pandas', 'python', 'pytorch', 'scikit', 'sql', 'statistics', 'tableau', 'tensorflow']"
2079,DIGITAL-MEDIA,2.5,4.17,0.0,1,23,['r'],"['agile', 'aws', 'azure', 'communication', 'computer vision', 'data analysis', 'data mining', 'data visualization', 'deep learning', 'git', 'machine learning', 'matplotlib', 'neural network', 'nlp', 'numpy', 'pandas', 'python', 'pytorch', 'scikit', 'sql', 'statistics', 'tableau', 'tensorflow']"
2080,DIGITAL-MEDIA,2.5,4.17,0.0,1,23,['r'],"['agile', 'aws', 'azure', 'communication', 'computer vision', 'data analysis', 'data mining', 'data visualization', 'deep learning', 'git', 'machine learning', 'matplotlib', 'neural network', 'nlp', 'numpy', 'pandas', 'python', 'pytorch', 'scikit', 'sql', 'statistics', 'tableau', 'tensorflow']"
2081,DIGITAL-MEDIA,2.5,4.17,0.0,1,23,['r'],"['agile', 'aws', 'azure', 'communication', 'computer vision', 'data analysis', 'data mining', 'data visualization', 'deep learning', 'git', 'machine learning', 'matplotlib', 'neural network', 'nlp', 'numpy', 'pandas', 'python', 'pytorch', 'scikit', 'sql', 'statistics', 'tableau', 'tensorflow']"
2082,DIGITAL-MEDIA,2.5,4.17,0.0,1,23,['r'],"['agile', 'aws', 'azure', 'communication', 'computer vision', 'data analysis', 'data mining', 'data visualization', 'deep learning', 'git', 'machine learning', 'matplotlib', 'neural network', 'nlp', 'numpy', 'pandas', 'python', 'pytorch', 'scikit', 'sql', 'statistics', 'tableau', 'tensorflow']"
2083,DIGITAL-MEDIA,2.5,4.17,0.0,1,23,['r'],"['agile', 'aws', 'azure', 'communication', 'computer vision', 'data analysis', 'data mining', 'data visualization', 'deep learning', 'git', 'machine learning', 'matplotlib', 'neural network', 'nlp', 'numpy', 'pandas', 'python', 'pytorch', 'scikit', 'sql', 'statistics', 'tableau', 'tensorflow']"
2084,DIGITAL-MEDIA,2.5,4.17,0.0,1,23,['r'],"['agile', 'aws', 'azure', 'communication', 'computer vision', 'data analysis', 'data mining', 'data visualization', 'deep learning', 'git', 'machine learning', 'matplotlib', 'neural network', 'nlp', 'numpy', 'pandas', 'python', 'pytorch', 'scikit', 'sql', 'statistics', 'tableau', 'tensorflow']"
2085,DIGITAL-MEDIA,2.5,4.17,0.0,1,23,['r'],"['agile', 'aws', 'azure', 'communication', 'computer vision', 'data analysis', 'data mining', 'data visualization', 'deep learning', 'git', 'machine learning', 'matplotlib', 'neural network', 'nlp', 'numpy', 'pandas', 'python', 'pytorch', 'scikit', 'sql', 'statistics', 'tableau', 'tensorflow']"
2086,DIGITAL-MEDIA,2.5,4.17,0.0,1,23,['r'],"['agile', 'aws', 'azure', 'communication', 'computer vision', 'data analysis', 'data mining', 'data visualization', 'deep learning', 'git', 'machine learning', 'matplotlib', 'neural network', 'nlp', 'numpy', 'pandas', 'python', 'pytorch', 'scikit', 'sql', 'statistics', 'tableau', 'tensorflow']"
2087,DIGITAL-MEDIA,2.5,4.17,0.0,1,23,['r'],"['agile', 'aws', 'azure', 'communication', 'computer vision', 'data analysis', 'data mining', 'data visualization', 'deep learning', 'git', 'machine learning', 'matplotlib', 'neural network', 'nlp', 'numpy', 'pandas', 'python', 'pytorch', 'scikit', 'sql', 'statistics', 'tableau', 'tensorflow']"
2088,DIGITAL-MEDIA,2.5,4.17,0.0,1,23,['r'],"['agile', 'aws', 'azure', 'communication', 'computer vision', 'data analysis', 'data mining', 'data visualization', 'deep learning', 'git', 'machine learning', 'matplotlib', 'neural network', 'nlp', 'numpy', 'pandas', 'python', 'pytorch', 'scikit', 'sql', 'statistics', 'tableau', 'tensorflow']"
2089,DIGITAL-MEDIA,2.5,4.17,0.0,1,23,['r'],"['agile', 'aws', 'azure', 'communication', 'computer vision', 'data analysis', 'data mining', 'data visualization', 'deep learning', 'git', 'machine learning', 'matplotlib', 'neural network', 'nlp', 'numpy', 'pandas', 'python', 'pytorch', 'scikit', 'sql', 'statistics', 'tableau', 'tensorflow']"
2090,DIGITAL-MEDIA,2.5,4.17,0.0,1,23,['r'],"['agile', 'aws', 'azure', 'communication', 'computer vision', 'data analysis', 'data mining', 'data visualization', 'deep learning', 'git', 'machine learning', 'matplotlib', 'neural network', 'nlp', 'numpy', 'pandas', 'python', 'pytorch', 'scikit', 'sql', 'statistics', 'tableau', 'tensorflow']"
2091,DIGITAL-MEDIA,2.5,4.17,0.0,1,23,['r'],"['agile', 'aws', 'azure', 'communication', 'computer vision', 'data analysis', 'data mining', 'data visualization', 'deep learning', 'git', 'machine learning', 'matplotlib', 'neural network', 'nlp', 'numpy', 'pandas', 'python', 'pytorch', 'scikit', 'sql', 'statistics', 'tableau', 'tensorflow']"
2092,DIGITAL-MEDIA,2.5,4.17,0.0,1,23,['r'],"['agile', 'aws', 'azure', 'communication', 'computer vision', 'data analysis', 'data mining', 'data visualization', 'deep learning', 'git', 'machine learning', 'matplotlib', 'neural network', 'nlp', 'numpy', 'pandas', 'python', 'pytorch', 'scikit', 'sql', 'statistics', 'tableau', 'tensorflow']"
2093,DIGITAL-MEDIA,2.5,4.17,0.0,1,23,['r'],"['agile', 'aws', 'azure', 'communication', 'computer vision', 'data analysis', 'data mining', 'data visualization', 'deep learning', 'git', 'machine learning', 'matplotlib', 'neural network', 'nlp', 'numpy', 'pandas', 'python', 'pytorch', 'scikit', 'sql', 'statistics', 'tableau', 'tensorflow']"
2094,DIGITAL-MEDIA,2.5,4.17,0.0,1,23,['r'],"['agile', 'aws', 'azure', 'communication', 'computer vision', 'data analysis', 'data mining', 'data visualization', 'deep learning', 'git', 'machine learning', 'matplotlib', 'neural network', 'nlp', 'numpy', 'pandas', 'python', 'pytorch', 'scikit', 'sql', 'statistics', 'tableau', 'tensorflow']"
2095,DIGITAL-MEDIA,2.5,4.17,0.0,1,23,['r'],"['agile', 'aws', 'azure', 'communication', 'computer vision', 'data analysis', 'data mining', 'data visualization', 'deep learning', 'git', 'machine learning', 'matplotlib', 'neural network', 'nlp', 'numpy', 'pandas', 'python', 'pytorch', 'scikit', 'sql', 'statistics', 'tableau', 'tensorflow']"
2096,DIGITAL-MEDIA,2.5,4.17,0.0,1,23,['r'],"['agile', 'aws', 'azure', 'communication', 'computer vision', 'data analysis', 'data mining', 'data visualization', 'deep learning', 'git', 'machine learning', 'matplotlib', 'neural network', 'nlp', 'numpy', 'pandas', 'python', 'pytorch', 'scikit', 'sql', 'statistics', 'tableau', 'tensorflow']"
2097,DIGITAL-MEDIA,2.5,4.17,0.0,1,23,['r'],"['agile', 'aws', 'azure', 'communication', 'computer vision', 'data analysis', 'data mining', 'data visualization', 'deep learning', 'git', 'machine learning', 'matplotlib', 'neural network', 'nlp', 'numpy', 'pandas', 'python', 'pytorch', 'scikit', 'sql', 'statistics', 'tableau', 'tensorflow']"
2098,AVIATION,2.5,4.17,0.0,1,23,['r'],"['agile', 'aws', 'azure', 'communication', 'computer vision', 'data analysis', 'data mining', 'data visualization', 'deep learning', 'git', 'machine learning', 'matplotlib', 'neural network', 'nlp', 'numpy', 'pandas', 'python', 'pytorch', 'scikit', 'sql', 'statistics', 'tableau', 'tensorflow']"
2099,DIGITAL-MEDIA,2.5,4.17,0.0,1,23,['r'],"['agile', 'aws', 'azure', 'communication', 'computer vision', 'data analysis', 'data mining', 'data visualization', 'deep learning', 'git', 'machine learning', 'matplotlib', 'neural network', 'nlp', 'numpy', 'pandas', 'python', 'pytorch', 'scikit', 'sql', 'statistics', 'tableau', 'tensorflow']"
2100,DIGITAL-MEDIA,2.5,4.17,0.0,1,23,['r'],"['agile', 'aws', 'azure', 'communication', 'computer vision', 'data analysis', 'data mining', 'data visualization', 'deep learning', 'git', 'machine learning', 'matplotlib', 'neural network', 'nlp', 'numpy', 'pandas', 'python', 'pytorch', 'scikit', 'sql', 'statistics', 'tableau', 'tensorflow']"
2101,DIGITAL-MEDIA,2.5,4.17,0.0,1,23,['r'],"['agile', 'aws', 'azure', 'communication', 'computer vision', 'data analysis', 'data mining', 'data visualization', 'deep learning', 'git', 'machine learning', 'matplotlib', 'neural network', 'nlp', 'numpy', 'pandas', 'python', 'pytorch', 'scikit', 'sql', 'statistics', 'tableau', 'tensorflow']"
2102,DIGITAL-MEDIA,2.5,4.17,0.0,1,23,['r'],"['agile', 'aws', 'azure', 'communication', 'computer vision', 'data analysis', 'data mining', 'data visualization', 'deep learning', 'git', 'machine learning', 'matplotlib', 'neural network', 'nlp', 'numpy', 'pandas', 'python', 'pytorch', 'scikit', 'sql', 'statistics', 'tableau', 'tensorflow']"
2103,DIGITAL-MEDIA,2.5,4.17,0.0,1,23,['r'],"['agile', 'aws', 'azure', 'communication', 'computer vision', 'data analysis', 'data mining', 'data visualization', 'deep learning', 'git', 'machine learning', 'matplotlib', 'neural network', 'nlp', 'numpy', 'pandas', 'python', 'pytorch', 'scikit', 'sql', 'statistics', 'tableau', 'tensorflow']"
2104,DIGITAL-MEDIA,2.5,4.17,0.0,1,23,['r'],"['agile', 'aws', 'azure', 'communication', 'computer vision', 'data analysis', 'data mining', 'data visualization', 'deep learning', 'git', 'machine learning', 'matplotlib', 'neural network', 'nlp', 'numpy', 'pandas', 'python', 'pytorch', 'scikit', 'sql', 'statistics', 'tableau', 'tensorflow']"
2105,DIGITAL-MEDIA,2.5,4.17,0.0,1,23,['r'],"['agile', 'aws', 'azure', 'communication', 'computer vision', 'data analysis', 'data mining', 'data visualization', 'deep learning', 'git', 'machine learning', 'matplotlib', 'neural network', 'nlp', 'numpy', 'pandas', 'python', 'pytorch', 'scikit', 'sql', 'statistics', 'tableau', 'tensorflow']"
2106,DIGITAL-MEDIA,2.5,4.17,0.0,1,23,['r'],"['agile', 'aws', 'azure', 'communication', 'computer vision', 'data analysis', 'data mining', 'data visualization', 'deep learning', 'git', 'machine learning', 'matplotlib', 'neural network', 'nlp', 'numpy', 'pandas', 'python', 'pytorch', 'scikit', 'sql', 'statistics', 'tableau', 'tensorflow']"
2107,DIGITAL-MEDIA,2.5,4.17,0.0,1,23,['r'],"['agile', 'aws', 'azure', 'communication', 'computer vision', 'data analysis', 'data mining', 'data visualization', 'deep learning', 'git', 'machine learning', 'matplotlib', 'neural network', 'nlp', 'numpy', 'pandas', 'python', 'pytorch', 'scikit', 'sql', 'statistics', 'tableau', 'tensorflow']"
2108,DIGITAL-MEDIA,2.5,4.17,0.0,1,23,['r'],"['agile', 'aws', 'azure', 'communication', 'computer vision', 'data analysis', 'data mining', 'data visualization', 'deep learning', 'git', 'machine learning', 'matplotlib', 'neural network', 'nlp', 'numpy', 'pandas', 'python', 'pytorch', 'scikit', 'sql', 'statistics', 'tableau', 'tensorflow']"
2109,DIGITAL-MEDIA,2.5,4.17,0.0,1,23,['r'],"['agile', 'aws', 'azure', 'communication', 'computer vision', 'data analysis', 'data mining', 'data visualization', 'deep learning', 'git', 'machine learning', 'matplotlib', 'neural network', 'nlp', 'numpy', 'pandas', 'python', 'pytorch', 'scikit', 'sql', 'statistics', 'tableau', 'tensorflow']"
2110,DIGITAL-MEDIA,2.5,4.17,0.0,1,23,['r'],"['agile', 'aws', 'azure', 'communication', 'computer vision', 'data analysis', 'data mining', 'data visualization', 'deep learning', 'git', 'machine learning', 'matplotlib', 'neural network', 'nlp', 'numpy', 'pandas', 'python', 'pytorch', 'scikit', 'sql', 'statistics', 'tableau', 'tensorflow']"
2111,CONSULTANT,2.5,4.17,0.0,1,23,['r'],"['agile', 'aws', 'azure', 'communication', 'computer vision', 'data analysis', 'data mining', 'data visualization', 'deep learning', 'git', 'machine learning', 'matplotlib', 'neural network', 'nlp', 'numpy', 'pandas', 'python', 'pytorch', 'scikit', 'sql', 'statistics', 'tableau', 'tensorflow']"
2112,CONSULTANT,2.5,4.17,0.0,1,23,['r'],"['agile', 'aws', 'azure', 'communication', 'computer vision', 'data analysis', 'data mining', 'data visualization', 'deep learning', 'git', 'machine learning', 'matplotlib', 'neural network', 'nlp', 'numpy', 'pandas', 'python', 'pytorch', 'scikit', 'sql', 'statistics', 'tableau', 'tensorflow']"
2113,CONSULTANT,2.5,4.17,0.0,1,23,['r'],"['agile', 'aws', 'azure', 'communication', 'computer vision', 'data analysis', 'data mining', 'data visualization', 'deep learning', 'git', 'machine learning', 'matplotlib', 'neural network', 'nlp', 'numpy', 'pandas', 'python', 'pytorch', 'scikit', 'sql', 'statistics', 'tableau', 'tensorflow']"
2114,CONSULTANT,2.5,4.17,0.0,1,23,['r'],"['agile', 'aws', 'azure', 'communication', 'computer vision', 'data analysis', 'data mining', 'data visualization', 'deep learning', 'git', 'machine learning', 'matplotlib', 'neural network', 'nlp', 'numpy', 'pandas', 'python', 'pytorch', 'scikit', 'sql', 'statistics', 'tableau', 'tensorflow']"
2115,CONSULTANT,2.5,4.17,0.0,1,23,['r'],"['agile', 'aws', 'azure', 'communication', 'computer vision', 'data analysis', 'data mining', 'data visualization', 'deep learning', 'git', 'machine learning', 'matplotlib', 'neural network', 'nlp', 'numpy', 'pandas', 'python', 'pytorch', 'scikit', 'sql', 'statistics', 'tableau', 'tensorflow']"
2116,CONSULTANT,2.5,4.17,0.0,1,23,['r'],"['agile', 'aws', 'azure', 'communication', 'computer vision', 'data analysis', 'data mining', 'data visualization', 'deep learning', 'git', 'machine learning', 'matplotlib', 'neural network', 'nlp', 'numpy', 'pandas', 'python', 'pytorch', 'scikit', 'sql', 'statistics', 'tableau', 'tensorflow']"
2117,CONSULTANT,2.5,4.17,0.0,1,23,['r'],"['agile', 'aws', 'azure', 'communication', 'computer vision', 'data analysis', 'data mining', 'data visualization', 'deep learning', 'git', 'machine learning', 'matplotlib', 'neural network', 'nlp', 'numpy', 'pandas', 'python', 'pytorch', 'scikit', 'sql', 'statistics', 'tableau', 'tensorflow']"
2118,CONSULTANT,2.5,4.17,0.0,1,23,['r'],"['agile', 'aws', 'azure', 'communication', 'computer vision', 'data analysis', 'data mining', 'data visualization', 'deep learning', 'git', 'machine learning', 'matplotlib', 'neural network', 'nlp', 'numpy', 'pandas', 'python', 'pytorch', 'scikit', 'sql', 'statistics', 'tableau', 'tensorflow']"
2119,CONSULTANT,2.5,4.17,0.0,1,23,['r'],"['agile', 'aws', 'azure', 'communication', 'computer vision', 'data analysis', 'data mining', 'data visualization', 'deep learning', 'git', 'machine learning', 'matplotlib', 'neural network', 'nlp', 'numpy', 'pandas', 'python', 'pytorch', 'scikit', 'sql', 'statistics', 'tableau', 'tensorflow']"
2120,CONSULTANT,2.5,4.17,0.0,1,23,['r'],"['agile', 'aws', 'azure', 'communication', 'computer vision', 'data analysis', 'data mining', 'data visualization', 'deep learning', 'git', 'machine learning', 'matplotlib', 'neural network', 'nlp', 'numpy', 'pandas', 'python', 'pytorch', 'scikit', 'sql', 'statistics', 'tableau', 'tensorflow']"
2121,CONSULTANT,2.5,4.17,0.0,1,23,['r'],"['agile', 'aws', 'azure', 'communication', 'computer vision', 'data analysis', 'data mining', 'data visualization', 'deep learning', 'git', 'machine learning', 'matplotlib', 'neural network', 'nlp', 'numpy', 'pandas', 'python', 'pytorch', 'scikit', 'sql', 'statistics', 'tableau', 'tensorflow']"
2122,CONSULTANT,2.5,4.17,0.0,1,23,['r'],"['agile', 'aws', 'azure', 'communication', 'computer vision', 'data analysis', 'data mining', 'data visualization', 'deep learning', 'git', 'machine learning', 'matplotlib', 'neural network', 'nlp', 'numpy', 'pandas', 'python', 'pytorch', 'scikit', 'sql', 'statistics', 'tableau', 'tensorflow']"
2123,CONSULTANT,2.5,4.17,0.0,1,23,['r'],"['agile', 'aws', 'azure', 'communication', 'computer vision', 'data analysis', 'data mining', 'data visualization', 'deep learning', 'git', 'machine learning', 'matplotlib', 'neural network', 'nlp', 'numpy', 'pandas', 'python', 'pytorch', 'scikit', 'sql', 'statistics', 'tableau', 'tensorflow']"
2124,CONSULTANT,2.5,4.17,0.0,1,23,['r'],"['agile', 'aws', 'azure', 'communication', 'computer vision', 'data analysis', 'data mining', 'data visualization', 'deep learning', 'git', 'machine learning', 'matplotlib', 'neural network', 'nlp', 'numpy', 'pandas', 'python', 'pytorch', 'scikit', 'sql', 'statistics', 'tableau', 'tensorflow']"
2125,CONSULTANT,2.5,4.17,0.0,1,23,['r'],"['agile', 'aws', 'azure', 'communication', 'computer vision', 'data analysis', 'data mining', 'data visualization', 'deep learning', 'git', 'machine learning', 'matplotlib', 'neural network', 'nlp', 'numpy', 'pandas', 'python', 'pytorch', 'scikit', 'sql', 'statistics', 'tableau', 'tensorflow']"
2126,CONSULTANT,2.5,4.17,0.0,1,23,['r'],"['agile', 'aws', 'azure', 'communication', 'computer vision', 'data analysis', 'data mining', 'data visualization', 'deep learning', 'git', 'machine learning', 'matplotlib', 'neural network', 'nlp', 'numpy', 'pandas', 'python', 'pytorch', 'scikit', 'sql', 'statistics', 'tableau', 'tensorflow']"
2127,CONSULTANT,2.5,4.17,0.0,1,23,['r'],"['agile', 'aws', 'azure', 'communication', 'computer vision', 'data analysis', 'data mining', 'data visualization', 'deep learning', 'git', 'machine learning', 'matplotlib', 'neural network', 'nlp', 'numpy', 'pandas', 'python', 'pytorch', 'scikit', 'sql', 'statistics', 'tableau', 'tensorflow']"
2128,CONSULTANT,2.5,4.17,0.0,1,23,['r'],"['agile', 'aws', 'azure', 'communication', 'computer vision', 'data analysis', 'data mining', 'data visualization', 'deep learning', 'git', 'machine learning', 'matplotlib', 'neural network', 'nlp', 'numpy', 'pandas', 'python', 'pytorch', 'scikit', 'sql', 'statistics', 'tableau', 'tensorflow']"
2129,SALES,2.5,4.17,0.0,1,23,['r'],"['agile', 'aws', 'azure', 'communication', 'computer vision', 'data analysis', 'data mining', 'data visualization', 'deep learning', 'git', 'machine learning', 'matplotlib', 'neural network', 'nlp', 'numpy', 'pandas', 'python', 'pytorch', 'scikit', 'sql', 'statistics', 'tableau', 'tensorflow']"
2130,SALES,2.5,4.17,0.0,1,23,['r'],"['agile', 'aws', 'azure', 'communication', 'computer vision', 'data analysis', 'data mining', 'data visualization', 'deep learning', 'git', 'machine learning', 'matplotlib', 'neural network', 'nlp', 'numpy', 'pandas', 'python', 'pytorch', 'scikit', 'sql', 'statistics', 'tableau', 'tensorflow']"
2131,SALES,2.5,4.17,0.0,1,23,['r'],"['agile', 'aws', 'azure', 'communication', 'computer vision', 'data analysis', 'data mining', 'data visualization', 'deep learning', 'git', 'machine learning', 'matplotlib', 'neural network', 'nlp', 'numpy', 'pandas', 'python', 'pytorch', 'scikit', 'sql', 'statistics', 'tableau', 'tensorflow']"
2132,CONSULTANT,2.5,4.17,0.0,1,23,['r'],"['agile', 'aws', 'azure', 'communication', 'computer vision', 'data analysis', 'data mining', 'data visualization', 'deep learning', 'git', 'machine learning', 'matplotlib', 'neural network', 'nlp', 'numpy', 'pandas', 'python', 'pytorch', 'scikit', 'sql', 'statistics', 'tableau', 'tensorflow']"
2133,CONSULTANT,2.5,4.17,0.0,1,23,['r'],"['agile', 'aws', 'azure', 'communication', 'computer vision', 'data analysis', 'data mining', 'data visualization', 'deep learning', 'git', 'machine learning', 'matplotlib', 'neural network', 'nlp', 'numpy', 'pandas', 'python', 'pytorch', 'scikit', 'sql', 'statistics', 'tableau', 'tensorflow']"
2134,CONSULTANT,2.5,4.17,0.0,1,23,['r'],"['agile', 'aws', 'azure', 'communication', 'computer vision', 'data analysis', 'data mining', 'data visualization', 'deep learning', 'git', 'machine learning', 'matplotlib', 'neural network', 'nlp', 'numpy', 'pandas', 'python', 'pytorch', 'scikit', 'sql', 'statistics', 'tableau', 'tensorflow']"
2135,CONSULTANT,2.5,4.17,0.0,1,23,['r'],"['agile', 'aws', 'azure', 'communication', 'computer vision', 'data analysis', 'data mining', 'data visualization', 'deep learning', 'git', 'machine learning', 'matplotlib', 'neural network', 'nlp', 'numpy', 'pandas', 'python', 'pytorch', 'scikit', 'sql', 'statistics', 'tableau', 'tensorflow']"
2136,CONSULTANT,2.5,4.17,0.0,1,23,['r'],"['agile', 'aws', 'azure', 'communication', 'computer vision', 'data analysis', 'data mining', 'data visualization', 'deep learning', 'git', 'machine learning', 'matplotlib', 'neural network', 'nlp', 'numpy', 'pandas', 'python', 'pytorch', 'scikit', 'sql', 'statistics', 'tableau', 'tensorflow']"
2137,CONSULTANT,2.5,4.17,0.0,1,23,['r'],"['agile', 'aws', 'azure', 'communication', 'computer vision', 'data analysis', 'data mining', 'data visualization', 'deep learning', 'git', 'machine learning', 'matplotlib', 'neural network', 'nlp', 'numpy', 'pandas', 'python', 'pytorch', 'scikit', 'sql', 'statistics', 'tableau', 'tensorflow']"
2138,CONSULTANT,2.5,4.17,0.0,1,23,['r'],"['agile', 'aws', 'azure', 'communication', 'computer vision', 'data analysis', 'data mining', 'data visualization', 'deep learning', 'git', 'machine learning', 'matplotlib', 'neural network', 'nlp', 'numpy', 'pandas', 'python', 'pytorch', 'scikit', 'sql', 'statistics', 'tableau', 'tensorflow']"
2139,CONSULTANT,2.5,4.17,0.0,1,23,['r'],"['agile', 'aws', 'azure', 'communication', 'computer vision', 'data analysis', 'data mining', 'data visualization', 'deep learning', 'git', 'machine learning', 'matplotlib', 'neural network', 'nlp', 'numpy', 'pandas', 'python', 'pytorch', 'scikit', 'sql', 'statistics', 'tableau', 'tensorflow']"
2140,CONSULTANT,2.5,4.17,0.0,1,23,['r'],"['agile', 'aws', 'azure', 'communication', 'computer vision', 'data analysis', 'data mining', 'data visualization', 'deep learning', 'git', 'machine learning', 'matplotlib', 'neural network', 'nlp', 'numpy', 'pandas', 'python', 'pytorch', 'scikit', 'sql', 'statistics', 'tableau', 'tensorflow']"
2141,CONSULTANT,2.5,4.17,0.0,1,23,['r'],"['agile', 'aws', 'azure', 'communication', 'computer vision', 'data analysis', 'data mining', 'data visualization', 'deep learning', 'git', 'machine learning', 'matplotlib', 'neural network', 'nlp', 'numpy', 'pandas', 'python', 'pytorch', 'scikit', 'sql', 'statistics', 'tableau', 'tensorflow']"
2142,CONSULTANT,2.5,4.17,0.0,1,23,['r'],"['agile', 'aws', 'azure', 'communication', 'computer vision', 'data analysis', 'data mining', 'data visualization', 'deep learning', 'git', 'machine learning', 'matplotlib', 'neural network', 'nlp', 'numpy', 'pandas', 'python', 'pytorch', 'scikit', 'sql', 'statistics', 'tableau', 'tensorflow']"
2143,CONSULTANT,2.5,4.17,0.0,1,23,['r'],"['agile', 'aws', 'azure', 'communication', 'computer vision', 'data analysis', 'data mining', 'data visualization', 'deep learning', 'git', 'machine learning', 'matplotlib', 'neural network', 'nlp', 'numpy', 'pandas', 'python', 'pytorch', 'scikit', 'sql', 'statistics', 'tableau', 'tensorflow']"
2144,CONSULTANT,2.5,4.17,0.0,1,23,['r'],"['agile', 'aws', 'azure', 'communication', 'computer vision', 'data analysis', 'data mining', 'data visualization', 'deep learning', 'git', 'machine learning', 'matplotlib', 'neural network', 'nlp', 'numpy', 'pandas', 'python', 'pytorch', 'scikit', 'sql', 'statistics', 'tableau', 'tensorflow']"
2145,CONSULTANT,2.5,4.17,0.0,1,23,['r'],"['agile', 'aws', 'azure', 'communication', 'computer vision', 'data analysis', 'data mining', 'data visualization', 'deep learning', 'git', 'machine learning', 'matplotlib', 'neural network', 'nlp', 'numpy', 'pandas', 'python', 'pytorch', 'scikit', 'sql', 'statistics', 'tableau', 'tensorflow']"
2146,CONSULTANT,2.5,4.17,0.0,1,23,['r'],"['agile', 'aws', 'azure', 'communication', 'computer vision', 'data analysis', 'data mining', 'data visualization', 'deep learning', 'git', 'machine learning', 'matplotlib', 'neural network', 'nlp', 'numpy', 'pandas', 'python', 'pytorch', 'scikit', 'sql', 'statistics', 'tableau', 'tensorflow']"
2147,CONSULTANT,2.5,4.17,0.0,1,23,['r'],"['agile', 'aws', 'azure', 'communication', 'computer vision', 'data analysis', 'data mining', 'data visualization', 'deep learning', 'git', 'machine learning', 'matplotlib', 'neural network', 'nlp', 'numpy', 'pandas', 'python', 'pytorch', 'scikit', 'sql', 'statistics', 'tableau', 'tensorflow']"
2148,CONSULTANT,2.5,4.17,0.0,1,23,['r'],"['agile', 'aws', 'azure', 'communication', 'computer vision', 'data analysis', 'data mining', 'data visualization', 'deep learning', 'git', 'machine learning', 'matplotlib', 'neural network', 'nlp', 'numpy', 'pandas', 'python', 'pytorch', 'scikit', 'sql', 'statistics', 'tableau', 'tensorflow']"
2149,CONSULTANT,2.5,4.17,0.0,1,23,['r'],"['agile', 'aws', 'azure', 'communication', 'computer vision', 'data analysis', 'data mining', 'data visualization', 'deep learning', 'git', 'machine learning', 'matplotlib', 'neural network', 'nlp', 'numpy', 'pandas', 'python', 'pytorch', 'scikit', 'sql', 'statistics', 'tableau', 'tensorflow']"
2150,CONSULTANT,2.5,4.17,0.0,1,23,['r'],"['agile', 'aws', 'azure', 'communication', 'computer vision', 'data analysis', 'data mining', 'data visualization', 'deep learning', 'git', 'machine learning', 'matplotlib', 'neural network', 'nlp', 'numpy', 'pandas', 'python', 'pytorch', 'scikit', 'sql', 'statistics', 'tableau', 'tensorflow']"
2151,CONSULTANT,2.5,4.17,0.0,1,23,['r'],"['agile', 'aws', 'azure', 'communication', 'computer vision', 'data analysis', 'data mining', 'data visualization', 'deep learning', 'git', 'machine learning', 'matplotlib', 'neural network', 'nlp', 'numpy', 'pandas', 'python', 'pytorch', 'scikit', 'sql', 'statistics', 'tableau', 'tensorflow']"
2152,CONSULTANT,2.5,4.17,0.0,1,23,['r'],"['agile', 'aws', 'azure', 'communication', 'computer vision', 'data analysis', 'data mining', 'data visualization', 'deep learning', 'git', 'machine learning', 'matplotlib', 'neural network', 'nlp', 'numpy', 'pandas', 'python', 'pytorch', 'scikit', 'sql', 'statistics', 'tableau', 'tensorflow']"
2153,CONSULTANT,2.5,4.17,0.0,1,23,['r'],"['agile', 'aws', 'azure', 'communication', 'computer vision', 'data analysis', 'data mining', 'data visualization', 'deep learning', 'git', 'machine learning', 'matplotlib', 'neural network', 'nlp', 'numpy', 'pandas', 'python', 'pytorch', 'scikit', 'sql', 'statistics', 'tableau', 'tensorflow']"
2154,CONSULTANT,2.5,4.17,0.0,1,23,['r'],"['agile', 'aws', 'azure', 'communication', 'computer vision', 'data analysis', 'data mining', 'data visualization', 'deep learning', 'git', 'machine learning', 'matplotlib', 'neural network', 'nlp', 'numpy', 'pandas', 'python', 'pytorch', 'scikit', 'sql', 'statistics', 'tableau', 'tensorflow']"
2155,CONSULTANT,2.5,4.17,0.0,1,23,['r'],"['agile', 'aws', 'azure', 'communication', 'computer vision', 'data analysis', 'data mining', 'data visualization', 'deep learning', 'git', 'machine learning', 'matplotlib', 'neural network', 'nlp', 'numpy', 'pandas', 'python', 'pytorch', 'scikit', 'sql', 'statistics', 'tableau', 'tensorflow']"
2156,CONSULTANT,2.5,4.17,0.0,1,23,['r'],"['agile', 'aws', 'azure', 'communication', 'computer vision', 'data analysis', 'data mining', 'data visualization', 'deep learning', 'git', 'machine learning', 'matplotlib', 'neural network', 'nlp', 'numpy', 'pandas', 'python', 'pytorch', 'scikit', 'sql', 'statistics', 'tableau', 'tensorflow']"
2157,CONSULTANT,2.5,4.17,0.0,1,23,['r'],"['agile', 'aws', 'azure', 'communication', 'computer vision', 'data analysis', 'data mining', 'data visualization', 'deep learning', 'git', 'machine learning', 'matplotlib', 'neural network', 'nlp', 'numpy', 'pandas', 'python', 'pytorch', 'scikit', 'sql', 'statistics', 'tableau', 'tensorflow']"
2158,CONSULTANT,2.5,4.17,0.0,1,23,['r'],"['agile', 'aws', 'azure', 'communication', 'computer vision', 'data analysis', 'data mining', 'data visualization', 'deep learning', 'git', 'machine learning', 'matplotlib', 'neural network', 'nlp', 'numpy', 'pandas', 'python', 'pytorch', 'scikit', 'sql', 'statistics', 'tableau', 'tensorflow']"
2159,CONSULTANT,2.5,4.17,0.0,1,23,['r'],"['agile', 'aws', 'azure', 'communication', 'computer vision', 'data analysis', 'data mining', 'data visualization', 'deep learning', 'git', 'machine learning', 'matplotlib', 'neural network', 'nlp', 'numpy', 'pandas', 'python', 'pytorch', 'scikit', 'sql', 'statistics', 'tableau', 'tensorflow']"
2160,CONSULTANT,2.5,4.17,0.0,1,23,['r'],"['agile', 'aws', 'azure', 'communication', 'computer vision', 'data analysis', 'data mining', 'data visualization', 'deep learning', 'git', 'machine learning', 'matplotlib', 'neural network', 'nlp', 'numpy', 'pandas', 'python', 'pytorch', 'scikit', 'sql', 'statistics', 'tableau', 'tensorflow']"
2161,CONSULTANT,2.5,4.17,0.0,1,23,['r'],"['agile', 'aws', 'azure', 'communication', 'computer vision', 'data analysis', 'data mining', 'data visualization', 'deep learning', 'git', 'machine learning', 'matplotlib', 'neural network', 'nlp', 'numpy', 'pandas', 'python', 'pytorch', 'scikit', 'sql', 'statistics', 'tableau', 'tensorflow']"
2162,CONSULTANT,2.5,4.17,0.0,1,23,['r'],"['agile', 'aws', 'azure', 'communication', 'computer vision', 'data analysis', 'data mining', 'data visualization', 'deep learning', 'git', 'machine learning', 'matplotlib', 'neural network', 'nlp', 'numpy', 'pandas', 'python', 'pytorch', 'scikit', 'sql', 'statistics', 'tableau', 'tensorflow']"
2163,CONSULTANT,2.5,4.17,0.0,1,23,['r'],"['agile', 'aws', 'azure', 'communication', 'computer vision', 'data analysis', 'data mining', 'data visualization', 'deep learning', 'git', 'machine learning', 'matplotlib', 'neural network', 'nlp', 'numpy', 'pandas', 'python', 'pytorch', 'scikit', 'sql', 'statistics', 'tableau', 'tensorflow']"
2164,CONSULTANT,2.5,4.17,0.0,1,23,['r'],"['agile', 'aws', 'azure', 'communication', 'computer vision', 'data analysis', 'data mining', 'data visualization', 'deep learning', 'git', 'machine learning', 'matplotlib', 'neural network', 'nlp', 'numpy', 'pandas', 'python', 'pytorch', 'scikit', 'sql', 'statistics', 'tableau', 'tensorflow']"
2165,CONSULTANT,2.5,4.17,0.0,1,23,['r'],"['agile', 'aws', 'azure', 'communication', 'computer vision', 'data analysis', 'data mining', 'data visualization', 'deep learning', 'git', 'machine learning', 'matplotlib', 'neural network', 'nlp', 'numpy', 'pandas', 'python', 'pytorch', 'scikit', 'sql', 'statistics', 'tableau', 'tensorflow']"
2166,CONSULTANT,2.5,4.17,0.0,1,23,['r'],"['agile', 'aws', 'azure', 'communication', 'computer vision', 'data analysis', 'data mining', 'data visualization', 'deep learning', 'git', 'machine learning', 'matplotlib', 'neural network', 'nlp', 'numpy', 'pandas', 'python', 'pytorch', 'scikit', 'sql', 'statistics', 'tableau', 'tensorflow']"
2167,CONSULTANT,2.5,4.17,0.0,1,23,['r'],"['agile', 'aws', 'azure', 'communication', 'computer vision', 'data analysis', 'data mining', 'data visualization', 'deep learning', 'git', 'machine learning', 'matplotlib', 'neural network', 'nlp', 'numpy', 'pandas', 'python', 'pytorch', 'scikit', 'sql', 'statistics', 'tableau', 'tensorflow']"
2168,CONSULTANT,2.5,4.17,0.0,1,23,['r'],"['agile', 'aws', 'azure', 'communication', 'computer vision', 'data analysis', 'data mining', 'data visualization', 'deep learning', 'git', 'machine learning', 'matplotlib', 'neural network', 'nlp', 'numpy', 'pandas', 'python', 'pytorch', 'scikit', 'sql', 'statistics', 'tableau', 'tensorflow']"
2169,CONSULTANT,2.5,4.17,0.0,1,23,['r'],"['agile', 'aws', 'azure', 'communication', 'computer vision', 'data analysis', 'data mining', 'data visualization', 'deep learning', 'git', 'machine learning', 'matplotlib', 'neural network', 'nlp', 'numpy', 'pandas', 'python', 'pytorch', 'scikit', 'sql', 'statistics', 'tableau', 'tensorflow']"
2170,CONSULTANT,2.5,4.17,0.0,1,23,['r'],"['agile', 'aws', 'azure', 'communication', 'computer vision', 'data analysis', 'data mining', 'data visualization', 'deep learning', 'git', 'machine learning', 'matplotlib', 'neural network', 'nlp', 'numpy', 'pandas', 'python', 'pytorch', 'scikit', 'sql', 'statistics', 'tableau', 'tensorflow']"
2171,CONSULTANT,2.5,4.17,0.0,1,23,['r'],"['agile', 'aws', 'azure', 'communication', 'computer vision', 'data analysis', 'data mining', 'data visualization', 'deep learning', 'git', 'machine learning', 'matplotlib', 'neural network', 'nlp', 'numpy', 'pandas', 'python', 'pytorch', 'scikit', 'sql', 'statistics', 'tableau', 'tensorflow']"
2172,CONSULTANT,2.5,4.17,0.0,1,23,['r'],"['agile', 'aws', 'azure', 'communication', 'computer vision', 'data analysis', 'data mining', 'data visualization', 'deep learning', 'git', 'machine learning', 'matplotlib', 'neural network', 'nlp', 'numpy', 'pandas', 'python', 'pytorch', 'scikit', 'sql', 'statistics', 'tableau', 'tensorflow']"
2173,CONSULTANT,2.5,4.17,0.0,1,23,['r'],"['agile', 'aws', 'azure', 'communication', 'computer vision', 'data analysis', 'data mining', 'data visualization', 'deep learning', 'git', 'machine learning', 'matplotlib', 'neural network', 'nlp', 'numpy', 'pandas', 'python', 'pytorch', 'scikit', 'sql', 'statistics', 'tableau', 'tensorflow']"
2174,CONSULTANT,2.5,4.17,0.0,1,23,['r'],"['agile', 'aws', 'azure', 'communication', 'computer vision', 'data analysis', 'data mining', 'data visualization', 'deep learning', 'git', 'machine learning', 'matplotlib', 'neural network', 'nlp', 'numpy', 'pandas', 'python', 'pytorch', 'scikit', 'sql', 'statistics', 'tableau', 'tensorflow']"
2175,CONSULTANT,2.5,4.17,0.0,1,23,['r'],"['agile', 'aws', 'azure', 'communication', 'computer vision', 'data analysis', 'data mining', 'data visualization', 'deep learning', 'git', 'machine learning', 'matplotlib', 'neural network', 'nlp', 'numpy', 'pandas', 'python', 'pytorch', 'scikit', 'sql', 'statistics', 'tableau', 'tensorflow']"
2176,CONSULTANT,2.5,4.17,0.0,1,23,['r'],"['agile', 'aws', 'azure', 'communication', 'computer vision', 'data analysis', 'data mining', 'data visualization', 'deep learning', 'git', 'machine learning', 'matplotlib', 'neural network', 'nlp', 'numpy', 'pandas', 'python', 'pytorch', 'scikit', 'sql', 'statistics', 'tableau', 'tensorflow']"
2177,CONSULTANT,2.5,4.17,0.0,1,23,['r'],"['agile', 'aws', 'azure', 'communication', 'computer vision', 'data analysis', 'data mining', 'data visualization', 'deep learning', 'git', 'machine learning', 'matplotlib', 'neural network', 'nlp', 'numpy', 'pandas', 'python', 'pytorch', 'scikit', 'sql', 'statistics', 'tableau', 'tensorflow']"
2178,CONSULTANT,2.5,4.17,0.0,1,23,['r'],"['agile', 'aws', 'azure', 'communication', 'computer vision', 'data analysis', 'data mining', 'data visualization', 'deep learning', 'git', 'machine learning', 'matplotlib', 'neural network', 'nlp', 'numpy', 'pandas', 'python', 'pytorch', 'scikit', 'sql', 'statistics', 'tableau', 'tensorflow']"
2179,CONSULTANT,2.5,4.17,0.0,1,23,['r'],"['agile', 'aws', 'azure', 'communication', 'computer vision', 'data analysis', 'data mining', 'data visualization', 'deep learning', 'git', 'machine learning', 'matplotlib', 'neural network', 'nlp', 'numpy', 'pandas', 'python', 'pytorch', 'scikit', 'sql', 'statistics', 'tableau', 'tensorflow']"
2180,CONSULTANT,2.5,4.17,0.0,1,23,['r'],"['agile', 'aws', 'azure', 'communication', 'computer vision', 'data analysis', 'data mining', 'data visualization', 'deep learning', 'git', 'machine learning', 'matplotlib', 'neural network', 'nlp', 'numpy', 'pandas', 'python', 'pytorch', 'scikit', 'sql', 'statistics', 'tableau', 'tensorflow']"
2181,CONSULTANT,2.5,4.17,0.0,1,23,['r'],"['agile', 'aws', 'azure', 'communication', 'computer vision', 'data analysis', 'data mining', 'data visualization', 'deep learning', 'git', 'machine learning', 'matplotlib', 'neural network', 'nlp', 'numpy', 'pandas', 'python', 'pytorch', 'scikit', 'sql', 'statistics', 'tableau', 'tensorflow']"
2182,CONSULTANT,2.5,4.17,0.0,1,23,['r'],"['agile', 'aws', 'azure', 'communication', 'computer vision', 'data analysis', 'data mining', 'data visualization', 'deep learning', 'git', 'machine learning', 'matplotlib', 'neural network', 'nlp', 'numpy', 'pandas', 'python', 'pytorch', 'scikit', 'sql', 'statistics', 'tableau', 'tensorflow']"
2183,CONSULTANT,2.5,4.17,0.0,1,23,['r'],"['agile', 'aws', 'azure', 'communication', 'computer vision', 'data analysis', 'data mining', 'data visualization', 'deep learning', 'git', 'machine learning', 'matplotlib', 'neural network', 'nlp', 'numpy', 'pandas', 'python', 'pytorch', 'scikit', 'sql', 'statistics', 'tableau', 'tensorflow']"
2184,CONSULTANT,2.5,4.17,0.0,1,23,['r'],"['agile', 'aws', 'azure', 'communication', 'computer vision', 'data analysis', 'data mining', 'data visualization', 'deep learning', 'git', 'machine learning', 'matplotlib', 'neural network', 'nlp', 'numpy', 'pandas', 'python', 'pytorch', 'scikit', 'sql', 'statistics', 'tableau', 'tensorflow']"
2185,CONSULTANT,2.5,4.17,0.0,1,23,['r'],"['agile', 'aws', 'azure', 'communication', 'computer vision', 'data analysis', 'data mining', 'data visualization', 'deep learning', 'git', 'machine learning', 'matplotlib', 'neural network', 'nlp', 'numpy', 'pandas', 'python', 'pytorch', 'scikit', 'sql', 'statistics', 'tableau', 'tensorflow']"
2186,HEALTHCARE,2.5,4.17,0.0,1,23,['r'],"['agile', 'aws', 'azure', 'communication', 'computer vision', 'data analysis', 'data mining', 'data visualization', 'deep learning', 'git', 'machine learning', 'matplotlib', 'neural network', 'nlp', 'numpy', 'pandas', 'python', 'pytorch', 'scikit', 'sql', 'statistics', 'tableau', 'tensorflow']"
2187,HEALTHCARE,2.5,4.17,0.0,1,23,['r'],"['agile', 'aws', 'azure', 'communication', 'computer vision', 'data analysis', 'data mining', 'data visualization', 'deep learning', 'git', 'machine learning', 'matplotlib', 'neural network', 'nlp', 'numpy', 'pandas', 'python', 'pytorch', 'scikit', 'sql', 'statistics', 'tableau', 'tensorflow']"
2188,HEALTHCARE,2.5,4.17,0.0,1,23,['r'],"['agile', 'aws', 'azure', 'communication', 'computer vision', 'data analysis', 'data mining', 'data visualization', 'deep learning', 'git', 'machine learning', 'matplotlib', 'neural network', 'nlp', 'numpy', 'pandas', 'python', 'pytorch', 'scikit', 'sql', 'statistics', 'tableau', 'tensorflow']"
2189,HEALTHCARE,2.5,4.17,0.0,1,23,['r'],"['agile', 'aws', 'azure', 'communication', 'computer vision', 'data analysis', 'data mining', 'data visualization', 'deep learning', 'git', 'machine learning', 'matplotlib', 'neural network', 'nlp', 'numpy', 'pandas', 'python', 'pytorch', 'scikit', 'sql', 'statistics', 'tableau', 'tensorflow']"
2190,HEALTHCARE,2.5,4.17,0.0,1,23,['r'],"['agile', 'aws', 'azure', 'communication', 'computer vision', 'data analysis', 'data mining', 'data visualization', 'deep learning', 'git', 'machine learning', 'matplotlib', 'neural network', 'nlp', 'numpy', 'pandas', 'python', 'pytorch', 'scikit', 'sql', 'statistics', 'tableau', 'tensorflow']"
2191,HEALTHCARE,2.5,4.17,0.0,1,23,['r'],"['agile', 'aws', 'azure', 'communication', 'computer vision', 'data analysis', 'data mining', 'data visualization', 'deep learning', 'git', 'machine learning', 'matplotlib', 'neural network', 'nlp', 'numpy', 'pandas', 'python', 'pytorch', 'scikit', 'sql', 'statistics', 'tableau', 'tensorflow']"
2192,HEALTHCARE,2.5,4.17,0.0,1,23,['r'],"['agile', 'aws', 'azure', 'communication', 'computer vision', 'data analysis', 'data mining', 'data visualization', 'deep learning', 'git', 'machine learning', 'matplotlib', 'neural network', 'nlp', 'numpy', 'pandas', 'python', 'pytorch', 'scikit', 'sql', 'statistics', 'tableau', 'tensorflow']"
2193,HEALTHCARE,2.5,4.17,0.0,1,23,['r'],"['agile', 'aws', 'azure', 'communication', 'computer vision', 'data analysis', 'data mining', 'data visualization', 'deep learning', 'git', 'machine learning', 'matplotlib', 'neural network', 'nlp', 'numpy', 'pandas', 'python', 'pytorch', 'scikit', 'sql', 'statistics', 'tableau', 'tensorflow']"
2194,AGRICULTURE,2.5,4.17,0.0,1,23,['r'],"['agile', 'aws', 'azure', 'communication', 'computer vision', 'data analysis', 'data mining', 'data visualization', 'deep learning', 'git', 'machine learning', 'matplotlib', 'neural network', 'nlp', 'numpy', 'pandas', 'python', 'pytorch', 'scikit', 'sql', 'statistics', 'tableau', 'tensorflow']"
2195,HEALTHCARE,2.5,4.17,0.0,1,23,['r'],"['agile', 'aws', 'azure', 'communication', 'computer vision', 'data analysis', 'data mining', 'data visualization', 'deep learning', 'git', 'machine learning', 'matplotlib', 'neural network', 'nlp', 'numpy', 'pandas', 'python', 'pytorch', 'scikit', 'sql', 'statistics', 'tableau', 'tensorflow']"
2196,HEALTHCARE,2.5,4.17,0.0,1,23,['r'],"['agile', 'aws', 'azure', 'communication', 'computer vision', 'data analysis', 'data mining', 'data visualization', 'deep learning', 'git', 'machine learning', 'matplotlib', 'neural network', 'nlp', 'numpy', 'pandas', 'python', 'pytorch', 'scikit', 'sql', 'statistics', 'tableau', 'tensorflow']"
2197,HEALTHCARE,2.5,4.17,0.0,1,23,['r'],"['agile', 'aws', 'azure', 'communication', 'computer vision', 'data analysis', 'data mining', 'data visualization', 'deep learning', 'git', 'machine learning', 'matplotlib', 'neural network', 'nlp', 'numpy', 'pandas', 'python', 'pytorch', 'scikit', 'sql', 'statistics', 'tableau', 'tensorflow']"
2198,HEALTHCARE,2.5,4.17,0.0,1,23,['r'],"['agile', 'aws', 'azure', 'communication', 'computer vision', 'data analysis', 'data mining', 'data visualization', 'deep learning', 'git', 'machine learning', 'matplotlib', 'neural network', 'nlp', 'numpy', 'pandas', 'python', 'pytorch', 'scikit', 'sql', 'statistics', 'tableau', 'tensorflow']"
2199,HEALTHCARE,2.5,4.17,0.0,1,23,['r'],"['agile', 'aws', 'azure', 'communication', 'computer vision', 'data analysis', 'data mining', 'data visualization', 'deep learning', 'git', 'machine learning', 'matplotlib', 'neural network', 'nlp', 'numpy', 'pandas', 'python', 'pytorch', 'scikit', 'sql', 'statistics', 'tableau', 'tensorflow']"
2200,HEALTHCARE,2.5,4.17,0.0,1,23,['r'],"['agile', 'aws', 'azure', 'communication', 'computer vision', 'data analysis', 'data mining', 'data visualization', 'deep learning', 'git', 'machine learning', 'matplotlib', 'neural network', 'nlp', 'numpy', 'pandas', 'python', 'pytorch', 'scikit', 'sql', 'statistics', 'tableau', 'tensorflow']"
2201,HEALTHCARE,2.5,4.17,0.0,1,23,['r'],"['agile', 'aws', 'azure', 'communication', 'computer vision', 'data analysis', 'data mining', 'data visualization', 'deep learning', 'git', 'machine learning', 'matplotlib', 'neural network', 'nlp', 'numpy', 'pandas', 'python', 'pytorch', 'scikit', 'sql', 'statistics', 'tableau', 'tensorflow']"
2202,HEALTHCARE,2.5,4.17,0.0,1,23,['r'],"['agile', 'aws', 'azure', 'communication', 'computer vision', 'data analysis', 'data mining', 'data visualization', 'deep learning', 'git', 'machine learning', 'matplotlib', 'neural network', 'nlp', 'numpy', 'pandas', 'python', 'pytorch', 'scikit', 'sql', 'statistics', 'tableau', 'tensorflow']"
2203,HEALTHCARE,2.5,4.17,0.0,1,23,['r'],"['agile', 'aws', 'azure', 'communication', 'computer vision', 'data analysis', 'data mining', 'data visualization', 'deep learning', 'git', 'machine learning', 'matplotlib', 'neural network', 'nlp', 'numpy', 'pandas', 'python', 'pytorch', 'scikit', 'sql', 'statistics', 'tableau', 'tensorflow']"
2204,HEALTHCARE,2.5,4.17,0.0,1,23,['r'],"['agile', 'aws', 'azure', 'communication', 'computer vision', 'data analysis', 'data mining', 'data visualization', 'deep learning', 'git', 'machine learning', 'matplotlib', 'neural network', 'nlp', 'numpy', 'pandas', 'python', 'pytorch', 'scikit', 'sql', 'statistics', 'tableau', 'tensorflow']"
2205,HEALTHCARE,2.5,4.17,0.0,1,23,['r'],"['agile', 'aws', 'azure', 'communication', 'computer vision', 'data analysis', 'data mining', 'data visualization', 'deep learning', 'git', 'machine learning', 'matplotlib', 'neural network', 'nlp', 'numpy', 'pandas', 'python', 'pytorch', 'scikit', 'sql', 'statistics', 'tableau', 'tensorflow']"
2206,HEALTHCARE,2.5,4.17,0.0,1,23,['r'],"['agile', 'aws', 'azure', 'communication', 'computer vision', 'data analysis', 'data mining', 'data visualization', 'deep learning', 'git', 'machine learning', 'matplotlib', 'neural network', 'nlp', 'numpy', 'pandas', 'python', 'pytorch', 'scikit', 'sql', 'statistics', 'tableau', 'tensorflow']"
2207,HEALTHCARE,2.5,4.17,0.0,1,23,['r'],"['agile', 'aws', 'azure', 'communication', 'computer vision', 'data analysis', 'data mining', 'data visualization', 'deep learning', 'git', 'machine learning', 'matplotlib', 'neural network', 'nlp', 'numpy', 'pandas', 'python', 'pytorch', 'scikit', 'sql', 'statistics', 'tableau', 'tensorflow']"
2208,HEALTHCARE,2.5,4.17,0.0,1,23,['r'],"['agile', 'aws', 'azure', 'communication', 'computer vision', 'data analysis', 'data mining', 'data visualization', 'deep learning', 'git', 'machine learning', 'matplotlib', 'neural network', 'nlp', 'numpy', 'pandas', 'python', 'pytorch', 'scikit', 'sql', 'statistics', 'tableau', 'tensorflow']"
2209,HEALTHCARE,2.5,4.17,0.0,1,23,['r'],"['agile', 'aws', 'azure', 'communication', 'computer vision', 'data analysis', 'data mining', 'data visualization', 'deep learning', 'git', 'machine learning', 'matplotlib', 'neural network', 'nlp', 'numpy', 'pandas', 'python', 'pytorch', 'scikit', 'sql', 'statistics', 'tableau', 'tensorflow']"
2210,HEALTHCARE,2.5,4.17,0.0,1,23,['r'],"['agile', 'aws', 'azure', 'communication', 'computer vision', 'data analysis', 'data mining', 'data visualization', 'deep learning', 'git', 'machine learning', 'matplotlib', 'neural network', 'nlp', 'numpy', 'pandas', 'python', 'pytorch', 'scikit', 'sql', 'statistics', 'tableau', 'tensorflow']"
2211,HEALTHCARE,2.5,4.17,0.0,1,23,['r'],"['agile', 'aws', 'azure', 'communication', 'computer vision', 'data analysis', 'data mining', 'data visualization', 'deep learning', 'git', 'machine learning', 'matplotlib', 'neural network', 'nlp', 'numpy', 'pandas', 'python', 'pytorch', 'scikit', 'sql', 'statistics', 'tableau', 'tensorflow']"
2212,HEALTHCARE,2.5,4.17,0.0,1,23,['r'],"['agile', 'aws', 'azure', 'communication', 'computer vision', 'data analysis', 'data mining', 'data visualization', 'deep learning', 'git', 'machine learning', 'matplotlib', 'neural network', 'nlp', 'numpy', 'pandas', 'python', 'pytorch', 'scikit', 'sql', 'statistics', 'tableau', 'tensorflow']"
2213,HEALTHCARE,2.5,4.17,0.0,1,23,['r'],"['agile', 'aws', 'azure', 'communication', 'computer vision', 'data analysis', 'data mining', 'data visualization', 'deep learning', 'git', 'machine learning', 'matplotlib', 'neural network', 'nlp', 'numpy', 'pandas', 'python', 'pytorch', 'scikit', 'sql', 'statistics', 'tableau', 'tensorflow']"
2214,HEALTHCARE,2.5,4.17,0.0,1,23,['r'],"['agile', 'aws', 'azure', 'communication', 'computer vision', 'data analysis', 'data mining', 'data visualization', 'deep learning', 'git', 'machine learning', 'matplotlib', 'neural network', 'nlp', 'numpy', 'pandas', 'python', 'pytorch', 'scikit', 'sql', 'statistics', 'tableau', 'tensorflow']"
2215,HEALTHCARE,2.5,4.17,0.0,1,23,['r'],"['agile', 'aws', 'azure', 'communication', 'computer vision', 'data analysis', 'data mining', 'data visualization', 'deep learning', 'git', 'machine learning', 'matplotlib', 'neural network', 'nlp', 'numpy', 'pandas', 'python', 'pytorch', 'scikit', 'sql', 'statistics', 'tableau', 'tensorflow']"
2216,HEALTHCARE,2.5,4.17,0.0,1,23,['r'],"['agile', 'aws', 'azure', 'communication', 'computer vision', 'data analysis', 'data mining', 'data visualization', 'deep learning', 'git', 'machine learning', 'matplotlib', 'neural network', 'nlp', 'numpy', 'pandas', 'python', 'pytorch', 'scikit', 'sql', 'statistics', 'tableau', 'tensorflow']"
2217,HEALTHCARE,2.5,4.17,0.0,1,23,['r'],"['agile', 'aws', 'azure', 'communication', 'computer vision', 'data analysis', 'data mining', 'data visualization', 'deep learning', 'git', 'machine learning', 'matplotlib', 'neural network', 'nlp', 'numpy', 'pandas', 'python', 'pytorch', 'scikit', 'sql', 'statistics', 'tableau', 'tensorflow']"
2218,HEALTHCARE,2.5,4.17,0.0,1,23,['r'],"['agile', 'aws', 'azure', 'communication', 'computer vision', 'data analysis', 'data mining', 'data visualization', 'deep learning', 'git', 'machine learning', 'matplotlib', 'neural network', 'nlp', 'numpy', 'pandas', 'python', 'pytorch', 'scikit', 'sql', 'statistics', 'tableau', 'tensorflow']"
2219,HEALTHCARE,2.5,4.17,0.0,1,23,['r'],"['agile', 'aws', 'azure', 'communication', 'computer vision', 'data analysis', 'data mining', 'data visualization', 'deep learning', 'git', 'machine learning', 'matplotlib', 'neural network', 'nlp', 'numpy', 'pandas', 'python', 'pytorch', 'scikit', 'sql', 'statistics', 'tableau', 'tensorflow']"
2220,HEALTHCARE,2.5,4.17,0.0,1,23,['r'],"['agile', 'aws', 'azure', 'communication', 'computer vision', 'data analysis', 'data mining', 'data visualization', 'deep learning', 'git', 'machine learning', 'matplotlib', 'neural network', 'nlp', 'numpy', 'pandas', 'python', 'pytorch', 'scikit', 'sql', 'statistics', 'tableau', 'tensorflow']"
2221,HEALTHCARE,2.5,4.17,0.0,1,23,['r'],"['agile', 'aws', 'azure', 'communication', 'computer vision', 'data analysis', 'data mining', 'data visualization', 'deep learning', 'git', 'machine learning', 'matplotlib', 'neural network', 'nlp', 'numpy', 'pandas', 'python', 'pytorch', 'scikit', 'sql', 'statistics', 'tableau', 'tensorflow']"
2222,HEALTHCARE,2.5,4.17,0.0,1,23,['r'],"['agile', 'aws', 'azure', 'communication', 'computer vision', 'data analysis', 'data mining', 'data visualization', 'deep learning', 'git', 'machine learning', 'matplotlib', 'neural network', 'nlp', 'numpy', 'pandas', 'python', 'pytorch', 'scikit', 'sql', 'statistics', 'tableau', 'tensorflow']"
2223,HEALTHCARE,2.5,4.17,0.0,1,23,['r'],"['agile', 'aws', 'azure', 'communication', 'computer vision', 'data analysis', 'data mining', 'data visualization', 'deep learning', 'git', 'machine learning', 'matplotlib', 'neural network', 'nlp', 'numpy', 'pandas', 'python', 'pytorch', 'scikit', 'sql', 'statistics', 'tableau', 'tensorflow']"
2224,HEALTHCARE,2.5,4.17,0.0,1,23,['r'],"['agile', 'aws', 'azure', 'communication', 'computer vision', 'data analysis', 'data mining', 'data visualization', 'deep learning', 'git', 'machine learning', 'matplotlib', 'neural network', 'nlp', 'numpy', 'pandas', 'python', 'pytorch', 'scikit', 'sql', 'statistics', 'tableau', 'tensorflow']"
2225,HEALTHCARE,2.5,4.17,0.0,1,23,['r'],"['agile', 'aws', 'azure', 'communication', 'computer vision', 'data analysis', 'data mining', 'data visualization', 'deep learning', 'git', 'machine learning', 'matplotlib', 'neural network', 'nlp', 'numpy', 'pandas', 'python', 'pytorch', 'scikit', 'sql', 'statistics', 'tableau', 'tensorflow']"
2226,HEALTHCARE,2.5,4.17,0.0,1,23,['r'],"['agile', 'aws', 'azure', 'communication', 'computer vision', 'data analysis', 'data mining', 'data visualization', 'deep learning', 'git', 'machine learning', 'matplotlib', 'neural network', 'nlp', 'numpy', 'pandas', 'python', 'pytorch', 'scikit', 'sql', 'statistics', 'tableau', 'tensorflow']"
2227,HEALTHCARE,2.5,4.17,0.0,1,23,['r'],"['agile', 'aws', 'azure', 'communication', 'computer vision', 'data analysis', 'data mining', 'data visualization', 'deep learning', 'git', 'machine learning', 'matplotlib', 'neural network', 'nlp', 'numpy', 'pandas', 'python', 'pytorch', 'scikit', 'sql', 'statistics', 'tableau', 'tensorflow']"
2228,HEALTHCARE,2.5,4.17,0.0,1,23,['r'],"['agile', 'aws', 'azure', 'communication', 'computer vision', 'data analysis', 'data mining', 'data visualization', 'deep learning', 'git', 'machine learning', 'matplotlib', 'neural network', 'nlp', 'numpy', 'pandas', 'python', 'pytorch', 'scikit', 'sql', 'statistics', 'tableau', 'tensorflow']"
2229,HEALTHCARE,2.5,4.17,0.0,1,23,['r'],"['agile', 'aws', 'azure', 'communication', 'computer vision', 'data analysis', 'data mining', 'data visualization', 'deep learning', 'git', 'machine learning', 'matplotlib', 'neural network', 'nlp', 'numpy', 'pandas', 'python', 'pytorch', 'scikit', 'sql', 'statistics', 'tableau', 'tensorflow']"
2230,HEALTHCARE,2.5,4.17,0.0,1,23,['r'],"['agile', 'aws', 'azure', 'communication', 'computer vision', 'data analysis', 'data mining', 'data visualization', 'deep learning', 'git', 'machine learning', 'matplotlib', 'neural network', 'nlp', 'numpy', 'pandas', 'python', 'pytorch', 'scikit', 'sql', 'statistics', 'tableau', 'tensorflow']"
2231,HEALTHCARE,2.5,4.17,0.0,1,23,['r'],"['agile', 'aws', 'azure', 'communication', 'computer vision', 'data analysis', 'data mining', 'data visualization', 'deep learning', 'git', 'machine learning', 'matplotlib', 'neural network', 'nlp', 'numpy', 'pandas', 'python', 'pytorch', 'scikit', 'sql', 'statistics', 'tableau', 'tensorflow']"
2232,HEALTHCARE,2.5,4.17,0.0,1,23,['r'],"['agile', 'aws', 'azure', 'communication', 'computer vision', 'data analysis', 'data mining', 'data visualization', 'deep learning', 'git', 'machine learning', 'matplotlib', 'neural network', 'nlp', 'numpy', 'pandas', 'python', 'pytorch', 'scikit', 'sql', 'statistics', 'tableau', 'tensorflow']"
2233,HEALTHCARE,2.5,4.17,0.0,1,23,['r'],"['agile', 'aws', 'azure', 'communication', 'computer vision', 'data analysis', 'data mining', 'data visualization', 'deep learning', 'git', 'machine learning', 'matplotlib', 'neural network', 'nlp', 'numpy', 'pandas', 'python', 'pytorch', 'scikit', 'sql', 'statistics', 'tableau', 'tensorflow']"
2234,HEALTHCARE,2.5,4.17,0.0,1,23,['r'],"['agile', 'aws', 'azure', 'communication', 'computer vision', 'data analysis', 'data mining', 'data visualization', 'deep learning', 'git', 'machine learning', 'matplotlib', 'neural network', 'nlp', 'numpy', 'pandas', 'python', 'pytorch', 'scikit', 'sql', 'statistics', 'tableau', 'tensorflow']"
2235,HEALTHCARE,2.5,4.17,0.0,1,23,['r'],"['agile', 'aws', 'azure', 'communication', 'computer vision', 'data analysis', 'data mining', 'data visualization', 'deep learning', 'git', 'machine learning', 'matplotlib', 'neural network', 'nlp', 'numpy', 'pandas', 'python', 'pytorch', 'scikit', 'sql', 'statistics', 'tableau', 'tensorflow']"
2236,HEALTHCARE,2.5,4.17,0.0,1,23,['r'],"['agile', 'aws', 'azure', 'communication', 'computer vision', 'data analysis', 'data mining', 'data visualization', 'deep learning', 'git', 'machine learning', 'matplotlib', 'neural network', 'nlp', 'numpy', 'pandas', 'python', 'pytorch', 'scikit', 'sql', 'statistics', 'tableau', 'tensorflow']"
2237,HEALTHCARE,2.5,4.17,0.0,1,23,['r'],"['agile', 'aws', 'azure', 'communication', 'computer vision', 'data analysis', 'data mining', 'data visualization', 'deep learning', 'git', 'machine learning', 'matplotlib', 'neural network', 'nlp', 'numpy', 'pandas', 'python', 'pytorch', 'scikit', 'sql', 'statistics', 'tableau', 'tensorflow']"
2238,HEALTHCARE,2.5,4.17,0.0,1,23,['r'],"['agile', 'aws', 'azure', 'communication', 'computer vision', 'data analysis', 'data mining', 'data visualization', 'deep learning', 'git', 'machine learning', 'matplotlib', 'neural network', 'nlp', 'numpy', 'pandas', 'python', 'pytorch', 'scikit', 'sql', 'statistics', 'tableau', 'tensorflow']"
2239,HEALTHCARE,2.5,4.17,0.0,1,23,['r'],"['agile', 'aws', 'azure', 'communication', 'computer vision', 'data analysis', 'data mining', 'data visualization', 'deep learning', 'git', 'machine learning', 'matplotlib', 'neural network', 'nlp', 'numpy', 'pandas', 'python', 'pytorch', 'scikit', 'sql', 'statistics', 'tableau', 'tensorflow']"
2240,HEALTHCARE,2.5,4.17,0.0,1,23,['r'],"['agile', 'aws', 'azure', 'communication', 'computer vision', 'data analysis', 'data mining', 'data visualization', 'deep learning', 'git', 'machine learning', 'matplotlib', 'neural network', 'nlp', 'numpy', 'pandas', 'python', 'pytorch', 'scikit', 'sql', 'statistics', 'tableau', 'tensorflow']"
2241,HEALTHCARE,2.5,4.17,0.0,1,23,['r'],"['agile', 'aws', 'azure', 'communication', 'computer vision', 'data analysis', 'data mining', 'data visualization', 'deep learning', 'git', 'machine learning', 'matplotlib', 'neural network', 'nlp', 'numpy', 'pandas', 'python', 'pytorch', 'scikit', 'sql', 'statistics', 'tableau', 'tensorflow']"
2242,HEALTHCARE,2.5,4.17,0.0,1,23,['r'],"['agile', 'aws', 'azure', 'communication', 'computer vision', 'data analysis', 'data mining', 'data visualization', 'deep learning', 'git', 'machine learning', 'matplotlib', 'neural network', 'nlp', 'numpy', 'pandas', 'python', 'pytorch', 'scikit', 'sql', 'statistics', 'tableau', 'tensorflow']"
2243,HEALTHCARE,2.5,4.17,0.0,1,23,['r'],"['agile', 'aws', 'azure', 'communication', 'computer vision', 'data analysis', 'data mining', 'data visualization', 'deep learning', 'git', 'machine learning', 'matplotlib', 'neural network', 'nlp', 'numpy', 'pandas', 'python', 'pytorch', 'scikit', 'sql', 'statistics', 'tableau', 'tensorflow']"
2244,HEALTHCARE,2.5,4.17,0.0,1,23,['r'],"['agile', 'aws', 'azure', 'communication', 'computer vision', 'data analysis', 'data mining', 'data visualization', 'deep learning', 'git', 'machine learning', 'matplotlib', 'neural network', 'nlp', 'numpy', 'pandas', 'python', 'pytorch', 'scikit', 'sql', 'statistics', 'tableau', 'tensorflow']"
2245,HEALTHCARE,2.5,4.17,0.0,1,23,['r'],"['agile', 'aws', 'azure', 'communication', 'computer vision', 'data analysis', 'data mining', 'data visualization', 'deep learning', 'git', 'machine learning', 'matplotlib', 'neural network', 'nlp', 'numpy', 'pandas', 'python', 'pytorch', 'scikit', 'sql', 'statistics', 'tableau', 'tensorflow']"
2246,HEALTHCARE,2.5,4.17,0.0,1,23,['r'],"['agile', 'aws', 'azure', 'communication', 'computer vision', 'data analysis', 'data mining', 'data visualization', 'deep learning', 'git', 'machine learning', 'matplotlib', 'neural network', 'nlp', 'numpy', 'pandas', 'python', 'pytorch', 'scikit', 'sql', 'statistics', 'tableau', 'tensorflow']"
2247,HEALTHCARE,2.5,4.17,0.0,1,23,['r'],"['agile', 'aws', 'azure', 'communication', 'computer vision', 'data analysis', 'data mining', 'data visualization', 'deep learning', 'git', 'machine learning', 'matplotlib', 'neural network', 'nlp', 'numpy', 'pandas', 'python', 'pytorch', 'scikit', 'sql', 'statistics', 'tableau', 'tensorflow']"
2248,HEALTHCARE,2.5,4.17,0.0,1,23,['r'],"['agile', 'aws', 'azure', 'communication', 'computer vision', 'data analysis', 'data mining', 'data visualization', 'deep learning', 'git', 'machine learning', 'matplotlib', 'neural network', 'nlp', 'numpy', 'pandas', 'python', 'pytorch', 'scikit', 'sql', 'statistics', 'tableau', 'tensorflow']"
2249,HEALTHCARE,2.5,4.17,0.0,1,23,['r'],"['agile', 'aws', 'azure', 'communication', 'computer vision', 'data analysis', 'data mining', 'data visualization', 'deep learning', 'git', 'machine learning', 'matplotlib', 'neural network', 'nlp', 'numpy', 'pandas', 'python', 'pytorch', 'scikit', 'sql', 'statistics', 'tableau', 'tensorflow']"
2250,HEALTHCARE,2.5,4.17,0.0,1,23,['r'],"['agile', 'aws', 'azure', 'communication', 'computer vision', 'data analysis', 'data mining', 'data visualization', 'deep learning', 'git', 'machine learning', 'matplotlib', 'neural network', 'nlp', 'numpy', 'pandas', 'python', 'pytorch', 'scikit', 'sql', 'statistics', 'tableau', 'tensorflow']"
2251,HEALTHCARE,2.5,4.17,0.0,1,23,['r'],"['agile', 'aws', 'azure', 'communication', 'computer vision', 'data analysis', 'data mining', 'data visualization', 'deep learning', 'git', 'machine learning', 'matplotlib', 'neural network', 'nlp', 'numpy', 'pandas', 'python', 'pytorch', 'scikit', 'sql', 'statistics', 'tableau', 'tensorflow']"
2252,HEALTHCARE,2.5,4.17,0.0,1,23,['r'],"['agile', 'aws', 'azure', 'communication', 'computer vision', 'data analysis', 'data mining', 'data visualization', 'deep learning', 'git', 'machine learning', 'matplotlib', 'neural network', 'nlp', 'numpy', 'pandas', 'python', 'pytorch', 'scikit', 'sql', 'statistics', 'tableau', 'tensorflow']"
2253,HEALTHCARE,2.5,4.17,0.0,1,23,['r'],"['agile', 'aws', 'azure', 'communication', 'computer vision', 'data analysis', 'data mining', 'data visualization', 'deep learning', 'git', 'machine learning', 'matplotlib', 'neural network', 'nlp', 'numpy', 'pandas', 'python', 'pytorch', 'scikit', 'sql', 'statistics', 'tableau', 'tensorflow']"
2254,HEALTHCARE,2.5,4.17,0.0,1,23,['r'],"['agile', 'aws', 'azure', 'communication', 'computer vision', 'data analysis', 'data mining', 'data visualization', 'deep learning', 'git', 'machine learning', 'matplotlib', 'neural network', 'nlp', 'numpy', 'pandas', 'python', 'pytorch', 'scikit', 'sql', 'statistics', 'tableau', 'tensorflow']"
2255,HEALTHCARE,2.5,4.17,0.0,1,23,['r'],"['agile', 'aws', 'azure', 'communication', 'computer vision', 'data analysis', 'data mining', 'data visualization', 'deep learning', 'git', 'machine learning', 'matplotlib', 'neural network', 'nlp', 'numpy', 'pandas', 'python', 'pytorch', 'scikit', 'sql', 'statistics', 'tableau', 'tensorflow']"
2256,HEALTHCARE,2.5,4.17,0.0,1,23,['r'],"['agile', 'aws', 'azure', 'communication', 'computer vision', 'data analysis', 'data mining', 'data visualization', 'deep learning', 'git', 'machine learning', 'matplotlib', 'neural network', 'nlp', 'numpy', 'pandas', 'python', 'pytorch', 'scikit', 'sql', 'statistics', 'tableau', 'tensorflow']"
2257,HEALTHCARE,2.5,4.17,0.0,1,23,['r'],"['agile', 'aws', 'azure', 'communication', 'computer vision', 'data analysis', 'data mining', 'data visualization', 'deep learning', 'git', 'machine learning', 'matplotlib', 'neural network', 'nlp', 'numpy', 'pandas', 'python', 'pytorch', 'scikit', 'sql', 'statistics', 'tableau', 'tensorflow']"
2258,HEALTHCARE,2.5,4.17,0.0,1,23,['r'],"['agile', 'aws', 'azure', 'communication', 'computer vision', 'data analysis', 'data mining', 'data visualization', 'deep learning', 'git', 'machine learning', 'matplotlib', 'neural network', 'nlp', 'numpy', 'pandas', 'python', 'pytorch', 'scikit', 'sql', 'statistics', 'tableau', 'tensorflow']"
2259,HEALTHCARE,2.5,4.17,0.0,1,23,['r'],"['agile', 'aws', 'azure', 'communication', 'computer vision', 'data analysis', 'data mining', 'data visualization', 'deep learning', 'git', 'machine learning', 'matplotlib', 'neural network', 'nlp', 'numpy', 'pandas', 'python', 'pytorch', 'scikit', 'sql', 'statistics', 'tableau', 'tensorflow']"
2260,BUSINESS-DEVELOPMENT,2.5,4.17,0.0,1,23,['r'],"['agile', 'aws', 'azure', 'communication', 'computer vision', 'data analysis', 'data mining', 'data visualization', 'deep learning', 'git', 'machine learning', 'matplotlib', 'neural network', 'nlp', 'numpy', 'pandas', 'python', 'pytorch', 'scikit', 'sql', 'statistics', 'tableau', 'tensorflow']"
2261,BUSINESS-DEVELOPMENT,2.5,4.17,0.0,1,23,['r'],"['agile', 'aws', 'azure', 'communication', 'computer vision', 'data analysis', 'data mining', 'data visualization', 'deep learning', 'git', 'machine learning', 'matplotlib', 'neural network', 'nlp', 'numpy', 'pandas', 'python', 'pytorch', 'scikit', 'sql', 'statistics', 'tableau', 'tensorflow']"
2262,BUSINESS-DEVELOPMENT,2.5,4.17,0.0,1,23,['r'],"['agile', 'aws', 'azure', 'communication', 'computer vision', 'data analysis', 'data mining', 'data visualization', 'deep learning', 'git', 'machine learning', 'matplotlib', 'neural network', 'nlp', 'numpy', 'pandas', 'python', 'pytorch', 'scikit', 'sql', 'statistics', 'tableau', 'tensorflow']"
2263,BUSINESS-DEVELOPMENT,2.5,4.17,0.0,1,23,['r'],"['agile', 'aws', 'azure', 'communication', 'computer vision', 'data analysis', 'data mining', 'data visualization', 'deep learning', 'git', 'machine learning', 'matplotlib', 'neural network', 'nlp', 'numpy', 'pandas', 'python', 'pytorch', 'scikit', 'sql', 'statistics', 'tableau', 'tensorflow']"
2264,BUSINESS-DEVELOPMENT,2.5,4.17,0.0,1,23,['r'],"['agile', 'aws', 'azure', 'communication', 'computer vision', 'data analysis', 'data mining', 'data visualization', 'deep learning', 'git', 'machine learning', 'matplotlib', 'neural network', 'nlp', 'numpy', 'pandas', 'python', 'pytorch', 'scikit', 'sql', 'statistics', 'tableau', 'tensorflow']"
2265,BUSINESS-DEVELOPMENT,2.5,4.17,0.0,1,23,['r'],"['agile', 'aws', 'azure', 'communication', 'computer vision', 'data analysis', 'data mining', 'data visualization', 'deep learning', 'git', 'machine learning', 'matplotlib', 'neural network', 'nlp', 'numpy', 'pandas', 'python', 'pytorch', 'scikit', 'sql', 'statistics', 'tableau', 'tensorflow']"
2266,BUSINESS-DEVELOPMENT,2.5,4.17,0.0,1,23,['r'],"['agile', 'aws', 'azure', 'communication', 'computer vision', 'data analysis', 'data mining', 'data visualization', 'deep learning', 'git', 'machine learning', 'matplotlib', 'neural network', 'nlp', 'numpy', 'pandas', 'python', 'pytorch', 'scikit', 'sql', 'statistics', 'tableau', 'tensorflow']"
2267,BUSINESS-DEVELOPMENT,2.5,4.17,0.0,1,23,['r'],"['agile', 'aws', 'azure', 'communication', 'computer vision', 'data analysis', 'data mining', 'data visualization', 'deep learning', 'git', 'machine learning', 'matplotlib', 'neural network', 'nlp', 'numpy', 'pandas', 'python', 'pytorch', 'scikit', 'sql', 'statistics', 'tableau', 'tensorflow']"
2268,HEALTHCARE,2.5,4.17,0.0,1,23,['r'],"['agile', 'aws', 'azure', 'communication', 'computer vision', 'data analysis', 'data mining', 'data visualization', 'deep learning', 'git', 'machine learning', 'matplotlib', 'neural network', 'nlp', 'numpy', 'pandas', 'python', 'pytorch', 'scikit', 'sql', 'statistics', 'tableau', 'tensorflow']"
2269,BUSINESS-DEVELOPMENT,2.5,4.17,0.0,1,23,['r'],"['agile', 'aws', 'azure', 'communication', 'computer vision', 'data analysis', 'data mining', 'data visualization', 'deep learning', 'git', 'machine learning', 'matplotlib', 'neural network', 'nlp', 'numpy', 'pandas', 'python', 'pytorch', 'scikit', 'sql', 'statistics', 'tableau', 'tensorflow']"
2270,BUSINESS-DEVELOPMENT,2.5,4.17,0.0,1,23,['r'],"['agile', 'aws', 'azure', 'communication', 'computer vision', 'data analysis', 'data mining', 'data visualization', 'deep learning', 'git', 'machine learning', 'matplotlib', 'neural network', 'nlp', 'numpy', 'pandas', 'python', 'pytorch', 'scikit', 'sql', 'statistics', 'tableau', 'tensorflow']"
2271,BUSINESS-DEVELOPMENT,2.5,4.17,0.0,1,23,['r'],"['agile', 'aws', 'azure', 'communication', 'computer vision', 'data analysis', 'data mining', 'data visualization', 'deep learning', 'git', 'machine learning', 'matplotlib', 'neural network', 'nlp', 'numpy', 'pandas', 'python', 'pytorch', 'scikit', 'sql', 'statistics', 'tableau', 'tensorflow']"
2272,BUSINESS-DEVELOPMENT,2.5,4.17,0.0,1,23,['r'],"['agile', 'aws', 'azure', 'communication', 'computer vision', 'data analysis', 'data mining', 'data visualization', 'deep learning', 'git', 'machine learning', 'matplotlib', 'neural network', 'nlp', 'numpy', 'pandas', 'python', 'pytorch', 'scikit', 'sql', 'statistics', 'tableau', 'tensorflow']"
2273,BUSINESS-DEVELOPMENT,2.5,4.17,0.0,1,23,['r'],"['agile', 'aws', 'azure', 'communication', 'computer vision', 'data analysis', 'data mining', 'data visualization', 'deep learning', 'git', 'machine learning', 'matplotlib', 'neural network', 'nlp', 'numpy', 'pandas', 'python', 'pytorch', 'scikit', 'sql', 'statistics', 'tableau', 'tensorflow']"
2274,BUSINESS-DEVELOPMENT,2.5,4.17,0.0,1,23,['r'],"['agile', 'aws', 'azure', 'communication', 'computer vision', 'data analysis', 'data mining', 'data visualization', 'deep learning', 'git', 'machine learning', 'matplotlib', 'neural network', 'nlp', 'numpy', 'pandas', 'python', 'pytorch', 'scikit', 'sql', 'statistics', 'tableau', 'tensorflow']"
2275,BUSINESS-DEVELOPMENT,2.5,4.17,0.0,1,23,['r'],"['agile', 'aws', 'azure', 'communication', 'computer vision', 'data analysis', 'data mining', 'data visualization', 'deep learning', 'git', 'machine learning', 'matplotlib', 'neural network', 'nlp', 'numpy', 'pandas', 'python', 'pytorch', 'scikit', 'sql', 'statistics', 'tableau', 'tensorflow']"
2276,BUSINESS-DEVELOPMENT,2.5,4.17,0.0,1,23,['r'],"['agile', 'aws', 'azure', 'communication', 'computer vision', 'data analysis', 'data mining', 'data visualization', 'deep learning', 'git', 'machine learning', 'matplotlib', 'neural network', 'nlp', 'numpy', 'pandas', 'python', 'pytorch', 'scikit', 'sql', 'statistics', 'tableau', 'tensorflow']"
2277,BUSINESS-DEVELOPMENT,2.5,4.17,0.0,1,23,['r'],"['agile', 'aws', 'azure', 'communication', 'computer vision', 'data analysis', 'data mining', 'data visualization', 'deep learning', 'git', 'machine learning', 'matplotlib', 'neural network', 'nlp', 'numpy', 'pandas', 'python', 'pytorch', 'scikit', 'sql', 'statistics', 'tableau', 'tensorflow']"
2278,BUSINESS-DEVELOPMENT,2.5,4.17,0.0,1,23,['r'],"['agile', 'aws', 'azure', 'communication', 'computer vision', 'data analysis', 'data mining', 'data visualization', 'deep learning', 'git', 'machine learning', 'matplotlib', 'neural network', 'nlp', 'numpy', 'pandas', 'python', 'pytorch', 'scikit', 'sql', 'statistics', 'tableau', 'tensorflow']"
2279,BUSINESS-DEVELOPMENT,2.5,4.17,0.0,1,23,['r'],"['agile', 'aws', 'azure', 'communication', 'computer vision', 'data analysis', 'data mining', 'data visualization', 'deep learning', 'git', 'machine learning', 'matplotlib', 'neural network', 'nlp', 'numpy', 'pandas', 'python', 'pytorch', 'scikit', 'sql', 'statistics', 'tableau', 'tensorflow']"
2280,BUSINESS-DEVELOPMENT,2.5,4.17,0.0,1,23,['r'],"['agile', 'aws', 'azure', 'communication', 'computer vision', 'data analysis', 'data mining', 'data visualization', 'deep learning', 'git', 'machine learning', 'matplotlib', 'neural network', 'nlp', 'numpy', 'pandas', 'python', 'pytorch', 'scikit', 'sql', 'statistics', 'tableau', 'tensorflow']"
2281,BUSINESS-DEVELOPMENT,2.5,4.17,0.0,1,23,['r'],"['agile', 'aws', 'azure', 'communication', 'computer vision', 'data analysis', 'data mining', 'data visualization', 'deep learning', 'git', 'machine learning', 'matplotlib', 'neural network', 'nlp', 'numpy', 'pandas', 'python', 'pytorch', 'scikit', 'sql', 'statistics', 'tableau', 'tensorflow']"
2282,BUSINESS-DEVELOPMENT,2.5,4.17,0.0,1,23,['r'],"['agile', 'aws', 'azure', 'communication', 'computer vision', 'data analysis', 'data mining', 'data visualization', 'deep learning', 'git', 'machine learning', 'matplotlib', 'neural network', 'nlp', 'numpy', 'pandas', 'python', 'pytorch', 'scikit', 'sql', 'statistics', 'tableau', 'tensorflow']"
2283,BUSINESS-DEVELOPMENT,2.5,4.17,0.0,1,23,['r'],"['agile', 'aws', 'azure', 'communication', 'computer vision', 'data analysis', 'data mining', 'data visualization', 'deep learning', 'git', 'machine learning', 'matplotlib', 'neural network', 'nlp', 'numpy', 'pandas', 'python', 'pytorch', 'scikit', 'sql', 'statistics', 'tableau', 'tensorflow']"
2284,BUSINESS-DEVELOPMENT,2.5,4.17,0.0,1,23,['r'],"['agile', 'aws', 'azure', 'communication', 'computer vision', 'data analysis', 'data mining', 'data visualization', 'deep learning', 'git', 'machine learning', 'matplotlib', 'neural network', 'nlp', 'numpy', 'pandas', 'python', 'pytorch', 'scikit', 'sql', 'statistics', 'tableau', 'tensorflow']"
2285,BUSINESS-DEVELOPMENT,2.5,4.17,0.0,1,23,['r'],"['agile', 'aws', 'azure', 'communication', 'computer vision', 'data analysis', 'data mining', 'data visualization', 'deep learning', 'git', 'machine learning', 'matplotlib', 'neural network', 'nlp', 'numpy', 'pandas', 'python', 'pytorch', 'scikit', 'sql', 'statistics', 'tableau', 'tensorflow']"
2286,BUSINESS-DEVELOPMENT,2.5,4.17,0.0,1,23,['r'],"['agile', 'aws', 'azure', 'communication', 'computer vision', 'data analysis', 'data mining', 'data visualization', 'deep learning', 'git', 'machine learning', 'matplotlib', 'neural network', 'nlp', 'numpy', 'pandas', 'python', 'pytorch', 'scikit', 'sql', 'statistics', 'tableau', 'tensorflow']"
2287,BUSINESS-DEVELOPMENT,2.5,4.17,0.0,1,23,['r'],"['agile', 'aws', 'azure', 'communication', 'computer vision', 'data analysis', 'data mining', 'data visualization', 'deep learning', 'git', 'machine learning', 'matplotlib', 'neural network', 'nlp', 'numpy', 'pandas', 'python', 'pytorch', 'scikit', 'sql', 'statistics', 'tableau', 'tensorflow']"
2288,BUSINESS-DEVELOPMENT,2.5,4.17,0.0,1,23,['r'],"['agile', 'aws', 'azure', 'communication', 'computer vision', 'data analysis', 'data mining', 'data visualization', 'deep learning', 'git', 'machine learning', 'matplotlib', 'neural network', 'nlp', 'numpy', 'pandas', 'python', 'pytorch', 'scikit', 'sql', 'statistics', 'tableau', 'tensorflow']"
2289,BUSINESS-DEVELOPMENT,2.5,4.17,0.0,1,23,['r'],"['agile', 'aws', 'azure', 'communication', 'computer vision', 'data analysis', 'data mining', 'data visualization', 'deep learning', 'git', 'machine learning', 'matplotlib', 'neural network', 'nlp', 'numpy', 'pandas', 'python', 'pytorch', 'scikit', 'sql', 'statistics', 'tableau', 'tensorflow']"
2290,BUSINESS-DEVELOPMENT,2.5,4.17,0.0,1,23,['r'],"['agile', 'aws', 'azure', 'communication', 'computer vision', 'data analysis', 'data mining', 'data visualization', 'deep learning', 'git', 'machine learning', 'matplotlib', 'neural network', 'nlp', 'numpy', 'pandas', 'python', 'pytorch', 'scikit', 'sql', 'statistics', 'tableau', 'tensorflow']"
2291,BUSINESS-DEVELOPMENT,2.5,4.17,0.0,1,23,['r'],"['agile', 'aws', 'azure', 'communication', 'computer vision', 'data analysis', 'data mining', 'data visualization', 'deep learning', 'git', 'machine learning', 'matplotlib', 'neural network', 'nlp', 'numpy', 'pandas', 'python', 'pytorch', 'scikit', 'sql', 'statistics', 'tableau', 'tensorflow']"
2292,BUSINESS-DEVELOPMENT,2.5,4.17,0.0,1,23,['r'],"['agile', 'aws', 'azure', 'communication', 'computer vision', 'data analysis', 'data mining', 'data visualization', 'deep learning', 'git', 'machine learning', 'matplotlib', 'neural network', 'nlp', 'numpy', 'pandas', 'python', 'pytorch', 'scikit', 'sql', 'statistics', 'tableau', 'tensorflow']"
2293,BUSINESS-DEVELOPMENT,2.5,4.17,0.0,1,23,['r'],"['agile', 'aws', 'azure', 'communication', 'computer vision', 'data analysis', 'data mining', 'data visualization', 'deep learning', 'git', 'machine learning', 'matplotlib', 'neural network', 'nlp', 'numpy', 'pandas', 'python', 'pytorch', 'scikit', 'sql', 'statistics', 'tableau', 'tensorflow']"
2294,BUSINESS-DEVELOPMENT,2.5,4.17,0.0,1,23,['r'],"['agile', 'aws', 'azure', 'communication', 'computer vision', 'data analysis', 'data mining', 'data visualization', 'deep learning', 'git', 'machine learning', 'matplotlib', 'neural network', 'nlp', 'numpy', 'pandas', 'python', 'pytorch', 'scikit', 'sql', 'statistics', 'tableau', 'tensorflow']"
2295,BUSINESS-DEVELOPMENT,2.5,4.17,0.0,1,23,['r'],"['agile', 'aws', 'azure', 'communication', 'computer vision', 'data analysis', 'data mining', 'data visualization', 'deep learning', 'git', 'machine learning', 'matplotlib', 'neural network', 'nlp', 'numpy', 'pandas', 'python', 'pytorch', 'scikit', 'sql', 'statistics', 'tableau', 'tensorflow']"
2296,BUSINESS-DEVELOPMENT,2.5,4.17,0.0,1,23,['r'],"['agile', 'aws', 'azure', 'communication', 'computer vision', 'data analysis', 'data mining', 'data visualization', 'deep learning', 'git', 'machine learning', 'matplotlib', 'neural network', 'nlp', 'numpy', 'pandas', 'python', 'pytorch', 'scikit', 'sql', 'statistics', 'tableau', 'tensorflow']"
2297,HEALTHCARE,2.5,4.17,0.0,1,23,['r'],"['agile', 'aws', 'azure', 'communication', 'computer vision', 'data analysis', 'data mining', 'data visualization', 'deep learning', 'git', 'machine learning', 'matplotlib', 'neural network', 'nlp', 'numpy', 'pandas', 'python', 'pytorch', 'scikit', 'sql', 'statistics', 'tableau', 'tensorflow']"
2298,HEALTHCARE,2.5,4.17,0.0,1,23,['r'],"['agile', 'aws', 'azure', 'communication', 'computer vision', 'data analysis', 'data mining', 'data visualization', 'deep learning', 'git', 'machine learning', 'matplotlib', 'neural network', 'nlp', 'numpy', 'pandas', 'python', 'pytorch', 'scikit', 'sql', 'statistics', 'tableau', 'tensorflow']"
2299,HEALTHCARE,2.5,4.17,0.0,1,23,['r'],"['agile', 'aws', 'azure', 'communication', 'computer vision', 'data analysis', 'data mining', 'data visualization', 'deep learning', 'git', 'machine learning', 'matplotlib', 'neural network', 'nlp', 'numpy', 'pandas', 'python', 'pytorch', 'scikit', 'sql', 'statistics', 'tableau', 'tensorflow']"
2300,HEALTHCARE,2.5,4.17,0.0,1,23,['r'],"['agile', 'aws', 'azure', 'communication', 'computer vision', 'data analysis', 'data mining', 'data visualization', 'deep learning', 'git', 'machine learning', 'matplotlib', 'neural network', 'nlp', 'numpy', 'pandas', 'python', 'pytorch', 'scikit', 'sql', 'statistics', 'tableau', 'tensorflow']"
2301,HEALTHCARE,2.5,4.17,0.0,1,23,['r'],"['agile', 'aws', 'azure', 'communication', 'computer vision', 'data analysis', 'data mining', 'data visualization', 'deep learning', 'git', 'machine learning', 'matplotlib', 'neural network', 'nlp', 'numpy', 'pandas', 'python', 'pytorch', 'scikit', 'sql', 'statistics', 'tableau', 'tensorflow']"
2302,HEALTHCARE,2.5,4.17,0.0,1,23,['r'],"['agile', 'aws', 'azure', 'communication', 'computer vision', 'data analysis', 'data mining', 'data visualization', 'deep learning', 'git', 'machine learning', 'matplotlib', 'neural network', 'nlp', 'numpy', 'pandas', 'python', 'pytorch', 'scikit', 'sql', 'statistics', 'tableau', 'tensorflow']"
2303,HEALTHCARE,2.5,4.17,0.0,1,23,['r'],"['agile', 'aws', 'azure', 'communication', 'computer vision', 'data analysis', 'data mining', 'data visualization', 'deep learning', 'git', 'machine learning', 'matplotlib', 'neural network', 'nlp', 'numpy', 'pandas', 'python', 'pytorch', 'scikit', 'sql', 'statistics', 'tableau', 'tensorflow']"
2304,HEALTHCARE,2.5,4.17,0.0,1,23,['r'],"['agile', 'aws', 'azure', 'communication', 'computer vision', 'data analysis', 'data mining', 'data visualization', 'deep learning', 'git', 'machine learning', 'matplotlib', 'neural network', 'nlp', 'numpy', 'pandas', 'python', 'pytorch', 'scikit', 'sql', 'statistics', 'tableau', 'tensorflow']"
2305,BUSINESS-DEVELOPMENT,2.5,4.17,0.0,1,23,['r'],"['agile', 'aws', 'azure', 'communication', 'computer vision', 'data analysis', 'data mining', 'data visualization', 'deep learning', 'git', 'machine learning', 'matplotlib', 'neural network', 'nlp', 'numpy', 'pandas', 'python', 'pytorch', 'scikit', 'sql', 'statistics', 'tableau', 'tensorflow']"
2306,HEALTHCARE,2.5,4.17,0.0,1,23,['r'],"['agile', 'aws', 'azure', 'communication', 'computer vision', 'data analysis', 'data mining', 'data visualization', 'deep learning', 'git', 'machine learning', 'matplotlib', 'neural network', 'nlp', 'numpy', 'pandas', 'python', 'pytorch', 'scikit', 'sql', 'statistics', 'tableau', 'tensorflow']"
2307,HEALTHCARE,2.5,4.17,0.0,1,23,['r'],"['agile', 'aws', 'azure', 'communication', 'computer vision', 'data analysis', 'data mining', 'data visualization', 'deep learning', 'git', 'machine learning', 'matplotlib', 'neural network', 'nlp', 'numpy', 'pandas', 'python', 'pytorch', 'scikit', 'sql', 'statistics', 'tableau', 'tensorflow']"
2308,HEALTHCARE,2.5,4.17,0.0,1,23,['r'],"['agile', 'aws', 'azure', 'communication', 'computer vision', 'data analysis', 'data mining', 'data visualization', 'deep learning', 'git', 'machine learning', 'matplotlib', 'neural network', 'nlp', 'numpy', 'pandas', 'python', 'pytorch', 'scikit', 'sql', 'statistics', 'tableau', 'tensorflow']"
2309,HEALTHCARE,2.5,4.17,0.0,1,23,['r'],"['agile', 'aws', 'azure', 'communication', 'computer vision', 'data analysis', 'data mining', 'data visualization', 'deep learning', 'git', 'machine learning', 'matplotlib', 'neural network', 'nlp', 'numpy', 'pandas', 'python', 'pytorch', 'scikit', 'sql', 'statistics', 'tableau', 'tensorflow']"
2310,HEALTHCARE,2.5,4.17,0.0,1,23,['r'],"['agile', 'aws', 'azure', 'communication', 'computer vision', 'data analysis', 'data mining', 'data visualization', 'deep learning', 'git', 'machine learning', 'matplotlib', 'neural network', 'nlp', 'numpy', 'pandas', 'python', 'pytorch', 'scikit', 'sql', 'statistics', 'tableau', 'tensorflow']"
2311,HEALTHCARE,2.5,4.17,0.0,1,23,['r'],"['agile', 'aws', 'azure', 'communication', 'computer vision', 'data analysis', 'data mining', 'data visualization', 'deep learning', 'git', 'machine learning', 'matplotlib', 'neural network', 'nlp', 'numpy', 'pandas', 'python', 'pytorch', 'scikit', 'sql', 'statistics', 'tableau', 'tensorflow']"
2312,HEALTHCARE,2.5,4.17,0.0,1,23,['r'],"['agile', 'aws', 'azure', 'communication', 'computer vision', 'data analysis', 'data mining', 'data visualization', 'deep learning', 'git', 'machine learning', 'matplotlib', 'neural network', 'nlp', 'numpy', 'pandas', 'python', 'pytorch', 'scikit', 'sql', 'statistics', 'tableau', 'tensorflow']"
2313,HEALTHCARE,2.5,4.17,0.0,1,23,['r'],"['agile', 'aws', 'azure', 'communication', 'computer vision', 'data analysis', 'data mining', 'data visualization', 'deep learning', 'git', 'machine learning', 'matplotlib', 'neural network', 'nlp', 'numpy', 'pandas', 'python', 'pytorch', 'scikit', 'sql', 'statistics', 'tableau', 'tensorflow']"
2314,HEALTHCARE,2.5,4.17,0.0,1,23,['r'],"['agile', 'aws', 'azure', 'communication', 'computer vision', 'data analysis', 'data mining', 'data visualization', 'deep learning', 'git', 'machine learning', 'matplotlib', 'neural network', 'nlp', 'numpy', 'pandas', 'python', 'pytorch', 'scikit', 'sql', 'statistics', 'tableau', 'tensorflow']"
2315,HEALTHCARE,2.5,4.17,0.0,1,23,['r'],"['agile', 'aws', 'azure', 'communication', 'computer vision', 'data analysis', 'data mining', 'data visualization', 'deep learning', 'git', 'machine learning', 'matplotlib', 'neural network', 'nlp', 'numpy', 'pandas', 'python', 'pytorch', 'scikit', 'sql', 'statistics', 'tableau', 'tensorflow']"
2316,BUSINESS-DEVELOPMENT,2.5,4.17,0.0,1,23,['r'],"['agile', 'aws', 'azure', 'communication', 'computer vision', 'data analysis', 'data mining', 'data visualization', 'deep learning', 'git', 'machine learning', 'matplotlib', 'neural network', 'nlp', 'numpy', 'pandas', 'python', 'pytorch', 'scikit', 'sql', 'statistics', 'tableau', 'tensorflow']"
2317,BUSINESS-DEVELOPMENT,2.5,4.17,0.0,1,23,['r'],"['agile', 'aws', 'azure', 'communication', 'computer vision', 'data analysis', 'data mining', 'data visualization', 'deep learning', 'git', 'machine learning', 'matplotlib', 'neural network', 'nlp', 'numpy', 'pandas', 'python', 'pytorch', 'scikit', 'sql', 'statistics', 'tableau', 'tensorflow']"
2318,BUSINESS-DEVELOPMENT,2.5,4.17,0.0,1,23,['r'],"['agile', 'aws', 'azure', 'communication', 'computer vision', 'data analysis', 'data mining', 'data visualization', 'deep learning', 'git', 'machine learning', 'matplotlib', 'neural network', 'nlp', 'numpy', 'pandas', 'python', 'pytorch', 'scikit', 'sql', 'statistics', 'tableau', 'tensorflow']"
2319,BUSINESS-DEVELOPMENT,2.5,4.17,0.0,1,23,['r'],"['agile', 'aws', 'azure', 'communication', 'computer vision', 'data analysis', 'data mining', 'data visualization', 'deep learning', 'git', 'machine learning', 'matplotlib', 'neural network', 'nlp', 'numpy', 'pandas', 'python', 'pytorch', 'scikit', 'sql', 'statistics', 'tableau', 'tensorflow']"
2320,BUSINESS-DEVELOPMENT,2.5,4.17,0.0,1,23,['r'],"['agile', 'aws', 'azure', 'communication', 'computer vision', 'data analysis', 'data mining', 'data visualization', 'deep learning', 'git', 'machine learning', 'matplotlib', 'neural network', 'nlp', 'numpy', 'pandas', 'python', 'pytorch', 'scikit', 'sql', 'statistics', 'tableau', 'tensorflow']"
2321,BUSINESS-DEVELOPMENT,2.5,4.17,0.0,1,23,['r'],"['agile', 'aws', 'azure', 'communication', 'computer vision', 'data analysis', 'data mining', 'data visualization', 'deep learning', 'git', 'machine learning', 'matplotlib', 'neural network', 'nlp', 'numpy', 'pandas', 'python', 'pytorch', 'scikit', 'sql', 'statistics', 'tableau', 'tensorflow']"
2322,BUSINESS-DEVELOPMENT,2.5,4.17,0.0,1,23,['r'],"['agile', 'aws', 'azure', 'communication', 'computer vision', 'data analysis', 'data mining', 'data visualization', 'deep learning', 'git', 'machine learning', 'matplotlib', 'neural network', 'nlp', 'numpy', 'pandas', 'python', 'pytorch', 'scikit', 'sql', 'statistics', 'tableau', 'tensorflow']"
2323,BUSINESS-DEVELOPMENT,2.5,4.17,0.0,1,23,['r'],"['agile', 'aws', 'azure', 'communication', 'computer vision', 'data analysis', 'data mining', 'data visualization', 'deep learning', 'git', 'machine learning', 'matplotlib', 'neural network', 'nlp', 'numpy', 'pandas', 'python', 'pytorch', 'scikit', 'sql', 'statistics', 'tableau', 'tensorflow']"
2324,HEALTHCARE,2.5,4.17,0.0,1,23,['r'],"['agile', 'aws', 'azure', 'communication', 'computer vision', 'data analysis', 'data mining', 'data visualization', 'deep learning', 'git', 'machine learning', 'matplotlib', 'neural network', 'nlp', 'numpy', 'pandas', 'python', 'pytorch', 'scikit', 'sql', 'statistics', 'tableau', 'tensorflow']"
2325,HEALTHCARE,2.5,4.17,0.0,1,23,['r'],"['agile', 'aws', 'azure', 'communication', 'computer vision', 'data analysis', 'data mining', 'data visualization', 'deep learning', 'git', 'machine learning', 'matplotlib', 'neural network', 'nlp', 'numpy', 'pandas', 'python', 'pytorch', 'scikit', 'sql', 'statistics', 'tableau', 'tensorflow']"
2326,HEALTHCARE,2.5,4.17,0.0,1,23,['r'],"['agile', 'aws', 'azure', 'communication', 'computer vision', 'data analysis', 'data mining', 'data visualization', 'deep learning', 'git', 'machine learning', 'matplotlib', 'neural network', 'nlp', 'numpy', 'pandas', 'python', 'pytorch', 'scikit', 'sql', 'statistics', 'tableau', 'tensorflow']"
2327,HEALTHCARE,2.5,4.17,0.0,1,23,['r'],"['agile', 'aws', 'azure', 'communication', 'computer vision', 'data analysis', 'data mining', 'data visualization', 'deep learning', 'git', 'machine learning', 'matplotlib', 'neural network', 'nlp', 'numpy', 'pandas', 'python', 'pytorch', 'scikit', 'sql', 'statistics', 'tableau', 'tensorflow']"
2328,HEALTHCARE,2.5,4.17,0.0,1,23,['r'],"['agile', 'aws', 'azure', 'communication', 'computer vision', 'data analysis', 'data mining', 'data visualization', 'deep learning', 'git', 'machine learning', 'matplotlib', 'neural network', 'nlp', 'numpy', 'pandas', 'python', 'pytorch', 'scikit', 'sql', 'statistics', 'tableau', 'tensorflow']"
2329,HEALTHCARE,2.5,4.17,0.0,1,23,['r'],"['agile', 'aws', 'azure', 'communication', 'computer vision', 'data analysis', 'data mining', 'data visualization', 'deep learning', 'git', 'machine learning', 'matplotlib', 'neural network', 'nlp', 'numpy', 'pandas', 'python', 'pytorch', 'scikit', 'sql', 'statistics', 'tableau', 'tensorflow']"
2330,HEALTHCARE,2.5,4.17,0.0,1,23,['r'],"['agile', 'aws', 'azure', 'communication', 'computer vision', 'data analysis', 'data mining', 'data visualization', 'deep learning', 'git', 'machine learning', 'matplotlib', 'neural network', 'nlp', 'numpy', 'pandas', 'python', 'pytorch', 'scikit', 'sql', 'statistics', 'tableau', 'tensorflow']"
2331,HEALTHCARE,2.5,4.17,0.0,1,23,['r'],"['agile', 'aws', 'azure', 'communication', 'computer vision', 'data analysis', 'data mining', 'data visualization', 'deep learning', 'git', 'machine learning', 'matplotlib', 'neural network', 'nlp', 'numpy', 'pandas', 'python', 'pytorch', 'scikit', 'sql', 'statistics', 'tableau', 'tensorflow']"
2332,HEALTHCARE,2.5,4.17,0.0,1,23,['r'],"['agile', 'aws', 'azure', 'communication', 'computer vision', 'data analysis', 'data mining', 'data visualization', 'deep learning', 'git', 'machine learning', 'matplotlib', 'neural network', 'nlp', 'numpy', 'pandas', 'python', 'pytorch', 'scikit', 'sql', 'statistics', 'tableau', 'tensorflow']"
2333,HEALTHCARE,2.5,4.17,0.0,1,23,['r'],"['agile', 'aws', 'azure', 'communication', 'computer vision', 'data analysis', 'data mining', 'data visualization', 'deep learning', 'git', 'machine learning', 'matplotlib', 'neural network', 'nlp', 'numpy', 'pandas', 'python', 'pytorch', 'scikit', 'sql', 'statistics', 'tableau', 'tensorflow']"
2334,BUSINESS-DEVELOPMENT,2.5,4.17,0.0,1,23,['r'],"['agile', 'aws', 'azure', 'communication', 'computer vision', 'data analysis', 'data mining', 'data visualization', 'deep learning', 'git', 'machine learning', 'matplotlib', 'neural network', 'nlp', 'numpy', 'pandas', 'python', 'pytorch', 'scikit', 'sql', 'statistics', 'tableau', 'tensorflow']"
2335,FITNESS,2.5,4.17,0.0,1,23,['r'],"['agile', 'aws', 'azure', 'communication', 'computer vision', 'data analysis', 'data mining', 'data visualization', 'deep learning', 'git', 'machine learning', 'matplotlib', 'neural network', 'nlp', 'numpy', 'pandas', 'python', 'pytorch', 'scikit', 'sql', 'statistics', 'tableau', 'tensorflow']"
2336,FITNESS,2.5,4.17,0.0,1,23,['r'],"['agile', 'aws', 'azure', 'communication', 'computer vision', 'data analysis', 'data mining', 'data visualization', 'deep learning', 'git', 'machine learning', 'matplotlib', 'neural network', 'nlp', 'numpy', 'pandas', 'python', 'pytorch', 'scikit', 'sql', 'statistics', 'tableau', 'tensorflow']"
2337,FITNESS,2.5,4.17,0.0,1,23,['r'],"['agile', 'aws', 'azure', 'communication', 'computer vision', 'data analysis', 'data mining', 'data visualization', 'deep learning', 'git', 'machine learning', 'matplotlib', 'neural network', 'nlp', 'numpy', 'pandas', 'python', 'pytorch', 'scikit', 'sql', 'statistics', 'tableau', 'tensorflow']"
2338,FITNESS,2.5,4.17,0.0,1,23,['r'],"['agile', 'aws', 'azure', 'communication', 'computer vision', 'data analysis', 'data mining', 'data visualization', 'deep learning', 'git', 'machine learning', 'matplotlib', 'neural network', 'nlp', 'numpy', 'pandas', 'python', 'pytorch', 'scikit', 'sql', 'statistics', 'tableau', 'tensorflow']"
2339,FITNESS,2.5,4.17,0.0,1,23,['r'],"['agile', 'aws', 'azure', 'communication', 'computer vision', 'data analysis', 'data mining', 'data visualization', 'deep learning', 'git', 'machine learning', 'matplotlib', 'neural network', 'nlp', 'numpy', 'pandas', 'python', 'pytorch', 'scikit', 'sql', 'statistics', 'tableau', 'tensorflow']"
2340,FITNESS,2.5,4.17,0.0,1,23,['r'],"['agile', 'aws', 'azure', 'communication', 'computer vision', 'data analysis', 'data mining', 'data visualization', 'deep learning', 'git', 'machine learning', 'matplotlib', 'neural network', 'nlp', 'numpy', 'pandas', 'python', 'pytorch', 'scikit', 'sql', 'statistics', 'tableau', 'tensorflow']"
2341,FITNESS,2.5,4.17,0.0,1,23,['r'],"['agile', 'aws', 'azure', 'communication', 'computer vision', 'data analysis', 'data mining', 'data visualization', 'deep learning', 'git', 'machine learning', 'matplotlib', 'neural network', 'nlp', 'numpy', 'pandas', 'python', 'pytorch', 'scikit', 'sql', 'statistics', 'tableau', 'tensorflow']"
2342,FITNESS,2.5,4.17,0.0,1,23,['r'],"['agile', 'aws', 'azure', 'communication', 'computer vision', 'data analysis', 'data mining', 'data visualization', 'deep learning', 'git', 'machine learning', 'matplotlib', 'neural network', 'nlp', 'numpy', 'pandas', 'python', 'pytorch', 'scikit', 'sql', 'statistics', 'tableau', 'tensorflow']"
2343,HEALTHCARE,2.5,4.17,0.0,1,23,['r'],"['agile', 'aws', 'azure', 'communication', 'computer vision', 'data analysis', 'data mining', 'data visualization', 'deep learning', 'git', 'machine learning', 'matplotlib', 'neural network', 'nlp', 'numpy', 'pandas', 'python', 'pytorch', 'scikit', 'sql', 'statistics', 'tableau', 'tensorflow']"
2344,FITNESS,2.5,4.17,0.0,1,23,['r'],"['agile', 'aws', 'azure', 'communication', 'computer vision', 'data analysis', 'data mining', 'data visualization', 'deep learning', 'git', 'machine learning', 'matplotlib', 'neural network', 'nlp', 'numpy', 'pandas', 'python', 'pytorch', 'scikit', 'sql', 'statistics', 'tableau', 'tensorflow']"
2345,FITNESS,2.5,4.17,0.0,1,23,['r'],"['agile', 'aws', 'azure', 'communication', 'computer vision', 'data analysis', 'data mining', 'data visualization', 'deep learning', 'git', 'machine learning', 'matplotlib', 'neural network', 'nlp', 'numpy', 'pandas', 'python', 'pytorch', 'scikit', 'sql', 'statistics', 'tableau', 'tensorflow']"
2346,FITNESS,2.5,4.17,0.0,1,23,['r'],"['agile', 'aws', 'azure', 'communication', 'computer vision', 'data analysis', 'data mining', 'data visualization', 'deep learning', 'git', 'machine learning', 'matplotlib', 'neural network', 'nlp', 'numpy', 'pandas', 'python', 'pytorch', 'scikit', 'sql', 'statistics', 'tableau', 'tensorflow']"
2347,FITNESS,2.5,4.17,0.0,1,23,['r'],"['agile', 'aws', 'azure', 'communication', 'computer vision', 'data analysis', 'data mining', 'data visualization', 'deep learning', 'git', 'machine learning', 'matplotlib', 'neural network', 'nlp', 'numpy', 'pandas', 'python', 'pytorch', 'scikit', 'sql', 'statistics', 'tableau', 'tensorflow']"
2348,FITNESS,2.5,4.17,0.0,1,23,['r'],"['agile', 'aws', 'azure', 'communication', 'computer vision', 'data analysis', 'data mining', 'data visualization', 'deep learning', 'git', 'machine learning', 'matplotlib', 'neural network', 'nlp', 'numpy', 'pandas', 'python', 'pytorch', 'scikit', 'sql', 'statistics', 'tableau', 'tensorflow']"
2349,FITNESS,2.5,4.17,0.0,1,23,['r'],"['agile', 'aws', 'azure', 'communication', 'computer vision', 'data analysis', 'data mining', 'data visualization', 'deep learning', 'git', 'machine learning', 'matplotlib', 'neural network', 'nlp', 'numpy', 'pandas', 'python', 'pytorch', 'scikit', 'sql', 'statistics', 'tableau', 'tensorflow']"
2350,FITNESS,2.5,4.17,0.0,1,23,['r'],"['agile', 'aws', 'azure', 'communication', 'computer vision', 'data analysis', 'data mining', 'data visualization', 'deep learning', 'git', 'machine learning', 'matplotlib', 'neural network', 'nlp', 'numpy', 'pandas', 'python', 'pytorch', 'scikit', 'sql', 'statistics', 'tableau', 'tensorflow']"
2351,FITNESS,2.5,4.17,0.0,1,23,['r'],"['agile', 'aws', 'azure', 'communication', 'computer vision', 'data analysis', 'data mining', 'data visualization', 'deep learning', 'git', 'machine learning', 'matplotlib', 'neural network', 'nlp', 'numpy', 'pandas', 'python', 'pytorch', 'scikit', 'sql', 'statistics', 'tableau', 'tensorflow']"
2352,FITNESS,2.5,4.17,0.0,1,23,['r'],"['agile', 'aws', 'azure', 'communication', 'computer vision', 'data analysis', 'data mining', 'data visualization', 'deep learning', 'git', 'machine learning', 'matplotlib', 'neural network', 'nlp', 'numpy', 'pandas', 'python', 'pytorch', 'scikit', 'sql', 'statistics', 'tableau', 'tensorflow']"
2353,FITNESS,2.5,4.17,0.0,1,23,['r'],"['agile', 'aws', 'azure', 'communication', 'computer vision', 'data analysis', 'data mining', 'data visualization', 'deep learning', 'git', 'machine learning', 'matplotlib', 'neural network', 'nlp', 'numpy', 'pandas', 'python', 'pytorch', 'scikit', 'sql', 'statistics', 'tableau', 'tensorflow']"
2354,FITNESS,2.5,4.17,0.0,1,23,['r'],"['agile', 'aws', 'azure', 'communication', 'computer vision', 'data analysis', 'data mining', 'data visualization', 'deep learning', 'git', 'machine learning', 'matplotlib', 'neural network', 'nlp', 'numpy', 'pandas', 'python', 'pytorch', 'scikit', 'sql', 'statistics', 'tableau', 'tensorflow']"
2355,FITNESS,2.5,4.17,0.0,1,23,['r'],"['agile', 'aws', 'azure', 'communication', 'computer vision', 'data analysis', 'data mining', 'data visualization', 'deep learning', 'git', 'machine learning', 'matplotlib', 'neural network', 'nlp', 'numpy', 'pandas', 'python', 'pytorch', 'scikit', 'sql', 'statistics', 'tableau', 'tensorflow']"
2356,FITNESS,2.5,4.17,0.0,1,23,['r'],"['agile', 'aws', 'azure', 'communication', 'computer vision', 'data analysis', 'data mining', 'data visualization', 'deep learning', 'git', 'machine learning', 'matplotlib', 'neural network', 'nlp', 'numpy', 'pandas', 'python', 'pytorch', 'scikit', 'sql', 'statistics', 'tableau', 'tensorflow']"
2357,FITNESS,2.5,4.17,0.0,1,23,['r'],"['agile', 'aws', 'azure', 'communication', 'computer vision', 'data analysis', 'data mining', 'data visualization', 'deep learning', 'git', 'machine learning', 'matplotlib', 'neural network', 'nlp', 'numpy', 'pandas', 'python', 'pytorch', 'scikit', 'sql', 'statistics', 'tableau', 'tensorflow']"
2358,FITNESS,2.5,4.17,0.0,1,23,['r'],"['agile', 'aws', 'azure', 'communication', 'computer vision', 'data analysis', 'data mining', 'data visualization', 'deep learning', 'git', 'machine learning', 'matplotlib', 'neural network', 'nlp', 'numpy', 'pandas', 'python', 'pytorch', 'scikit', 'sql', 'statistics', 'tableau', 'tensorflow']"
2359,FITNESS,2.5,4.17,0.0,1,23,['r'],"['agile', 'aws', 'azure', 'communication', 'computer vision', 'data analysis', 'data mining', 'data visualization', 'deep learning', 'git', 'machine learning', 'matplotlib', 'neural network', 'nlp', 'numpy', 'pandas', 'python', 'pytorch', 'scikit', 'sql', 'statistics', 'tableau', 'tensorflow']"
2360,FITNESS,2.5,4.17,0.0,1,23,['r'],"['agile', 'aws', 'azure', 'communication', 'computer vision', 'data analysis', 'data mining', 'data visualization', 'deep learning', 'git', 'machine learning', 'matplotlib', 'neural network', 'nlp', 'numpy', 'pandas', 'python', 'pytorch', 'scikit', 'sql', 'statistics', 'tableau', 'tensorflow']"
2361,FITNESS,2.5,4.17,0.0,1,23,['r'],"['agile', 'aws', 'azure', 'communication', 'computer vision', 'data analysis', 'data mining', 'data visualization', 'deep learning', 'git', 'machine learning', 'matplotlib', 'neural network', 'nlp', 'numpy', 'pandas', 'python', 'pytorch', 'scikit', 'sql', 'statistics', 'tableau', 'tensorflow']"
2362,FITNESS,2.5,4.17,0.0,1,23,['r'],"['agile', 'aws', 'azure', 'communication', 'computer vision', 'data analysis', 'data mining', 'data visualization', 'deep learning', 'git', 'machine learning', 'matplotlib', 'neural network', 'nlp', 'numpy', 'pandas', 'python', 'pytorch', 'scikit', 'sql', 'statistics', 'tableau', 'tensorflow']"
2363,FITNESS,2.5,4.17,0.0,1,23,['r'],"['agile', 'aws', 'azure', 'communication', 'computer vision', 'data analysis', 'data mining', 'data visualization', 'deep learning', 'git', 'machine learning', 'matplotlib', 'neural network', 'nlp', 'numpy', 'pandas', 'python', 'pytorch', 'scikit', 'sql', 'statistics', 'tableau', 'tensorflow']"
2364,FITNESS,2.5,4.17,0.0,1,23,['r'],"['agile', 'aws', 'azure', 'communication', 'computer vision', 'data analysis', 'data mining', 'data visualization', 'deep learning', 'git', 'machine learning', 'matplotlib', 'neural network', 'nlp', 'numpy', 'pandas', 'python', 'pytorch', 'scikit', 'sql', 'statistics', 'tableau', 'tensorflow']"
2365,FITNESS,2.5,4.17,0.0,1,23,['r'],"['agile', 'aws', 'azure', 'communication', 'computer vision', 'data analysis', 'data mining', 'data visualization', 'deep learning', 'git', 'machine learning', 'matplotlib', 'neural network', 'nlp', 'numpy', 'pandas', 'python', 'pytorch', 'scikit', 'sql', 'statistics', 'tableau', 'tensorflow']"
2366,FITNESS,2.5,4.17,0.0,1,23,['r'],"['agile', 'aws', 'azure', 'communication', 'computer vision', 'data analysis', 'data mining', 'data visualization', 'deep learning', 'git', 'machine learning', 'matplotlib', 'neural network', 'nlp', 'numpy', 'pandas', 'python', 'pytorch', 'scikit', 'sql', 'statistics', 'tableau', 'tensorflow']"
2367,FITNESS,2.5,4.17,0.0,1,23,['r'],"['agile', 'aws', 'azure', 'communication', 'computer vision', 'data analysis', 'data mining', 'data visualization', 'deep learning', 'git', 'machine learning', 'matplotlib', 'neural network', 'nlp', 'numpy', 'pandas', 'python', 'pytorch', 'scikit', 'sql', 'statistics', 'tableau', 'tensorflow']"
2368,FITNESS,2.5,4.17,0.0,1,23,['r'],"['agile', 'aws', 'azure', 'communication', 'computer vision', 'data analysis', 'data mining', 'data visualization', 'deep learning', 'git', 'machine learning', 'matplotlib', 'neural network', 'nlp', 'numpy', 'pandas', 'python', 'pytorch', 'scikit', 'sql', 'statistics', 'tableau', 'tensorflow']"
2369,FITNESS,2.5,4.17,0.0,1,23,['r'],"['agile', 'aws', 'azure', 'communication', 'computer vision', 'data analysis', 'data mining', 'data visualization', 'deep learning', 'git', 'machine learning', 'matplotlib', 'neural network', 'nlp', 'numpy', 'pandas', 'python', 'pytorch', 'scikit', 'sql', 'statistics', 'tableau', 'tensorflow']"
2370,FITNESS,2.5,4.17,0.0,1,23,['r'],"['agile', 'aws', 'azure', 'communication', 'computer vision', 'data analysis', 'data mining', 'data visualization', 'deep learning', 'git', 'machine learning', 'matplotlib', 'neural network', 'nlp', 'numpy', 'pandas', 'python', 'pytorch', 'scikit', 'sql', 'statistics', 'tableau', 'tensorflow']"
2371,FITNESS,2.5,4.17,0.0,1,23,['r'],"['agile', 'aws', 'azure', 'communication', 'computer vision', 'data analysis', 'data mining', 'data visualization', 'deep learning', 'git', 'machine learning', 'matplotlib', 'neural network', 'nlp', 'numpy', 'pandas', 'python', 'pytorch', 'scikit', 'sql', 'statistics', 'tableau', 'tensorflow']"
2372,AGRICULTURE,2.5,4.17,0.0,1,23,['r'],"['agile', 'aws', 'azure', 'communication', 'computer vision', 'data analysis', 'data mining', 'data visualization', 'deep learning', 'git', 'machine learning', 'matplotlib', 'neural network', 'nlp', 'numpy', 'pandas', 'python', 'pytorch', 'scikit', 'sql', 'statistics', 'tableau', 'tensorflow']"
2373,AGRICULTURE,2.5,4.17,0.0,1,23,['r'],"['agile', 'aws', 'azure', 'communication', 'computer vision', 'data analysis', 'data mining', 'data visualization', 'deep learning', 'git', 'machine learning', 'matplotlib', 'neural network', 'nlp', 'numpy', 'pandas', 'python', 'pytorch', 'scikit', 'sql', 'statistics', 'tableau', 'tensorflow']"
2374,AGRICULTURE,2.5,4.17,0.0,1,23,['r'],"['agile', 'aws', 'azure', 'communication', 'computer vision', 'data analysis', 'data mining', 'data visualization', 'deep learning', 'git', 'machine learning', 'matplotlib', 'neural network', 'nlp', 'numpy', 'pandas', 'python', 'pytorch', 'scikit', 'sql', 'statistics', 'tableau', 'tensorflow']"
2375,AGRICULTURE,2.5,4.17,0.0,1,23,['r'],"['agile', 'aws', 'azure', 'communication', 'computer vision', 'data analysis', 'data mining', 'data visualization', 'deep learning', 'git', 'machine learning', 'matplotlib', 'neural network', 'nlp', 'numpy', 'pandas', 'python', 'pytorch', 'scikit', 'sql', 'statistics', 'tableau', 'tensorflow']"
2376,AGRICULTURE,2.5,4.17,0.0,1,23,['r'],"['agile', 'aws', 'azure', 'communication', 'computer vision', 'data analysis', 'data mining', 'data visualization', 'deep learning', 'git', 'machine learning', 'matplotlib', 'neural network', 'nlp', 'numpy', 'pandas', 'python', 'pytorch', 'scikit', 'sql', 'statistics', 'tableau', 'tensorflow']"
2377,AGRICULTURE,2.5,4.17,0.0,1,23,['r'],"['agile', 'aws', 'azure', 'communication', 'computer vision', 'data analysis', 'data mining', 'data visualization', 'deep learning', 'git', 'machine learning', 'matplotlib', 'neural network', 'nlp', 'numpy', 'pandas', 'python', 'pytorch', 'scikit', 'sql', 'statistics', 'tableau', 'tensorflow']"
2378,AGRICULTURE,2.5,4.17,0.0,1,23,['r'],"['agile', 'aws', 'azure', 'communication', 'computer vision', 'data analysis', 'data mining', 'data visualization', 'deep learning', 'git', 'machine learning', 'matplotlib', 'neural network', 'nlp', 'numpy', 'pandas', 'python', 'pytorch', 'scikit', 'sql', 'statistics', 'tableau', 'tensorflow']"
2379,AGRICULTURE,2.5,4.17,0.0,1,23,['r'],"['agile', 'aws', 'azure', 'communication', 'computer vision', 'data analysis', 'data mining', 'data visualization', 'deep learning', 'git', 'machine learning', 'matplotlib', 'neural network', 'nlp', 'numpy', 'pandas', 'python', 'pytorch', 'scikit', 'sql', 'statistics', 'tableau', 'tensorflow']"
2380,FITNESS,2.5,4.17,0.0,1,23,['r'],"['agile', 'aws', 'azure', 'communication', 'computer vision', 'data analysis', 'data mining', 'data visualization', 'deep learning', 'git', 'machine learning', 'matplotlib', 'neural network', 'nlp', 'numpy', 'pandas', 'python', 'pytorch', 'scikit', 'sql', 'statistics', 'tableau', 'tensorflow']"
2381,AGRICULTURE,2.5,4.17,0.0,1,23,['r'],"['agile', 'aws', 'azure', 'communication', 'computer vision', 'data analysis', 'data mining', 'data visualization', 'deep learning', 'git', 'machine learning', 'matplotlib', 'neural network', 'nlp', 'numpy', 'pandas', 'python', 'pytorch', 'scikit', 'sql', 'statistics', 'tableau', 'tensorflow']"
2382,AGRICULTURE,2.5,4.17,0.0,1,23,['r'],"['agile', 'aws', 'azure', 'communication', 'computer vision', 'data analysis', 'data mining', 'data visualization', 'deep learning', 'git', 'machine learning', 'matplotlib', 'neural network', 'nlp', 'numpy', 'pandas', 'python', 'pytorch', 'scikit', 'sql', 'statistics', 'tableau', 'tensorflow']"
2383,AGRICULTURE,2.5,4.17,0.0,1,23,['r'],"['agile', 'aws', 'azure', 'communication', 'computer vision', 'data analysis', 'data mining', 'data visualization', 'deep learning', 'git', 'machine learning', 'matplotlib', 'neural network', 'nlp', 'numpy', 'pandas', 'python', 'pytorch', 'scikit', 'sql', 'statistics', 'tableau', 'tensorflow']"
2384,AGRICULTURE,2.5,4.17,0.0,1,23,['r'],"['agile', 'aws', 'azure', 'communication', 'computer vision', 'data analysis', 'data mining', 'data visualization', 'deep learning', 'git', 'machine learning', 'matplotlib', 'neural network', 'nlp', 'numpy', 'pandas', 'python', 'pytorch', 'scikit', 'sql', 'statistics', 'tableau', 'tensorflow']"
2385,AGRICULTURE,2.5,4.17,0.0,1,23,['r'],"['agile', 'aws', 'azure', 'communication', 'computer vision', 'data analysis', 'data mining', 'data visualization', 'deep learning', 'git', 'machine learning', 'matplotlib', 'neural network', 'nlp', 'numpy', 'pandas', 'python', 'pytorch', 'scikit', 'sql', 'statistics', 'tableau', 'tensorflow']"
2386,AGRICULTURE,2.5,4.17,0.0,1,23,['r'],"['agile', 'aws', 'azure', 'communication', 'computer vision', 'data analysis', 'data mining', 'data visualization', 'deep learning', 'git', 'machine learning', 'matplotlib', 'neural network', 'nlp', 'numpy', 'pandas', 'python', 'pytorch', 'scikit', 'sql', 'statistics', 'tableau', 'tensorflow']"
2387,AGRICULTURE,2.5,4.17,0.0,1,23,['r'],"['agile', 'aws', 'azure', 'communication', 'computer vision', 'data analysis', 'data mining', 'data visualization', 'deep learning', 'git', 'machine learning', 'matplotlib', 'neural network', 'nlp', 'numpy', 'pandas', 'python', 'pytorch', 'scikit', 'sql', 'statistics', 'tableau', 'tensorflow']"
2388,AGRICULTURE,2.5,4.17,0.0,1,23,['r'],"['agile', 'aws', 'azure', 'communication', 'computer vision', 'data analysis', 'data mining', 'data visualization', 'deep learning', 'git', 'machine learning', 'matplotlib', 'neural network', 'nlp', 'numpy', 'pandas', 'python', 'pytorch', 'scikit', 'sql', 'statistics', 'tableau', 'tensorflow']"
2389,AGRICULTURE,2.5,4.17,0.0,1,23,['r'],"['agile', 'aws', 'azure', 'communication', 'computer vision', 'data analysis', 'data mining', 'data visualization', 'deep learning', 'git', 'machine learning', 'matplotlib', 'neural network', 'nlp', 'numpy', 'pandas', 'python', 'pytorch', 'scikit', 'sql', 'statistics', 'tableau', 'tensorflow']"
2390,AGRICULTURE,2.5,4.17,0.0,1,23,['r'],"['agile', 'aws', 'azure', 'communication', 'computer vision', 'data analysis', 'data mining', 'data visualization', 'deep learning', 'git', 'machine learning', 'matplotlib', 'neural network', 'nlp', 'numpy', 'pandas', 'python', 'pytorch', 'scikit', 'sql', 'statistics', 'tableau', 'tensorflow']"
2391,FITNESS,2.5,4.17,0.0,1,23,['r'],"['agile', 'aws', 'azure', 'communication', 'computer vision', 'data analysis', 'data mining', 'data visualization', 'deep learning', 'git', 'machine learning', 'matplotlib', 'neural network', 'nlp', 'numpy', 'pandas', 'python', 'pytorch', 'scikit', 'sql', 'statistics', 'tableau', 'tensorflow']"
2392,FITNESS,2.5,4.17,0.0,1,23,['r'],"['agile', 'aws', 'azure', 'communication', 'computer vision', 'data analysis', 'data mining', 'data visualization', 'deep learning', 'git', 'machine learning', 'matplotlib', 'neural network', 'nlp', 'numpy', 'pandas', 'python', 'pytorch', 'scikit', 'sql', 'statistics', 'tableau', 'tensorflow']"
2393,FITNESS,2.5,4.17,0.0,1,23,['r'],"['agile', 'aws', 'azure', 'communication', 'computer vision', 'data analysis', 'data mining', 'data visualization', 'deep learning', 'git', 'machine learning', 'matplotlib', 'neural network', 'nlp', 'numpy', 'pandas', 'python', 'pytorch', 'scikit', 'sql', 'statistics', 'tableau', 'tensorflow']"
2394,AGRICULTURE,2.5,4.17,0.0,1,23,['r'],"['agile', 'aws', 'azure', 'communication', 'computer vision', 'data analysis', 'data mining', 'data visualization', 'deep learning', 'git', 'machine learning', 'matplotlib', 'neural network', 'nlp', 'numpy', 'pandas', 'python', 'pytorch', 'scikit', 'sql', 'statistics', 'tableau', 'tensorflow']"
2395,AGRICULTURE,2.5,4.17,0.0,1,23,['r'],"['agile', 'aws', 'azure', 'communication', 'computer vision', 'data analysis', 'data mining', 'data visualization', 'deep learning', 'git', 'machine learning', 'matplotlib', 'neural network', 'nlp', 'numpy', 'pandas', 'python', 'pytorch', 'scikit', 'sql', 'statistics', 'tableau', 'tensorflow']"
2396,AGRICULTURE,2.5,4.17,0.0,1,23,['r'],"['agile', 'aws', 'azure', 'communication', 'computer vision', 'data analysis', 'data mining', 'data visualization', 'deep learning', 'git', 'machine learning', 'matplotlib', 'neural network', 'nlp', 'numpy', 'pandas', 'python', 'pytorch', 'scikit', 'sql', 'statistics', 'tableau', 'tensorflow']"
2397,AGRICULTURE,2.5,4.17,0.0,1,23,['r'],"['agile', 'aws', 'azure', 'communication', 'computer vision', 'data analysis', 'data mining', 'data visualization', 'deep learning', 'git', 'machine learning', 'matplotlib', 'neural network', 'nlp', 'numpy', 'pandas', 'python', 'pytorch', 'scikit', 'sql', 'statistics', 'tableau', 'tensorflow']"
2398,AGRICULTURE,2.5,4.17,0.0,1,23,['r'],"['agile', 'aws', 'azure', 'communication', 'computer vision', 'data analysis', 'data mining', 'data visualization', 'deep learning', 'git', 'machine learning', 'matplotlib', 'neural network', 'nlp', 'numpy', 'pandas', 'python', 'pytorch', 'scikit', 'sql', 'statistics', 'tableau', 'tensorflow']"
2399,AGRICULTURE,2.5,4.17,0.0,1,23,['r'],"['agile', 'aws', 'azure', 'communication', 'computer vision', 'data analysis', 'data mining', 'data visualization', 'deep learning', 'git', 'machine learning', 'matplotlib', 'neural network', 'nlp', 'numpy', 'pandas', 'python', 'pytorch', 'scikit', 'sql', 'statistics', 'tableau', 'tensorflow']"
2400,AGRICULTURE,2.5,4.17,0.0,1,23,['r'],"['agile', 'aws', 'azure', 'communication', 'computer vision', 'data analysis', 'data mining', 'data visualization', 'deep learning', 'git', 'machine learning', 'matplotlib', 'neural network', 'nlp', 'numpy', 'pandas', 'python', 'pytorch', 'scikit', 'sql', 'statistics', 'tableau', 'tensorflow']"
2401,AGRICULTURE,2.5,4.17,0.0,1,23,['r'],"['agile', 'aws', 'azure', 'communication', 'computer vision', 'data analysis', 'data mining', 'data visualization', 'deep learning', 'git', 'machine learning', 'matplotlib', 'neural network', 'nlp', 'numpy', 'pandas', 'python', 'pytorch', 'scikit', 'sql', 'statistics', 'tableau', 'tensorflow']"
2402,AGRICULTURE,2.5,4.17,0.0,1,23,['r'],"['agile', 'aws', 'azure', 'communication', 'computer vision', 'data analysis', 'data mining', 'data visualization', 'deep learning', 'git', 'machine learning', 'matplotlib', 'neural network', 'nlp', 'numpy', 'pandas', 'python', 'pytorch', 'scikit', 'sql', 'statistics', 'tableau', 'tensorflow']"
2403,AGRICULTURE,2.5,4.17,0.0,1,23,['r'],"['agile', 'aws', 'azure', 'communication', 'computer vision', 'data analysis', 'data mining', 'data visualization', 'deep learning', 'git', 'machine learning', 'matplotlib', 'neural network', 'nlp', 'numpy', 'pandas', 'python', 'pytorch', 'scikit', 'sql', 'statistics', 'tableau', 'tensorflow']"
2404,AGRICULTURE,2.5,4.17,0.0,1,23,['r'],"['agile', 'aws', 'azure', 'communication', 'computer vision', 'data analysis', 'data mining', 'data visualization', 'deep learning', 'git', 'machine learning', 'matplotlib', 'neural network', 'nlp', 'numpy', 'pandas', 'python', 'pytorch', 'scikit', 'sql', 'statistics', 'tableau', 'tensorflow']"
2405,AGRICULTURE,2.5,4.17,0.0,1,23,['r'],"['agile', 'aws', 'azure', 'communication', 'computer vision', 'data analysis', 'data mining', 'data visualization', 'deep learning', 'git', 'machine learning', 'matplotlib', 'neural network', 'nlp', 'numpy', 'pandas', 'python', 'pytorch', 'scikit', 'sql', 'statistics', 'tableau', 'tensorflow']"
2406,AGRICULTURE,2.5,4.17,0.0,1,23,['r'],"['agile', 'aws', 'azure', 'communication', 'computer vision', 'data analysis', 'data mining', 'data visualization', 'deep learning', 'git', 'machine learning', 'matplotlib', 'neural network', 'nlp', 'numpy', 'pandas', 'python', 'pytorch', 'scikit', 'sql', 'statistics', 'tableau', 'tensorflow']"
2407,AGRICULTURE,2.5,4.17,0.0,1,23,['r'],"['agile', 'aws', 'azure', 'communication', 'computer vision', 'data analysis', 'data mining', 'data visualization', 'deep learning', 'git', 'machine learning', 'matplotlib', 'neural network', 'nlp', 'numpy', 'pandas', 'python', 'pytorch', 'scikit', 'sql', 'statistics', 'tableau', 'tensorflow']"
2408,AGRICULTURE,2.5,4.17,0.0,1,23,['r'],"['agile', 'aws', 'azure', 'communication', 'computer vision', 'data analysis', 'data mining', 'data visualization', 'deep learning', 'git', 'machine learning', 'matplotlib', 'neural network', 'nlp', 'numpy', 'pandas', 'python', 'pytorch', 'scikit', 'sql', 'statistics', 'tableau', 'tensorflow']"
2409,AGRICULTURE,2.5,4.17,0.0,1,23,['r'],"['agile', 'aws', 'azure', 'communication', 'computer vision', 'data analysis', 'data mining', 'data visualization', 'deep learning', 'git', 'machine learning', 'matplotlib', 'neural network', 'nlp', 'numpy', 'pandas', 'python', 'pytorch', 'scikit', 'sql', 'statistics', 'tableau', 'tensorflow']"
2410,FITNESS,2.5,4.17,0.0,1,23,['r'],"['agile', 'aws', 'azure', 'communication', 'computer vision', 'data analysis', 'data mining', 'data visualization', 'deep learning', 'git', 'machine learning', 'matplotlib', 'neural network', 'nlp', 'numpy', 'pandas', 'python', 'pytorch', 'scikit', 'sql', 'statistics', 'tableau', 'tensorflow']"
2411,FITNESS,2.5,4.17,0.0,1,23,['r'],"['agile', 'aws', 'azure', 'communication', 'computer vision', 'data analysis', 'data mining', 'data visualization', 'deep learning', 'git', 'machine learning', 'matplotlib', 'neural network', 'nlp', 'numpy', 'pandas', 'python', 'pytorch', 'scikit', 'sql', 'statistics', 'tableau', 'tensorflow']"
2412,FITNESS,2.5,4.17,0.0,1,23,['r'],"['agile', 'aws', 'azure', 'communication', 'computer vision', 'data analysis', 'data mining', 'data visualization', 'deep learning', 'git', 'machine learning', 'matplotlib', 'neural network', 'nlp', 'numpy', 'pandas', 'python', 'pytorch', 'scikit', 'sql', 'statistics', 'tableau', 'tensorflow']"
2413,FITNESS,2.5,4.17,0.0,1,23,['r'],"['agile', 'aws', 'azure', 'communication', 'computer vision', 'data analysis', 'data mining', 'data visualization', 'deep learning', 'git', 'machine learning', 'matplotlib', 'neural network', 'nlp', 'numpy', 'pandas', 'python', 'pytorch', 'scikit', 'sql', 'statistics', 'tableau', 'tensorflow']"
2414,FITNESS,2.5,4.17,0.0,1,23,['r'],"['agile', 'aws', 'azure', 'communication', 'computer vision', 'data analysis', 'data mining', 'data visualization', 'deep learning', 'git', 'machine learning', 'matplotlib', 'neural network', 'nlp', 'numpy', 'pandas', 'python', 'pytorch', 'scikit', 'sql', 'statistics', 'tableau', 'tensorflow']"
2415,FITNESS,2.5,4.17,0.0,1,23,['r'],"['agile', 'aws', 'azure', 'communication', 'computer vision', 'data analysis', 'data mining', 'data visualization', 'deep learning', 'git', 'machine learning', 'matplotlib', 'neural network', 'nlp', 'numpy', 'pandas', 'python', 'pytorch', 'scikit', 'sql', 'statistics', 'tableau', 'tensorflow']"
2416,FITNESS,2.5,4.17,0.0,1,23,['r'],"['agile', 'aws', 'azure', 'communication', 'computer vision', 'data analysis', 'data mining', 'data visualization', 'deep learning', 'git', 'machine learning', 'matplotlib', 'neural network', 'nlp', 'numpy', 'pandas', 'python', 'pytorch', 'scikit', 'sql', 'statistics', 'tableau', 'tensorflow']"
2417,FITNESS,2.5,4.17,0.0,1,23,['r'],"['agile', 'aws', 'azure', 'communication', 'computer vision', 'data analysis', 'data mining', 'data visualization', 'deep learning', 'git', 'machine learning', 'matplotlib', 'neural network', 'nlp', 'numpy', 'pandas', 'python', 'pytorch', 'scikit', 'sql', 'statistics', 'tableau', 'tensorflow']"
2418,FITNESS,2.5,4.17,0.0,1,23,['r'],"['agile', 'aws', 'azure', 'communication', 'computer vision', 'data analysis', 'data mining', 'data visualization', 'deep learning', 'git', 'machine learning', 'matplotlib', 'neural network', 'nlp', 'numpy', 'pandas', 'python', 'pytorch', 'scikit', 'sql', 'statistics', 'tableau', 'tensorflow']"
2419,FITNESS,2.5,4.17,0.0,1,23,['r'],"['agile', 'aws', 'azure', 'communication', 'computer vision', 'data analysis', 'data mining', 'data visualization', 'deep learning', 'git', 'machine learning', 'matplotlib', 'neural network', 'nlp', 'numpy', 'pandas', 'python', 'pytorch', 'scikit', 'sql', 'statistics', 'tableau', 'tensorflow']"
2420,FITNESS,2.5,4.17,0.0,1,23,['r'],"['agile', 'aws', 'azure', 'communication', 'computer vision', 'data analysis', 'data mining', 'data visualization', 'deep learning', 'git', 'machine learning', 'matplotlib', 'neural network', 'nlp', 'numpy', 'pandas', 'python', 'pytorch', 'scikit', 'sql', 'statistics', 'tableau', 'tensorflow']"
2421,FITNESS,2.5,4.17,0.0,1,23,['r'],"['agile', 'aws', 'azure', 'communication', 'computer vision', 'data analysis', 'data mining', 'data visualization', 'deep learning', 'git', 'machine learning', 'matplotlib', 'neural network', 'nlp', 'numpy', 'pandas', 'python', 'pytorch', 'scikit', 'sql', 'statistics', 'tableau', 'tensorflow']"
2422,FITNESS,2.5,4.17,0.0,1,23,['r'],"['agile', 'aws', 'azure', 'communication', 'computer vision', 'data analysis', 'data mining', 'data visualization', 'deep learning', 'git', 'machine learning', 'matplotlib', 'neural network', 'nlp', 'numpy', 'pandas', 'python', 'pytorch', 'scikit', 'sql', 'statistics', 'tableau', 'tensorflow']"
2423,FITNESS,2.5,4.17,0.0,1,23,['r'],"['agile', 'aws', 'azure', 'communication', 'computer vision', 'data analysis', 'data mining', 'data visualization', 'deep learning', 'git', 'machine learning', 'matplotlib', 'neural network', 'nlp', 'numpy', 'pandas', 'python', 'pytorch', 'scikit', 'sql', 'statistics', 'tableau', 'tensorflow']"
2424,FITNESS,2.5,4.17,0.0,1,23,['r'],"['agile', 'aws', 'azure', 'communication', 'computer vision', 'data analysis', 'data mining', 'data visualization', 'deep learning', 'git', 'machine learning', 'matplotlib', 'neural network', 'nlp', 'numpy', 'pandas', 'python', 'pytorch', 'scikit', 'sql', 'statistics', 'tableau', 'tensorflow']"
2425,FITNESS,2.5,4.17,0.0,1,23,['r'],"['agile', 'aws', 'azure', 'communication', 'computer vision', 'data analysis', 'data mining', 'data visualization', 'deep learning', 'git', 'machine learning', 'matplotlib', 'neural network', 'nlp', 'numpy', 'pandas', 'python', 'pytorch', 'scikit', 'sql', 'statistics', 'tableau', 'tensorflow']"
2426,FITNESS,2.5,4.17,0.0,1,23,['r'],"['agile', 'aws', 'azure', 'communication', 'computer vision', 'data analysis', 'data mining', 'data visualization', 'deep learning', 'git', 'machine learning', 'matplotlib', 'neural network', 'nlp', 'numpy', 'pandas', 'python', 'pytorch', 'scikit', 'sql', 'statistics', 'tableau', 'tensorflow']"
2427,FITNESS,2.5,4.17,0.0,1,23,['r'],"['agile', 'aws', 'azure', 'communication', 'computer vision', 'data analysis', 'data mining', 'data visualization', 'deep learning', 'git', 'machine learning', 'matplotlib', 'neural network', 'nlp', 'numpy', 'pandas', 'python', 'pytorch', 'scikit', 'sql', 'statistics', 'tableau', 'tensorflow']"
2428,HEALTHCARE,2.5,4.17,0.0,1,23,['r'],"['agile', 'aws', 'azure', 'communication', 'computer vision', 'data analysis', 'data mining', 'data visualization', 'deep learning', 'git', 'machine learning', 'matplotlib', 'neural network', 'nlp', 'numpy', 'pandas', 'python', 'pytorch', 'scikit', 'sql', 'statistics', 'tableau', 'tensorflow']"
2429,HEALTHCARE,2.5,4.17,0.0,1,23,['r'],"['agile', 'aws', 'azure', 'communication', 'computer vision', 'data analysis', 'data mining', 'data visualization', 'deep learning', 'git', 'machine learning', 'matplotlib', 'neural network', 'nlp', 'numpy', 'pandas', 'python', 'pytorch', 'scikit', 'sql', 'statistics', 'tableau', 'tensorflow']"
2430,FITNESS,2.5,4.17,0.0,1,23,['r'],"['agile', 'aws', 'azure', 'communication', 'computer vision', 'data analysis', 'data mining', 'data visualization', 'deep learning', 'git', 'machine learning', 'matplotlib', 'neural network', 'nlp', 'numpy', 'pandas', 'python', 'pytorch', 'scikit', 'sql', 'statistics', 'tableau', 'tensorflow']"
2431,FITNESS,2.5,4.17,0.0,1,23,['r'],"['agile', 'aws', 'azure', 'communication', 'computer vision', 'data analysis', 'data mining', 'data visualization', 'deep learning', 'git', 'machine learning', 'matplotlib', 'neural network', 'nlp', 'numpy', 'pandas', 'python', 'pytorch', 'scikit', 'sql', 'statistics', 'tableau', 'tensorflow']"
2432,FITNESS,2.5,4.17,0.0,1,23,['r'],"['agile', 'aws', 'azure', 'communication', 'computer vision', 'data analysis', 'data mining', 'data visualization', 'deep learning', 'git', 'machine learning', 'matplotlib', 'neural network', 'nlp', 'numpy', 'pandas', 'python', 'pytorch', 'scikit', 'sql', 'statistics', 'tableau', 'tensorflow']"
2433,FITNESS,2.5,4.17,0.0,1,23,['r'],"['agile', 'aws', 'azure', 'communication', 'computer vision', 'data analysis', 'data mining', 'data visualization', 'deep learning', 'git', 'machine learning', 'matplotlib', 'neural network', 'nlp', 'numpy', 'pandas', 'python', 'pytorch', 'scikit', 'sql', 'statistics', 'tableau', 'tensorflow']"
2434,FITNESS,2.5,4.17,0.0,1,23,['r'],"['agile', 'aws', 'azure', 'communication', 'computer vision', 'data analysis', 'data mining', 'data visualization', 'deep learning', 'git', 'machine learning', 'matplotlib', 'neural network', 'nlp', 'numpy', 'pandas', 'python', 'pytorch', 'scikit', 'sql', 'statistics', 'tableau', 'tensorflow']"
2435,FITNESS,2.5,4.17,0.0,1,23,['r'],"['agile', 'aws', 'azure', 'communication', 'computer vision', 'data analysis', 'data mining', 'data visualization', 'deep learning', 'git', 'machine learning', 'matplotlib', 'neural network', 'nlp', 'numpy', 'pandas', 'python', 'pytorch', 'scikit', 'sql', 'statistics', 'tableau', 'tensorflow']"
2436,FITNESS,2.5,4.17,0.0,1,23,['r'],"['agile', 'aws', 'azure', 'communication', 'computer vision', 'data analysis', 'data mining', 'data visualization', 'deep learning', 'git', 'machine learning', 'matplotlib', 'neural network', 'nlp', 'numpy', 'pandas', 'python', 'pytorch', 'scikit', 'sql', 'statistics', 'tableau', 'tensorflow']"
2437,FITNESS,2.5,4.17,0.0,1,23,['r'],"['agile', 'aws', 'azure', 'communication', 'computer vision', 'data analysis', 'data mining', 'data visualization', 'deep learning', 'git', 'machine learning', 'matplotlib', 'neural network', 'nlp', 'numpy', 'pandas', 'python', 'pytorch', 'scikit', 'sql', 'statistics', 'tableau', 'tensorflow']"
2438,FITNESS,2.5,4.17,0.0,1,23,['r'],"['agile', 'aws', 'azure', 'communication', 'computer vision', 'data analysis', 'data mining', 'data visualization', 'deep learning', 'git', 'machine learning', 'matplotlib', 'neural network', 'nlp', 'numpy', 'pandas', 'python', 'pytorch', 'scikit', 'sql', 'statistics', 'tableau', 'tensorflow']"
2439,FITNESS,2.5,4.17,0.0,1,23,['r'],"['agile', 'aws', 'azure', 'communication', 'computer vision', 'data analysis', 'data mining', 'data visualization', 'deep learning', 'git', 'machine learning', 'matplotlib', 'neural network', 'nlp', 'numpy', 'pandas', 'python', 'pytorch', 'scikit', 'sql', 'statistics', 'tableau', 'tensorflow']"
2440,FITNESS,2.5,4.17,0.0,1,23,['r'],"['agile', 'aws', 'azure', 'communication', 'computer vision', 'data analysis', 'data mining', 'data visualization', 'deep learning', 'git', 'machine learning', 'matplotlib', 'neural network', 'nlp', 'numpy', 'pandas', 'python', 'pytorch', 'scikit', 'sql', 'statistics', 'tableau', 'tensorflow']"
2441,FITNESS,2.5,4.17,0.0,1,23,['r'],"['agile', 'aws', 'azure', 'communication', 'computer vision', 'data analysis', 'data mining', 'data visualization', 'deep learning', 'git', 'machine learning', 'matplotlib', 'neural network', 'nlp', 'numpy', 'pandas', 'python', 'pytorch', 'scikit', 'sql', 'statistics', 'tableau', 'tensorflow']"
2442,FITNESS,2.5,4.17,0.0,1,23,['r'],"['agile', 'aws', 'azure', 'communication', 'computer vision', 'data analysis', 'data mining', 'data visualization', 'deep learning', 'git', 'machine learning', 'matplotlib', 'neural network', 'nlp', 'numpy', 'pandas', 'python', 'pytorch', 'scikit', 'sql', 'statistics', 'tableau', 'tensorflow']"
2443,FITNESS,2.5,4.17,0.0,1,23,['r'],"['agile', 'aws', 'azure', 'communication', 'computer vision', 'data analysis', 'data mining', 'data visualization', 'deep learning', 'git', 'machine learning', 'matplotlib', 'neural network', 'nlp', 'numpy', 'pandas', 'python', 'pytorch', 'scikit', 'sql', 'statistics', 'tableau', 'tensorflow']"
2444,FITNESS,2.5,4.17,0.0,1,23,['r'],"['agile', 'aws', 'azure', 'communication', 'computer vision', 'data analysis', 'data mining', 'data visualization', 'deep learning', 'git', 'machine learning', 'matplotlib', 'neural network', 'nlp', 'numpy', 'pandas', 'python', 'pytorch', 'scikit', 'sql', 'statistics', 'tableau', 'tensorflow']"
2445,FITNESS,2.5,4.17,0.0,1,23,['r'],"['agile', 'aws', 'azure', 'communication', 'computer vision', 'data analysis', 'data mining', 'data visualization', 'deep learning', 'git', 'machine learning', 'matplotlib', 'neural network', 'nlp', 'numpy', 'pandas', 'python', 'pytorch', 'scikit', 'sql', 'statistics', 'tableau', 'tensorflow']"
2446,FITNESS,2.5,4.17,0.0,1,23,['r'],"['agile', 'aws', 'azure', 'communication', 'computer vision', 'data analysis', 'data mining', 'data visualization', 'deep learning', 'git', 'machine learning', 'matplotlib', 'neural network', 'nlp', 'numpy', 'pandas', 'python', 'pytorch', 'scikit', 'sql', 'statistics', 'tableau', 'tensorflow']"
2447,FITNESS,2.5,4.17,0.0,1,23,['r'],"['agile', 'aws', 'azure', 'communication', 'computer vision', 'data analysis', 'data mining', 'data visualization', 'deep learning', 'git', 'machine learning', 'matplotlib', 'neural network', 'nlp', 'numpy', 'pandas', 'python', 'pytorch', 'scikit', 'sql', 'statistics', 'tableau', 'tensorflow']"
2448,FITNESS,2.5,4.17,0.0,1,23,['r'],"['agile', 'aws', 'azure', 'communication', 'computer vision', 'data analysis', 'data mining', 'data visualization', 'deep learning', 'git', 'machine learning', 'matplotlib', 'neural network', 'nlp', 'numpy', 'pandas', 'python', 'pytorch', 'scikit', 'sql', 'statistics', 'tableau', 'tensorflow']"
2449,FITNESS,2.5,4.17,0.0,1,23,['r'],"['agile', 'aws', 'azure', 'communication', 'computer vision', 'data analysis', 'data mining', 'data visualization', 'deep learning', 'git', 'machine learning', 'matplotlib', 'neural network', 'nlp', 'numpy', 'pandas', 'python', 'pytorch', 'scikit', 'sql', 'statistics', 'tableau', 'tensorflow']"
2450,FITNESS,2.5,4.17,0.0,1,23,['r'],"['agile', 'aws', 'azure', 'communication', 'computer vision', 'data analysis', 'data mining', 'data visualization', 'deep learning', 'git', 'machine learning', 'matplotlib', 'neural network', 'nlp', 'numpy', 'pandas', 'python', 'pytorch', 'scikit', 'sql', 'statistics', 'tableau', 'tensorflow']"
2451,FITNESS,2.5,4.17,0.0,1,23,['r'],"['agile', 'aws', 'azure', 'communication', 'computer vision', 'data analysis', 'data mining', 'data visualization', 'deep learning', 'git', 'machine learning', 'matplotlib', 'neural network', 'nlp', 'numpy', 'pandas', 'python', 'pytorch', 'scikit', 'sql', 'statistics', 'tableau', 'tensorflow']"
2452,FITNESS,2.5,4.17,0.0,1,23,['r'],"['agile', 'aws', 'azure', 'communication', 'computer vision', 'data analysis', 'data mining', 'data visualization', 'deep learning', 'git', 'machine learning', 'matplotlib', 'neural network', 'nlp', 'numpy', 'pandas', 'python', 'pytorch', 'scikit', 'sql', 'statistics', 'tableau', 'tensorflow']"
2453,FITNESS,2.5,4.17,0.0,1,23,['r'],"['agile', 'aws', 'azure', 'communication', 'computer vision', 'data analysis', 'data mining', 'data visualization', 'deep learning', 'git', 'machine learning', 'matplotlib', 'neural network', 'nlp', 'numpy', 'pandas', 'python', 'pytorch', 'scikit', 'sql', 'statistics', 'tableau', 'tensorflow']"
2454,FITNESS,2.5,4.17,0.0,1,23,['r'],"['agile', 'aws', 'azure', 'communication', 'computer vision', 'data analysis', 'data mining', 'data visualization', 'deep learning', 'git', 'machine learning', 'matplotlib', 'neural network', 'nlp', 'numpy', 'pandas', 'python', 'pytorch', 'scikit', 'sql', 'statistics', 'tableau', 'tensorflow']"
2455,FITNESS,2.5,4.17,0.0,1,23,['r'],"['agile', 'aws', 'azure', 'communication', 'computer vision', 'data analysis', 'data mining', 'data visualization', 'deep learning', 'git', 'machine learning', 'matplotlib', 'neural network', 'nlp', 'numpy', 'pandas', 'python', 'pytorch', 'scikit', 'sql', 'statistics', 'tableau', 'tensorflow']"
2456,FITNESS,2.5,4.17,0.0,1,23,['r'],"['agile', 'aws', 'azure', 'communication', 'computer vision', 'data analysis', 'data mining', 'data visualization', 'deep learning', 'git', 'machine learning', 'matplotlib', 'neural network', 'nlp', 'numpy', 'pandas', 'python', 'pytorch', 'scikit', 'sql', 'statistics', 'tableau', 'tensorflow']"
2457,FITNESS,2.5,4.17,0.0,1,23,['r'],"['agile', 'aws', 'azure', 'communication', 'computer vision', 'data analysis', 'data mining', 'data visualization', 'deep learning', 'git', 'machine learning', 'matplotlib', 'neural network', 'nlp', 'numpy', 'pandas', 'python', 'pytorch', 'scikit', 'sql', 'statistics', 'tableau', 'tensorflow']"
2458,FITNESS,2.5,4.17,0.0,1,23,['r'],"['agile', 'aws', 'azure', 'communication', 'computer vision', 'data analysis', 'data mining', 'data visualization', 'deep learning', 'git', 'machine learning', 'matplotlib', 'neural network', 'nlp', 'numpy', 'pandas', 'python', 'pytorch', 'scikit', 'sql', 'statistics', 'tableau', 'tensorflow']"
2459,FITNESS,2.5,4.17,0.0,1,23,['r'],"['agile', 'aws', 'azure', 'communication', 'computer vision', 'data analysis', 'data mining', 'data visualization', 'deep learning', 'git', 'machine learning', 'matplotlib', 'neural network', 'nlp', 'numpy', 'pandas', 'python', 'pytorch', 'scikit', 'sql', 'statistics', 'tableau', 'tensorflow']"
2460,FITNESS,2.5,4.17,0.0,1,23,['r'],"['agile', 'aws', 'azure', 'communication', 'computer vision', 'data analysis', 'data mining', 'data visualization', 'deep learning', 'git', 'machine learning', 'matplotlib', 'neural network', 'nlp', 'numpy', 'pandas', 'python', 'pytorch', 'scikit', 'sql', 'statistics', 'tableau', 'tensorflow']"
2461,FITNESS,2.5,4.17,0.0,1,23,['r'],"['agile', 'aws', 'azure', 'communication', 'computer vision', 'data analysis', 'data mining', 'data visualization', 'deep learning', 'git', 'machine learning', 'matplotlib', 'neural network', 'nlp', 'numpy', 'pandas', 'python', 'pytorch', 'scikit', 'sql', 'statistics', 'tableau', 'tensorflow']"
2462,FITNESS,2.5,4.17,0.0,1,23,['r'],"['agile', 'aws', 'azure', 'communication', 'computer vision', 'data analysis', 'data mining', 'data visualization', 'deep learning', 'git', 'machine learning', 'matplotlib', 'neural network', 'nlp', 'numpy', 'pandas', 'python', 'pytorch', 'scikit', 'sql', 'statistics', 'tableau', 'tensorflow']"
2463,FITNESS,2.5,4.17,0.0,1,23,['r'],"['agile', 'aws', 'azure', 'communication', 'computer vision', 'data analysis', 'data mining', 'data visualization', 'deep learning', 'git', 'machine learning', 'matplotlib', 'neural network', 'nlp', 'numpy', 'pandas', 'python', 'pytorch', 'scikit', 'sql', 'statistics', 'tableau', 'tensorflow']"
2464,FITNESS,2.5,4.17,0.0,1,23,['r'],"['agile', 'aws', 'azure', 'communication', 'computer vision', 'data analysis', 'data mining', 'data visualization', 'deep learning', 'git', 'machine learning', 'matplotlib', 'neural network', 'nlp', 'numpy', 'pandas', 'python', 'pytorch', 'scikit', 'sql', 'statistics', 'tableau', 'tensorflow']"
2465,FITNESS,2.5,4.17,0.0,1,23,['r'],"['agile', 'aws', 'azure', 'communication', 'computer vision', 'data analysis', 'data mining', 'data visualization', 'deep learning', 'git', 'machine learning', 'matplotlib', 'neural network', 'nlp', 'numpy', 'pandas', 'python', 'pytorch', 'scikit', 'sql', 'statistics', 'tableau', 'tensorflow']"
2466,FITNESS,2.5,4.17,0.0,1,23,['r'],"['agile', 'aws', 'azure', 'communication', 'computer vision', 'data analysis', 'data mining', 'data visualization', 'deep learning', 'git', 'machine learning', 'matplotlib', 'neural network', 'nlp', 'numpy', 'pandas', 'python', 'pytorch', 'scikit', 'sql', 'statistics', 'tableau', 'tensorflow']"
2467,FITNESS,2.5,4.17,0.0,1,23,['r'],"['agile', 'aws', 'azure', 'communication', 'computer vision', 'data analysis', 'data mining', 'data visualization', 'deep learning', 'git', 'machine learning', 'matplotlib', 'neural network', 'nlp', 'numpy', 'pandas', 'python', 'pytorch', 'scikit', 'sql', 'statistics', 'tableau', 'tensorflow']"
2468,FITNESS,2.5,4.17,0.0,1,23,['r'],"['agile', 'aws', 'azure', 'communication', 'computer vision', 'data analysis', 'data mining', 'data visualization', 'deep learning', 'git', 'machine learning', 'matplotlib', 'neural network', 'nlp', 'numpy', 'pandas', 'python', 'pytorch', 'scikit', 'sql', 'statistics', 'tableau', 'tensorflow']"
2469,FITNESS,2.5,4.17,0.0,1,23,['r'],"['agile', 'aws', 'azure', 'communication', 'computer vision', 'data analysis', 'data mining', 'data visualization', 'deep learning', 'git', 'machine learning', 'matplotlib', 'neural network', 'nlp', 'numpy', 'pandas', 'python', 'pytorch', 'scikit', 'sql', 'statistics', 'tableau', 'tensorflow']"
2470,FITNESS,2.5,4.17,0.0,1,23,['r'],"['agile', 'aws', 'azure', 'communication', 'computer vision', 'data analysis', 'data mining', 'data visualization', 'deep learning', 'git', 'machine learning', 'matplotlib', 'neural network', 'nlp', 'numpy', 'pandas', 'python', 'pytorch', 'scikit', 'sql', 'statistics', 'tableau', 'tensorflow']"
2471,FITNESS,2.5,4.17,0.0,1,23,['r'],"['agile', 'aws', 'azure', 'communication', 'computer vision', 'data analysis', 'data mining', 'data visualization', 'deep learning', 'git', 'machine learning', 'matplotlib', 'neural network', 'nlp', 'numpy', 'pandas', 'python', 'pytorch', 'scikit', 'sql', 'statistics', 'tableau', 'tensorflow']"
2472,FITNESS,2.5,4.17,0.0,1,23,['r'],"['agile', 'aws', 'azure', 'communication', 'computer vision', 'data analysis', 'data mining', 'data visualization', 'deep learning', 'git', 'machine learning', 'matplotlib', 'neural network', 'nlp', 'numpy', 'pandas', 'python', 'pytorch', 'scikit', 'sql', 'statistics', 'tableau', 'tensorflow']"
2473,FITNESS,2.5,4.17,0.0,1,23,['r'],"['agile', 'aws', 'azure', 'communication', 'computer vision', 'data analysis', 'data mining', 'data visualization', 'deep learning', 'git', 'machine learning', 'matplotlib', 'neural network', 'nlp', 'numpy', 'pandas', 'python', 'pytorch', 'scikit', 'sql', 'statistics', 'tableau', 'tensorflow']"
2474,FITNESS,2.5,4.17,0.0,1,23,['r'],"['agile', 'aws', 'azure', 'communication', 'computer vision', 'data analysis', 'data mining', 'data visualization', 'deep learning', 'git', 'machine learning', 'matplotlib', 'neural network', 'nlp', 'numpy', 'pandas', 'python', 'pytorch', 'scikit', 'sql', 'statistics', 'tableau', 'tensorflow']"
2475,FITNESS,2.5,4.17,0.0,1,23,['r'],"['agile', 'aws', 'azure', 'communication', 'computer vision', 'data analysis', 'data mining', 'data visualization', 'deep learning', 'git', 'machine learning', 'matplotlib', 'neural network', 'nlp', 'numpy', 'pandas', 'python', 'pytorch', 'scikit', 'sql', 'statistics', 'tableau', 'tensorflow']"
2476,FITNESS,2.5,4.17,0.0,1,23,['r'],"['agile', 'aws', 'azure', 'communication', 'computer vision', 'data analysis', 'data mining', 'data visualization', 'deep learning', 'git', 'machine learning', 'matplotlib', 'neural network', 'nlp', 'numpy', 'pandas', 'python', 'pytorch', 'scikit', 'sql', 'statistics', 'tableau', 'tensorflow']"
2477,FITNESS,2.5,4.17,0.0,1,23,['r'],"['agile', 'aws', 'azure', 'communication', 'computer vision', 'data analysis', 'data mining', 'data visualization', 'deep learning', 'git', 'machine learning', 'matplotlib', 'neural network', 'nlp', 'numpy', 'pandas', 'python', 'pytorch', 'scikit', 'sql', 'statistics', 'tableau', 'tensorflow']"
2478,FITNESS,2.5,4.17,0.0,1,23,['r'],"['agile', 'aws', 'azure', 'communication', 'computer vision', 'data analysis', 'data mining', 'data visualization', 'deep learning', 'git', 'machine learning', 'matplotlib', 'neural network', 'nlp', 'numpy', 'pandas', 'python', 'pytorch', 'scikit', 'sql', 'statistics', 'tableau', 'tensorflow']"
2479,FITNESS,2.5,4.17,0.0,1,23,['r'],"['agile', 'aws', 'azure', 'communication', 'computer vision', 'data analysis', 'data mining', 'data visualization', 'deep learning', 'git', 'machine learning', 'matplotlib', 'neural network', 'nlp', 'numpy', 'pandas', 'python', 'pytorch', 'scikit', 'sql', 'statistics', 'tableau', 'tensorflow']"
2480,FITNESS,2.5,4.17,0.0,1,23,['r'],"['agile', 'aws', 'azure', 'communication', 'computer vision', 'data analysis', 'data mining', 'data visualization', 'deep learning', 'git', 'machine learning', 'matplotlib', 'neural network', 'nlp', 'numpy', 'pandas', 'python', 'pytorch', 'scikit', 'sql', 'statistics', 'tableau', 'tensorflow']"
2481,FITNESS,2.5,4.17,0.0,1,23,['r'],"['agile', 'aws', 'azure', 'communication', 'computer vision', 'data analysis', 'data mining', 'data visualization', 'deep learning', 'git', 'machine learning', 'matplotlib', 'neural network', 'nlp', 'numpy', 'pandas', 'python', 'pytorch', 'scikit', 'sql', 'statistics', 'tableau', 'tensorflow']"
2482,FITNESS,2.5,4.17,0.0,1,23,['r'],"['agile', 'aws', 'azure', 'communication', 'computer vision', 'data analysis', 'data mining', 'data visualization', 'deep learning', 'git', 'machine learning', 'matplotlib', 'neural network', 'nlp', 'numpy', 'pandas', 'python', 'pytorch', 'scikit', 'sql', 'statistics', 'tableau', 'tensorflow']"
2483,FITNESS,2.5,4.17,0.0,1,23,['r'],"['agile', 'aws', 'azure', 'communication', 'computer vision', 'data analysis', 'data mining', 'data visualization', 'deep learning', 'git', 'machine learning', 'matplotlib', 'neural network', 'nlp', 'numpy', 'pandas', 'python', 'pytorch', 'scikit', 'sql', 'statistics', 'tableau', 'tensorflow']"
2484,FITNESS,2.5,4.17,0.0,1,23,['r'],"['agile', 'aws', 'azure', 'communication', 'computer vision', 'data analysis', 'data mining', 'data visualization', 'deep learning', 'git', 'machine learning', 'matplotlib', 'neural network', 'nlp', 'numpy', 'pandas', 'python', 'pytorch', 'scikit', 'sql', 'statistics', 'tableau', 'tensorflow']"
